#0 building with "default" instance using docker driver

#1 [internal] load build definition from Dockerfile.test
#1 transferring dockerfile: 3.65kB done
#1 DONE 0.0s

#2 [internal] load metadata for docker.io/library/rust:1.92-bookworm@sha256:e90e846de4124376164ddfbaab4b0774c7bdeef5e738866295e5a90a34a307a2
#2 DONE 0.0s

#3 [ 1/12] FROM docker.io/library/rust:1.92-bookworm@sha256:e90e846de4124376164ddfbaab4b0774c7bdeef5e738866295e5a90a34a307a2
#3 resolve docker.io/library/rust:1.92-bookworm@sha256:e90e846de4124376164ddfbaab4b0774c7bdeef5e738866295e5a90a34a307a2 0.0s done
#3 DONE 0.0s

#4 [internal] load build context
#4 transferring context: 28.18kB 0.0s done
#4 DONE 0.0s

#5 [ 3/12] WORKDIR /workspace
#5 CACHED

#6 [ 4/12] COPY rust-controller ./rust-controller
#6 CACHED

#7 [ 2/12] RUN apt-get update -qq && apt-get install -y --no-install-recommends ansible-core=2.14.18-0+deb12u2 python3-psycopg2=2.9.5-1+b1 procps curl && rm -rf /var/lib/apt/lists/*
#7 CACHED

#8 [ 5/12] COPY autopilot-proxmox/playbooks/_test_long_sleep.yml ./autopilot-proxmox/playbooks/_test_long_sleep.yml
#8 CACHED

#9 [ 6/12] RUN cargo build --locked --manifest-path rust-controller/Cargo.toml --workspace --examples --release && cargo build --locked --manifest-path rust-controller/Cargo.toml -p controller-service --release && cargo test --locked --manifest-path rust-controller/Cargo.toml --workspace --all-features --no-run
#9 0.436     Updating crates.io index
#9 2.628  Downloading crates ...
#9 2.713   Downloaded base64ct v1.8.3
#9 2.725   Downloaded cfg_aliases v0.2.2
#9 2.729   Downloaded futures-core v0.3.33
#9 2.733   Downloaded byteorder v1.5.0
#9 2.736   Downloaded idna_adapter v1.2.2
#9 2.737   Downloaded atomic-waker v1.1.2
#9 2.738   Downloaded rand_xorshift v0.4.0
#9 2.739   Downloaded num-iter v0.1.46
#9 2.740   Downloaded cpufeatures v0.2.17
#9 2.742   Downloaded itoa v1.0.18
#9 2.744   Downloaded fastrand v2.5.0
#9 2.745   Downloaded home v0.5.12
#9 2.746   Downloaded dotenvy v0.15.7
#9 2.748   Downloaded pin-project-lite v0.2.17
#9 2.754   Downloaded want v0.3.1
#9 2.755   Downloaded foldhash v0.1.5
#9 2.756   Downloaded lock_api v0.4.14
#9 2.758   Downloaded webpki-roots v0.26.11
#9 2.760   Downloaded ipnet v2.12.1
#9 2.762   Downloaded zerofrom-derive v0.1.7
#9 2.763   Downloaded zerofrom v0.1.8
#9 2.764   Downloaded whoami v1.6.1
#9 2.766   Downloaded tinyvec_macros v0.1.1
#9 2.768   Downloaded log v0.4.34
#9 2.771   Downloaded writeable v0.6.4
#9 2.773   Downloaded yoke v0.8.3
#9 2.775   Downloaded zeroize v1.9.0
#9 2.777   Downloaded stable_deref_trait v1.2.1
#9 2.778   Downloaded zerovec-derive v0.11.6
#9 2.780   Downloaded zmij v1.0.23
#9 2.781   Downloaded tower-layer v0.3.3
#9 2.782   Downloaded der v0.7.10
#9 2.787   Downloaded untrusted v0.9.0
#9 2.788   Downloaded indexmap v2.14.1
#9 2.791   Downloaded icu_properties v2.3.0
#9 2.793   Downloaded hyper-util v0.1.20
#9 2.797   Downloaded http v1.5.0
#9 2.800   Downloaded parking v2.2.1
#9 2.801   Downloaded mio v1.2.2
#9 2.805   Downloaded utf8_iter v1.0.4
#9 2.805   Downloaded num-bigint-dig v0.8.6
#9 2.808   Downloaded memchr v2.8.3
#9 2.812   Downloaded rustc-hash v2.1.3
#9 2.813   Downloaded serde_urlencoded v0.7.1
#9 2.814   Downloaded icu_collections v2.3.0
#9 2.818   Downloaded version_check v0.9.5
#9 2.820   Downloaded wait-timeout v0.2.1
#9 2.822   Downloaded zerovec v0.11.8
#9 2.826   Downloaded quinn-udp v0.5.14
#9 2.828   Downloaded tokio-stream v0.1.18
#9 2.832   Downloaded unicode-properties v0.1.4
#9 2.834   Downloaded webpki-roots v1.0.9
#9 2.837   Downloaded pkcs1 v0.7.5
#9 2.839   Downloaded spin v0.9.9
#9 2.841   Downloaded zerocopy v0.8.56
#9 2.855   Downloaded uuid v1.26.0
#9 2.857   Downloaded tracing-core v0.1.36
#9 2.860   Downloaded serde_derive v1.0.229
#9 2.862   Downloaded tokio-rustls v0.26.4
#9 2.863   Downloaded sqlx-mysql v0.8.6
#9 2.867   Downloaded url v2.5.8
#9 2.870   Downloaded rand v0.8.8
#9 2.872   Downloaded rsa v0.9.10
#9 2.876   Downloaded sqlx-sqlite v0.8.6
#9 2.880   Downloaded typenum v1.20.1
#9 2.883   Downloaded tower v0.5.3
#9 2.889   Downloaded unicode-normalization v0.1.25
#9 2.892   Downloaded sqlx-postgres v0.8.6
#9 2.898   Downloaded sqlx-core v0.8.6
#9 2.904   Downloaded tower-http v0.6.11
#9 2.910   Downloaded sqlx v0.8.6
#9 2.919   Downloaded proptest v1.11.0
#9 2.926   Downloaded serde_json v1.0.151
#9 2.931   Downloaded reqwest v0.12.28
#9 2.936   Downloaded vcpkg v0.2.15
#9 2.962   Downloaded libc v0.2.189
#9 2.988   Downloaded quinn-proto v0.11.15
#9 2.993   Downloaded syn v2.0.119
#9 3.000   Downloaded syn v3.0.4
#9 3.007   Downloaded regex-syntax v0.8.11
#9 3.013   Downloaded icu_normalizer v2.3.0
#9 3.022   Downloaded rustls v0.23.43
#9 3.029   Downloaded rustix v1.1.4
#9 3.044   Downloaded rand v0.9.5
#9 3.047   Downloaded serde v1.0.229
#9 3.049   Downloaded rustls-webpki v0.103.14
#9 3.051   Downloaded tracing v0.1.44
#9 3.062   Downloaded quinn v0.11.9
#9 3.064   Downloaded tinyvec v1.12.0
#9 3.066   Downloaded proc-macro2 v1.0.107
#9 3.068   Downloaded parking_lot v0.12.5
#9 3.069   Downloaded num-traits v0.2.19
#9 3.071   Downloaded unicode-ident v1.0.24
#9 3.073   Downloaded unicode-bidi v0.3.18
#9 3.074   Downloaded tempfile v3.27.0
#9 3.076   Downloaded socket2 v0.6.5
#9 3.077   Downloaded serde_core v1.0.229
#9 3.079   Downloaded ryu v1.0.23
#9 3.081   Downloaded pkg-config v0.3.34
#9 3.082   Downloaded once_cell v1.21.4
#9 3.083   Downloaded chrono v0.4.45
#9 3.088   Downloaded parking_lot_core v0.9.12
#9 3.089   Downloaded spki v0.7.3
#9 3.090   Downloaded smallvec v1.15.2
#9 3.091   Downloaded rustls-pki-types v1.15.1
#9 3.093   Downloaded pkcs8 v0.10.2
#9 3.094   Downloaded libm v0.2.16
#9 3.100   Downloaded icu_properties_data v2.3.0
#9 3.106   Downloaded hyper v1.11.0
#9 3.111   Downloaded hkdf v0.12.4
#9 3.113   Downloaded tokio v1.53.1
#9 3.139   Downloaded hashbrown v0.17.1
#9 3.142   Downloaded hashbrown v0.15.5
#9 3.146   Downloaded futures-util v0.3.33
#9 3.153   Downloaded axum v0.8.9
#9 3.158   Downloaded zerotrie v0.2.5
#9 3.161   Downloaded tracing-attributes v0.1.31
#9 3.162   Downloaded tinystr v0.8.4
#9 3.163   Downloaded thiserror v2.0.20
#9 3.166   Downloaded stringprep v0.1.5
#9 3.168   Downloaded slab v0.4.12
#9 3.168   Downloaded sha2 v0.10.9
#9 3.170   Downloaded rusty-fork v0.3.1
#9 3.171   Downloaded quote v1.0.47
#9 3.172   Downloaded ppv-lite86 v0.2.21
#9 3.173   Downloaded pem-rfc7468 v0.7.0
#9 3.174   Downloaded idna v1.1.0
#9 3.177   Downloaded unarray v0.1.4
#9 3.178   Downloaded thiserror-impl v2.0.20
#9 3.179   Downloaded synstructure v0.13.2
#9 3.179   Downloaded sync_wrapper v1.0.2
#9 3.180   Downloaded subtle v2.6.1
#9 3.181   Downloaded sqlx-macros-core v0.8.6
#9 3.182   Downloaded sqlx-macros v0.8.6
#9 3.183   Downloaded signature v2.2.0
#9 3.184   Downloaded shlex v2.0.1
#9 3.184   Downloaded serde_path_to_error v0.1.20
#9 3.185   Downloaded scopeguard v1.2.0
#9 3.186   Downloaded rand_core v0.6.4
#9 3.187   Downloaded quick-error v1.2.3
#9 3.188   Downloaded futures-intrusive v0.5.0
#9 3.191   Downloaded rand_chacha v0.3.1
#9 3.191   Downloaded icu_normalizer_data v2.3.0
#9 3.193   Downloaded icu_locale_core v2.3.0
#9 3.197   Downloaded ring v0.17.14
#9 3.226   Downloaded bytes v1.12.1
#9 3.229   Downloaded try-lock v0.2.5
#9 3.229   Downloaded tower-service v0.3.3
#9 3.230   Downloaded potential_utf v0.1.6
#9 3.231   Downloaded flume v0.11.1
#9 3.233   Downloaded rand_core v0.9.5
#9 3.234   Downloaded litemap v0.8.3
#9 3.235   Downloaded getrandom v0.4.3
#9 3.237   Downloaded getrandom v0.3.4
#9 3.239   Downloaded linux-raw-sys v0.12.1
#9 3.288   Downloaded find-msvc-tools v0.1.11
#9 3.289   Downloaded digest v0.10.7
#9 3.290   Downloaded sha1 v0.10.7
#9 3.291   Downloaded percent-encoding v2.3.2
#9 3.291   Downloaded icu_provider v2.3.1
#9 3.293   Downloaded event-listener v5.4.1
#9 3.294   Downloaded allocator-api2 v0.2.21
#9 3.296   Downloaded tokio-macros v2.7.2
#9 3.297   Downloaded crossbeam-utils v0.8.22
#9 3.298   Downloaded yoke-derive v0.8.2
#9 3.299   Downloaded matchit v0.8.4
#9 3.300   Downloaded iana-time-zone v0.1.65
#9 3.302   Downloaded httparse v1.10.1
#9 3.303   Downloaded hmac v0.12.1
#9 3.305   Downloaded getrandom v0.2.17
#9 3.306   Downloaded futures-channel v0.3.33
#9 3.307   Downloaded anyhow v1.0.104
#9 3.310   Downloaded rand_chacha v0.9.0
#9 3.310   Downloaded hyper-rustls v0.27.9
#9 3.311   Downloaded hashlink v0.10.0
#9 3.312   Downloaded either v1.18.0
#9 3.313   Downloaded displaydoc v0.2.7
#9 3.314   Downloaded const-oid v0.9.6
#9 3.316   Downloaded concurrent-queue v2.5.0
#9 3.317   Downloaded bit-vec v0.8.0
#9 3.317   Downloaded async-trait v0.1.89
#9 3.319   Downloaded signal-hook-registry v1.4.8
#9 3.320   Downloaded num-integer v0.1.47
#9 3.321   Downloaded mime v0.3.17
#9 3.322   Downloaded md-5 v0.10.6
#9 3.323   Downloaded lazy_static v1.5.0
#9 3.324   Downloaded http-body-util v0.1.4
#9 3.325   Downloaded futures-executor v0.3.32
#9 3.326   Downloaded lru-slab v0.1.2
#9 3.326   Downloaded http-body v1.1.0
#9 3.327   Downloaded hex v0.4.3
#9 3.328   Downloaded generic-array v0.14.7
#9 3.328   Downloaded futures-sink v0.3.33
#9 3.329   Downloaded crc-catalog v2.4.0
#9 3.330   Downloaded autocfg v1.5.1
#9 3.331   Downloaded crypto-common v0.1.7
#9 3.331   Downloaded httpdate v1.0.3
#9 3.332   Downloaded heck v0.5.0
#9 3.333   Downloaded futures-io v0.3.33
#9 3.333   Downloaded errno v0.3.14
#9 3.334   Downloaded equivalent v1.0.2
#9 3.335   Downloaded crossbeam-queue v0.3.12
#9 3.335   Downloaded crc v3.4.0
#9 3.336   Downloaded futures-task v0.3.33
#9 3.337   Downloaded base64 v0.22.1
#9 3.339   Downloaded axum-core v0.5.6
#9 3.340   Downloaded form_urlencoded v1.2.2
#9 3.341   Downloaded fnv v1.0.7
#9 3.341   Downloaded cfg-if v1.0.4
#9 3.342   Downloaded bit-set v0.8.0
#9 3.343   Downloaded block-buffer v0.10.4
#9 3.343   Downloaded bitflags v2.13.1
#9 3.346   Downloaded atoi v2.0.0
#9 3.347   Downloaded libsqlite3-sys v0.30.1
#9 3.418   Downloaded cc v1.4.4
#9 3.544    Compiling proc-macro2 v1.0.107
#9 3.545    Compiling quote v1.0.47
#9 3.545    Compiling unicode-ident v1.0.24
#9 4.033    Compiling libc v0.2.189
#9 4.341    Compiling cfg-if v1.0.4
#9 4.536    Compiling serde_core v1.0.229
#9 6.258    Compiling serde v1.0.229
#9 6.990    Compiling syn v3.0.4
#9 7.005    Compiling syn v2.0.119
#9 7.829    Compiling itoa v1.0.18
#9 8.933    Compiling pin-project-lite v0.2.17
#9 9.327    Compiling stable_deref_trait v1.2.1
#9 9.572    Compiling once_cell v1.21.4
#9 10.33    Compiling serde_derive v1.0.229
#9 10.63    Compiling synstructure v0.13.2
#9 10.66    Compiling bytes v1.12.1
#9 11.67    Compiling zerofrom-derive v0.1.7
#9 12.46    Compiling yoke-derive v0.8.2
#9 13.02    Compiling zerofrom v0.1.8
#9 13.49    Compiling parking_lot_core v0.9.12
#9 13.75    Compiling smallvec v1.15.2
#9 14.15    Compiling yoke v0.8.3
#9 14.27    Compiling futures-core v0.3.33
#9 15.77    Compiling zerovec-derive v0.11.6
#9 15.80    Compiling version_check v0.9.5
#9 16.23    Compiling scopeguard v1.2.0
#9 16.78    Compiling lock_api v0.4.14
#9 16.84    Compiling generic-array v0.14.7
#9 17.62    Compiling zerovec v0.11.8
#9 17.69    Compiling displaydoc v0.2.7
#9 19.08    Compiling subtle v2.6.1
#9 19.14    Compiling parking_lot v0.12.5
#9 19.44    Compiling errno v0.3.14
#9 19.76    Compiling typenum v1.20.1
#9 20.39    Compiling memchr v2.8.3
#9 21.41    Compiling signal-hook-registry v1.4.8
#9 22.31    Compiling tokio-macros v2.7.2
#9 22.91    Compiling mio v1.2.2
#9 23.23    Compiling socket2 v0.6.5
#9 23.68    Compiling find-msvc-tools v0.1.11
#9 24.55    Compiling getrandom v0.4.3
#9 24.67    Compiling shlex v2.0.1
#9 25.22    Compiling tokio v1.53.1
#9 25.24    Compiling tinystr v0.8.4
#9 25.43    Compiling cc v1.4.4
#9 26.18    Compiling getrandom v0.2.17
#9 27.19    Compiling futures-sink v0.3.33
#9 27.47    Compiling writeable v0.6.4
#9 27.62    Compiling autocfg v1.5.1
#9 28.63    Compiling litemap v0.8.3
#9 28.73    Compiling num-traits v0.2.19
#9 29.24    Compiling ring v0.17.14
#9 29.60    Compiling icu_locale_core v2.3.0
#9 31.36    Compiling crypto-common v0.1.7
#9 31.97    Compiling block-buffer v0.10.4
#9 32.70    Compiling zerotrie v0.2.5
#9 33.17    Compiling potential_utf v0.1.6
#9 34.18    Compiling tracing-attributes v0.1.31
#9 34.19    Compiling tracing-core v0.1.36
#9 35.55    Compiling icu_normalizer_data v2.3.0
#9 35.73    Compiling percent-encoding v2.3.2
#9 36.11    Compiling icu_properties_data v2.3.0
#9 36.23    Compiling zmij v1.0.23
#9 36.66    Compiling log v0.4.34
#9 36.94    Compiling zeroize v1.9.0
#9 36.97    Compiling utf8_iter v1.0.4
#9 37.76    Compiling rustls-pki-types v1.15.1
#9 37.84    Compiling icu_collections v2.3.0
#9 37.86    Compiling tracing v0.1.44
#9 39.43    Compiling icu_provider v2.3.1
#9 39.68    Compiling digest v0.10.7
#9 40.97    Compiling futures-task v0.3.33
#9 41.17    Compiling futures-io v0.3.33
#9 41.80    Compiling serde_json v1.0.151
#9 42.14    Compiling slab v0.4.12
#9 42.95    Compiling futures-util v0.3.33
#9 45.53    Compiling http v1.5.0
#9 45.81    Compiling untrusted v0.9.0
#9 46.45    Compiling thiserror v2.0.20
#9 47.59    Compiling http-body v1.1.0
#9 48.35    Compiling icu_properties v2.3.0
#9 50.63    Compiling icu_normalizer v2.3.0
#9 51.56    Compiling form_urlencoded v1.2.2
#9 52.79    Compiling thiserror-impl v2.0.20
#9 52.91    Compiling bitflags v2.13.1
#9 54.23    Compiling rustls v0.23.43
#9 54.38    Compiling base64 v0.22.1
#9 54.74    Compiling rustls-webpki v0.103.14
#9 55.00    Compiling idna_adapter v1.2.2
#9 55.50    Compiling uuid v1.26.0
#9 55.94    Compiling futures-channel v0.3.33
#9 56.92    Compiling cpufeatures v0.2.17
#9 57.12    Compiling zerocopy v0.8.56
#9 57.33    Compiling tower-service v0.3.3
#9 57.74    Compiling iana-time-zone v0.1.65
#9 58.03    Compiling httparse v1.10.1
#9 58.18    Compiling sha2 v0.10.9
#9 58.94    Compiling chrono v0.4.45
#9 60.12    Compiling idna v1.1.0
#9 62.99    Compiling webpki-roots v1.0.9
#9 63.12    Compiling crossbeam-utils v0.8.22
#9 63.33    Compiling try-lock v0.2.5
#9 63.91    Compiling want v0.3.1
#9 63.92    Compiling url v2.5.8
#9 67.05    Compiling sync_wrapper v1.0.2
#9 67.51    Compiling tower-layer v0.3.3
#9 68.22    Compiling httpdate v1.0.3
#9 69.07    Compiling atomic-waker v1.1.2
#9 69.58    Compiling hex v0.4.3
#9 69.87    Compiling hyper v1.11.0
#9 70.58    Compiling ppv-lite86 v0.2.21
#9 72.95    Compiling equivalent v1.0.2
#9 73.20    Compiling ipnet v2.12.1
#9 73.28    Compiling tower v0.5.3
#9 74.17    Compiling hyper-util v0.1.20
#9 74.79    Compiling controller-domain v0.1.0 (/workspace/rust-controller/crates/controller-domain)
#9 75.32    Compiling http-body-util v0.1.4
#9 77.17    Compiling ryu v1.0.23
#9 77.25    Compiling foldhash v0.1.5
#9 78.48    Compiling allocator-api2 v0.2.21
#9 78.54    Compiling tinyvec_macros v0.1.1
#9 78.74    Compiling tinyvec v1.12.0
#9 79.10    Compiling serde_urlencoded v0.7.1
#9 79.74    Compiling hashbrown v0.15.5
#9 79.85    Compiling event-journal v0.1.0 (/workspace/rust-controller/crates/event-journal)
#9 80.32    Compiling concurrent-queue v2.5.0
#9 81.38    Compiling tokio-rustls v0.26.4
#9 81.45    Compiling rand_core v0.6.4
#9 82.35    Compiling parking v2.2.1
#9 82.73    Compiling hashbrown v0.17.1
#9 82.73    Compiling crc-catalog v2.4.0
#9 83.05    Compiling crc v3.4.0
#9 83.38    Compiling event-listener v5.4.1
#9 83.66    Compiling hyper-rustls v0.27.9
#9 84.47    Compiling indexmap v2.14.1
#9 84.62    Compiling rand_chacha v0.3.1
#9 85.54    Compiling hashlink v0.10.0
#9 86.09    Compiling unicode-normalization v0.1.25
#9 86.28    Compiling tower-http v0.6.11
#9 86.43    Compiling crossbeam-queue v0.3.12
#9 87.11    Compiling webpki-roots v0.26.11
#9 87.31    Compiling hmac v0.12.1
#9 87.59    Compiling tokio-stream v0.1.18
#9 88.01    Compiling futures-intrusive v0.5.0
#9 88.32    Compiling either v1.18.0
#9 89.06    Compiling unicode-properties v0.1.4
#9 89.28    Compiling unicode-bidi v0.3.18
#9 89.54    Compiling sqlx-core v0.8.6
#9 89.95    Compiling hkdf v0.12.4
#9 90.65    Compiling stringprep v0.1.5
#9 91.52    Compiling reqwest v0.12.28
#9 93.41    Compiling rand v0.8.8
#9 94.41    Compiling atoi v2.0.0
#9 94.98    Compiling md-5 v0.10.6
#9 95.17    Compiling async-trait v0.1.89
#9 95.68    Compiling whoami v1.6.1
#9 96.43    Compiling byteorder v1.5.0
#9 97.19    Compiling rustix v1.1.4
#9 97.23    Compiling dotenvy v0.15.7
#9 98.02    Compiling home v0.5.12
#9 98.82    Compiling sqlx-postgres v0.8.6
#9 99.76    Compiling pve-port v0.1.0 (/workspace/rust-controller/crates/pve-port)
#9 102.7    Compiling artifact-index v0.1.0 (/workspace/rust-controller/crates/artifact-index)
#9 104.5    Compiling getrandom v0.3.4
#9 105.3    Compiling linux-raw-sys v0.12.1
#9 109.2    Compiling osdeploy-adapter v0.1.0 (/workspace/rust-controller/crates/osdeploy-adapter)
#9 115.3    Compiling sqlx v0.8.6
#9 115.5    Compiling fastrand v2.5.0
#9 116.7    Compiling tempfile v3.27.0
#9 117.4    Compiling postgres-store v0.1.0 (/workspace/rust-controller/crates/postgres-store)
#9 119.7    Compiling rand_core v0.9.5
#9 119.8    Compiling anyhow v1.0.104
#9 120.6    Compiling mime v0.3.17
#9 121.2    Compiling scheduler v0.1.0 (/workspace/rust-controller/crates/scheduler)
#9 121.4    Compiling axum-core v0.5.6
#9 122.1    Compiling api-compat v0.1.0 (/workspace/rust-controller/crates/api-compat)
#9 124.2    Compiling serde_path_to_error v0.1.20
#9 125.6    Compiling wait-timeout v0.2.1
#9 125.9    Compiling matchit v0.8.4
#9 127.1    Compiling quick-error v1.2.3
#9 127.5    Compiling bit-vec v0.8.0
#9 127.6    Compiling controller-service v0.1.0 (/workspace/rust-controller/crates/controller-service)
#9 127.9    Compiling fnv v1.0.7
#9 128.3    Compiling rusty-fork v0.3.1
#9 128.3    Compiling bit-set v0.8.0
#9 128.7    Compiling axum v0.8.9
#9 129.1    Compiling ansible-adapter v0.1.0 (/workspace/rust-controller/crates/ansible-adapter)
#9 132.0    Compiling rand_chacha v0.9.0
#9 133.2    Compiling rand_xorshift v0.4.0
#9 134.0    Compiling rand v0.9.5
#9 134.5    Compiling regex-syntax v0.8.11
#9 135.4    Compiling unarray v0.1.4
#9 136.0    Compiling operation-controller v0.1.0 (/workspace/rust-controller/crates/operation-controller)
#9 140.2    Compiling proptest v1.11.0
#9 157.6     Finished `release` profile [optimized] target(s) in 2m 37s
#9 158.0    Compiling tokio v1.53.1
#9 161.3    Compiling hyper v1.11.0
#9 161.3    Compiling tower v0.5.3
#9 162.8    Compiling hyper-util v0.1.20
#9 165.6    Compiling tokio-rustls v0.26.4
#9 166.4    Compiling hyper-rustls v0.27.9
#9 166.4    Compiling tower-http v0.6.11
#9 167.2    Compiling tokio-stream v0.1.18
#9 168.0    Compiling reqwest v0.12.28
#9 168.2    Compiling sqlx-core v0.8.6
#9 168.5    Compiling axum v0.8.9
#9 173.0    Compiling sqlx-postgres v0.8.6
#9 174.2    Compiling pve-port v0.1.0 (/workspace/rust-controller/crates/pve-port)
#9 179.0    Compiling osdeploy-adapter v0.1.0 (/workspace/rust-controller/crates/osdeploy-adapter)
#9 184.8    Compiling sqlx v0.8.6
#9 185.0    Compiling postgres-store v0.1.0 (/workspace/rust-controller/crates/postgres-store)
#9 191.5    Compiling scheduler v0.1.0 (/workspace/rust-controller/crates/scheduler)
#9 191.7    Compiling ansible-adapter v0.1.0 (/workspace/rust-controller/crates/ansible-adapter)
#9 198.4    Compiling controller-service v0.1.0 (/workspace/rust-controller/crates/controller-service)
#9 209.1     Finished `release` profile [optimized] target(s) in 51.37s
#9 209.6    Compiling proc-macro2 v1.0.107
#9 209.6    Compiling quote v1.0.47
#9 209.6    Compiling unicode-ident v1.0.24
#9 210.1    Compiling libc v0.2.189
#9 210.4    Compiling cfg-if v1.0.4
#9 210.6    Compiling serde_core v1.0.229
#9 212.4    Compiling serde v1.0.229
#9 213.0    Compiling syn v3.0.4
#9 213.2    Compiling itoa v1.0.18
#9 213.5    Compiling syn v2.0.119
#9 213.9    Compiling version_check v0.9.5
#9 214.7    Compiling memchr v2.8.3
#9 216.0    Compiling generic-array v0.14.7
#9 216.2    Compiling serde_derive v1.0.229
#9 216.6    Compiling subtle v2.6.1
#9 217.0    Compiling getrandom v0.4.3
#9 217.2    Compiling typenum v1.20.1
#9 217.7    Compiling autocfg v1.5.1
#9 218.6    Compiling num-traits v0.2.19
#9 219.1    Compiling zmij v1.0.23
#9 219.9    Compiling serde_json v1.0.151
#9 220.5    Compiling crypto-common v0.1.7
#9 220.8    Compiling block-buffer v0.10.4
#9 221.0    Compiling synstructure v0.13.2
#9 221.3    Compiling once_cell v1.21.4
#9 221.4    Compiling thiserror v2.0.20
#9 222.1    Compiling digest v0.10.7
#9 222.6    Compiling smallvec v1.15.2
#9 222.8    Compiling thiserror-impl v2.0.20
#9 223.4    Compiling zerofrom-derive v0.1.7
#9 223.8    Compiling uuid v1.26.0
#9 224.7    Compiling yoke-derive v0.8.2
#9 224.8    Compiling zerofrom v0.1.8
#9 225.0    Compiling pin-project-lite v0.2.17
#9 225.2    Compiling stable_deref_trait v1.2.1
#9 225.3    Compiling bytes v1.12.1
#9 225.4    Compiling parking_lot_core v0.9.12
#9 226.1    Compiling yoke v0.8.3
#9 226.1    Compiling cpufeatures v0.2.17
#9 226.4    Compiling futures-core v0.3.33
#9 226.6    Compiling iana-time-zone v0.1.65
#9 226.8    Compiling sha2 v0.10.9
#9 227.1    Compiling zerovec-derive v0.11.6
#9 227.4    Compiling chrono v0.4.45
#9 227.7    Compiling scopeguard v1.2.0
#9 228.1    Compiling lock_api v0.4.14
#9 228.5    Compiling zerovec v0.11.8
#9 229.3    Compiling displaydoc v0.2.7
#9 229.6    Compiling hex v0.4.3
#9 229.7    Compiling parking_lot v0.12.5
#9 230.4    Compiling controller-domain v0.1.0 (/workspace/rust-controller/crates/controller-domain)
#9 230.5    Compiling errno v0.3.14
#9 230.7    Compiling tokio-macros v2.7.2
#9 231.2    Compiling signal-hook-registry v1.4.8
#9 231.6    Compiling socket2 v0.6.5
#9 231.9    Compiling mio v1.2.2
#9 232.2    Compiling find-msvc-tools v0.1.11
#9 232.8    Compiling shlex v2.0.1
#9 233.0    Compiling tokio v1.53.1
#9 233.1    Compiling tinystr v0.8.4
#9 233.5    Compiling cc v1.4.4
#9 233.8    Compiling getrandom v0.2.17
#9 234.7    Compiling futures-sink v0.3.33
#9 235.0    Compiling bitflags v2.13.1
#9 235.2    Compiling writeable v0.6.4
#9 235.9    Compiling litemap v0.8.3
#9 236.1    Compiling ring v0.17.14
#9 236.7    Compiling icu_locale_core v2.3.0
#9 237.1    Compiling event-journal v0.1.0 (/workspace/rust-controller/crates/event-journal)
#9 237.9    Compiling zerotrie v0.2.5
#9 238.3    Compiling potential_utf v0.1.6
#9 238.4    Compiling tracing-core v0.1.36
#9 238.9    Compiling tracing-attributes v0.1.31
#9 239.0    Compiling icu_properties_data v2.3.0
#9 239.5    Compiling utf8_iter v1.0.4
#9 239.6    Compiling log v0.4.34
#9 240.2    Compiling base64 v0.22.1
#9 240.4    Compiling icu_normalizer_data v2.3.0
#9 240.4    Compiling percent-encoding v2.3.2
#9 240.9    Compiling zeroize v1.9.0
#9 241.2    Compiling tracing v0.1.44
#9 241.2    Compiling icu_collections v2.3.0
#9 241.7    Compiling rustls-pki-types v1.15.1
#9 242.1    Compiling icu_provider v2.3.1
#9 242.8    Compiling slab v0.4.12
#9 243.2    Compiling futures-task v0.3.33
#9 243.5    Compiling futures-io v0.3.33
#9 244.1    Compiling futures-util v0.3.33
#9 244.3    Compiling http v1.5.0
#9 245.9    Compiling untrusted v0.9.0
#9 246.5    Compiling http-body v1.1.0
#9 246.6    Compiling icu_normalizer v2.3.0
#9 247.2    Compiling icu_properties v2.3.0
#9 247.8    Compiling form_urlencoded v1.2.2
#9 248.6    Compiling rustls v0.23.43
#9 248.8    Compiling idna_adapter v1.2.2
#9 249.0    Compiling futures-channel v0.3.33
#9 249.3    Compiling tower-service v0.3.3
#9 249.7    Compiling rustls-webpki v0.103.14
#9 249.8    Compiling httparse v1.10.1
#9 250.3    Compiling idna v1.1.0
#9 250.7    Compiling webpki-roots v1.0.9
#9 251.3    Compiling try-lock v0.2.5
#9 251.6    Compiling url v2.5.8
#9 251.9    Compiling want v0.3.1
#9 253.0    Compiling sync_wrapper v1.0.2
#9 253.4    Compiling httpdate v1.0.3
#9 253.5    Compiling atomic-waker v1.1.2
#9 254.1    Compiling tower-layer v0.3.3
#9 254.2    Compiling hyper v1.11.0
#9 254.7    Compiling ipnet v2.12.1
#9 255.4    Compiling tower v0.5.3
#9 255.8    Compiling hyper-util v0.1.20
#9 256.1    Compiling http-body-util v0.1.4
#9 256.5    Compiling ryu v1.0.23
#9 257.9    Compiling tokio-rustls v0.26.4
#9 258.2    Compiling serde_urlencoded v0.7.1
#9 258.9    Compiling tower-http v0.6.11
#9 259.2    Compiling hyper-rustls v0.27.9
#9 259.6    Compiling async-trait v0.1.89
#9 260.1    Compiling reqwest v0.12.28
#9 260.3    Compiling artifact-index v0.1.0 (/workspace/rust-controller/crates/artifact-index)
#9 261.1    Compiling zerocopy v0.8.56
#9 261.7    Compiling crossbeam-utils v0.8.22
#9 262.2    Compiling pve-port v0.1.0 (/workspace/rust-controller/crates/pve-port)
#9 265.6    Compiling equivalent v1.0.2
#9 265.9    Compiling ppv-lite86 v0.2.21
#9 266.0    Compiling foldhash v0.1.5
#9 266.7    Compiling allocator-api2 v0.2.21
#9 266.7    Compiling tinyvec_macros v0.1.1
#9 266.9    Compiling tinyvec v1.12.0
#9 267.7    Compiling hashbrown v0.15.5
#9 267.8    Compiling concurrent-queue v2.5.0
#9 268.6    Compiling rand_core v0.6.4
#9 269.0    Compiling crc-catalog v2.4.0
#9 269.3    Compiling parking v2.2.1
#9 269.5    Compiling hashbrown v0.17.1
#9 270.0    Compiling event-listener v5.4.1
#9 270.7    Compiling indexmap v2.14.1
#9 270.9    Compiling rand_chacha v0.3.1
#9 271.8    Compiling osdeploy-adapter v0.1.0 (/workspace/rust-controller/crates/osdeploy-adapter)
#9 271.9    Compiling crc v3.4.0
#9 272.5    Compiling hashlink v0.10.0
#9 273.2    Compiling unicode-normalization v0.1.25
#9 274.0    Compiling crossbeam-queue v0.3.12
#9 274.2    Compiling webpki-roots v0.26.11
#9 274.4    Compiling tokio-stream v0.1.18
#9 274.7    Compiling futures-intrusive v0.5.0
#9 275.4    Compiling hmac v0.12.1
#9 275.7    Compiling either v1.18.0
#9 276.0    Compiling unicode-bidi v0.3.18
#9 276.5    Compiling unicode-properties v0.1.4
#9 277.1    Compiling stringprep v0.1.5
#9 277.2    Compiling sqlx-core v0.8.6
#9 277.7    Compiling hkdf v0.12.4
#9 278.2    Compiling rand v0.8.8
#9 278.3    Compiling md-5 v0.10.6
#9 278.8    Compiling atoi v2.0.0
#9 279.4    Compiling home v0.5.12
#9 279.4    Compiling dotenvy v0.15.7
#9 280.0    Compiling byteorder v1.5.0
#9 280.0    Compiling whoami v1.6.1
#9 280.4    Compiling rustix v1.1.4
#9 280.7    Compiling linux-raw-sys v0.12.1
#9 281.0    Compiling sqlx-postgres v0.8.6
#9 281.5    Compiling fastrand v2.5.0
#9 282.3    Compiling getrandom v0.3.4
#9 283.8    Compiling tempfile v3.27.0
#9 284.0    Compiling rand_core v0.9.5
#9 284.8    Compiling sqlx v0.8.6
#9 284.9    Compiling wait-timeout v0.2.1
#9 285.0    Compiling postgres-store v0.1.0 (/workspace/rust-controller/crates/postgres-store)
#9 285.8    Compiling bit-vec v0.8.0
#9 286.6    Compiling fnv v1.0.7
#9 286.7    Compiling quick-error v1.2.3
#9 286.9    Compiling bit-set v0.8.0
#9 287.0    Compiling rusty-fork v0.3.1
#9 287.6    Compiling rand_xorshift v0.4.0
#9 288.1    Compiling rand v0.9.5
#9 288.2    Compiling rand_chacha v0.9.0
#9 289.1    Compiling scheduler v0.1.0 (/workspace/rust-controller/crates/scheduler)
#9 289.2    Compiling api-compat v0.1.0 (/workspace/rust-controller/crates/api-compat)
#9 289.3    Compiling regex-syntax v0.8.11
#9 290.4    Compiling unarray v0.1.4
#9 290.9    Compiling ansible-adapter v0.1.0 (/workspace/rust-controller/crates/ansible-adapter)
#9 291.0    Compiling proptest v1.11.0
#9 291.8    Compiling operation-controller v0.1.0 (/workspace/rust-controller/crates/operation-controller)
#9 293.5    Compiling mime v0.3.17
#9 293.7    Compiling anyhow v1.0.104
#9 294.4    Compiling axum-core v0.5.6
#9 294.4    Compiling serde_path_to_error v0.1.20
#9 294.9    Compiling matchit v0.8.4
#9 295.3    Compiling controller-service v0.1.0 (/workspace/rust-controller/crates/controller-service)
#9 295.9    Compiling axum v0.8.9
#9 387.3     Finished `test` profile [unoptimized + debuginfo] target(s) in 2m 57s
#9 387.3   Executable unittests src/lib.rs (rust-controller/target/debug/deps/ansible_adapter-9aec5c876a7b3330)
#9 387.3   Executable tests/allowlist.rs (rust-controller/target/debug/deps/allowlist-fb25581e23d06979)
#9 387.3   Executable tests/binding.rs (rust-controller/target/debug/deps/binding-eb0bd050487df8af)
#9 387.3   Executable tests/native.rs (rust-controller/target/debug/deps/native-f7f58ed47aa26461)
#9 387.3   Executable unittests src/lib.rs (rust-controller/target/debug/deps/api_compat-31ca7cd01adb4e72)
#9 387.3   Executable tests/callback_contract.rs (rust-controller/target/debug/deps/callback_contract-32d6957fc317bbca)
#9 387.3   Executable unittests src/lib.rs (rust-controller/target/debug/deps/artifact_index-63818e4721638896)
#9 387.3   Executable tests/bytes.rs (rust-controller/target/debug/deps/bytes-4d858471b5558cc3)
#9 387.3   Executable tests/descriptor.rs (rust-controller/target/debug/deps/descriptor-3213f32ddee71c19)
#9 387.3   Executable tests/export_gate.rs (rust-controller/target/debug/deps/export_gate-1f5a980ce5cb096b)
#9 387.3   Executable unittests src/lib.rs (rust-controller/target/debug/deps/controller_domain-4a5e0650162472e6)
#9 387.3   Executable unittests src/main.rs (rust-controller/target/debug/deps/controller_service-d42bbcfe93986d9c)
#9 387.3   Executable tests/service.rs (rust-controller/target/debug/deps/service-4b6f9dd95c8448e1)
#9 387.3   Executable unittests src/lib.rs (rust-controller/target/debug/deps/event_journal-3faae7ed719e660b)
#9 387.3   Executable unittests src/lib.rs (rust-controller/target/debug/deps/operation_controller-a56ac3001055507f)
#9 387.3   Executable tests/decision.rs (rust-controller/target/debug/deps/decision-3d2625aaf780ad6b)
#9 387.3   Executable tests/postgres_fixture_clone.rs (rust-controller/target/debug/deps/postgres_fixture_clone-bc49dc5348fb8e83)
#9 387.3   Executable tests/postgres_fixture_workers.rs (rust-controller/target/debug/deps/postgres_fixture_workers-724ff5b2b62c4038)
#9 387.3   Executable tests/postgres_native.rs (rust-controller/target/debug/deps/postgres_native-2ca5713cfc05285b)
#9 387.3   Executable tests/postgres_osdeploy.rs (rust-controller/target/debug/deps/postgres_osdeploy-bab755d8cb46ada5)
#9 387.3   Executable unittests src/lib.rs (rust-controller/target/debug/deps/osdeploy_adapter-9aeb308c34072bab)
#9 387.3   Executable tests/disk_boot_boundary.rs (rust-controller/target/debug/deps/disk_boot_boundary-2d302eb5d02a9b05)
#9 387.3   Executable tests/guest_action.rs (rust-controller/target/debug/deps/guest_action-36429deb92ac1622)
#9 387.3   Executable tests/heartbeat_boundary.rs (rust-controller/target/debug/deps/heartbeat_boundary-b8a8bbbd8510b33a)
#9 387.3   Executable tests/input_values.rs (rust-controller/target/debug/deps/input_values-f7c1786984b23ac1)
#9 387.3   Executable tests/install_agent_boundary.rs (rust-controller/target/debug/deps/install_agent_boundary-ee4e2feb1a2b4c06)
#9 387.3   Executable tests/install_qga_boundary.rs (rust-controller/target/debug/deps/install_qga_boundary-2a07cc1142aa309a)
#9 387.3   Executable tests/operational_boundary.rs (rust-controller/target/debug/deps/operational_boundary-67bcffdbce45d20a)
#9 387.3   Executable tests/pe_complete_boundary.rs (rust-controller/target/debug/deps/pe_complete_boundary-c06e65b8e3f5a2c7)
#9 387.3   Executable tests/pe_register_authority.rs (rust-controller/target/debug/deps/pe_register_authority-35c2df9bfa03f12e)
#9 387.3   Executable tests/pe_register_callback.rs (rust-controller/target/debug/deps/pe_register_callback-eb873658b4584499)
#9 387.3   Executable tests/pe_registration_precision.rs (rust-controller/target/debug/deps/pe_registration_precision-1d528b825728d574)
#9 387.3   Executable tests/pe_shutdown_boundary.rs (rust-controller/target/debug/deps/pe_shutdown_boundary-434ce3e254febe84)
#9 387.3   Executable tests/plan.rs (rust-controller/target/debug/deps/plan-6f464d857dd9a903)
#9 387.3   Executable tests/provisioning.rs (rust-controller/target/debug/deps/provisioning-cd8af899984ebfd5)
#9 387.3   Executable tests/restore.rs (rust-controller/target/debug/deps/restore-e8e96cb56f0a2172)
#9 387.3   Executable tests/stages.rs (rust-controller/target/debug/deps/stages-abcdde2bc608ae67)
#9 387.3   Executable tests/start_pe_arming.rs (rust-controller/target/debug/deps/start_pe_arming-78842bef505a4a89)
#9 387.3   Executable tests/verify_qga_boundary.rs (rust-controller/target/debug/deps/verify_qga_boundary-2775ba81d4c617c2)
#9 387.3   Executable tests/watchdog_boundary.rs (rust-controller/target/debug/deps/watchdog_boundary-495db04d132a7e21)
#9 387.3   Executable unittests src/lib.rs (rust-controller/target/debug/deps/postgres_store-dbf5d13d25332c93)
#9 387.3   Executable tests/docker_fixture_storage.rs (rust-controller/target/debug/deps/docker_fixture_storage-8461ae2adb156a78)
#9 387.3   Executable tests/native.rs (rust-controller/target/debug/deps/native-ca75a7d774420f51)
#9 387.3   Executable tests/osdeploy_durability.rs (rust-controller/target/debug/deps/osdeploy_durability-b1f9412be2bec2a3)
#9 387.3   Executable tests/osdeploy_permit_seam.rs (rust-controller/target/debug/deps/osdeploy_permit_seam-03d7ea817b9c7389)
#9 387.3   Executable tests/osdeploy_registration.rs (rust-controller/target/debug/deps/osdeploy_registration-5a6ca176f6c6b9c6)
#9 387.3   Executable tests/pe_register_result_gate.rs (rust-controller/target/debug/deps/pe_register_result_gate-5869a2005040cd55)
#9 387.3   Executable tests/pe_register_result_transaction.rs (rust-controller/target/debug/deps/pe_register_result_transaction-3ae892a81f024646)
#9 387.3   Executable tests/postgres.rs (rust-controller/target/debug/deps/postgres-e3b4a38248b7da46)
#9 387.3   Executable tests/start_pe_arming_gate.rs (rust-controller/target/debug/deps/start_pe_arming_gate-c2d99dc19f7c0e7f)
#9 387.3   Executable unittests src/lib.rs (rust-controller/target/debug/deps/pve_port-29f3ce4605601174)
#9 387.3   Executable tests/credentials.rs (rust-controller/target/debug/deps/credentials-4b491f5b0efaddf9)
#9 387.3   Executable tests/durable_fixture_log.rs (rust-controller/target/debug/deps/durable_fixture_log-b0e28dc796062326)
#9 387.3   Executable tests/fixture_checkpoint.rs (rust-controller/target/debug/deps/fixture_checkpoint-7254fb5d44ef758a)
#9 387.3   Executable tests/fixture_clone_contract.rs (rust-controller/target/debug/deps/fixture_clone_contract-ea3f286db3660290)
#9 387.3   Executable tests/fixture_controller_admission.rs (rust-controller/target/debug/deps/fixture_controller_admission-2b45551172cd07cc)
#9 387.3   Executable tests/fixture_daemon.rs (rust-controller/target/debug/deps/fixture_daemon-4d9736399065d6d1)
#9 387.3   Executable tests/fixture_inventory_projection.rs (rust-controller/target/debug/deps/fixture_inventory_projection-2c911ee126afbf30)
#9 387.3   Executable tests/fixture_inventory_v2.rs (rust-controller/target/debug/deps/fixture_inventory_v2-38ebcd7d9dc5855c)
#9 387.3   Executable tests/fixture_legacy_resize.rs (rust-controller/target/debug/deps/fixture_legacy_resize-a12806eb420d1da2)
#9 387.3   Executable tests/fixture_post_dispatch.rs (rust-controller/target/debug/deps/fixture_post_dispatch-5a1601779f1f887b)
#9 387.3   Executable tests/fixture_provisioning_reads.rs (rust-controller/target/debug/deps/fixture_provisioning_reads-a9a5b734db1730f1)
#9 387.3   Executable tests/fixture_read_client.rs (rust-controller/target/debug/deps/fixture_read_client-b4abd5067afffe3b)
#9 387.3   Executable tests/fixture_stage.rs (rust-controller/target/debug/deps/fixture_stage-007820741669bb51)
#9 387.3   Executable tests/fixture_stage_consumers.rs (rust-controller/target/debug/deps/fixture_stage_consumers-79048fecc2c193cd)
#9 387.3   Executable tests/fixture_task.rs (rust-controller/target/debug/deps/fixture_task-e43cedc3e1ef27e4)
#9 387.3   Executable tests/infrastructure_visibility.rs (rust-controller/target/debug/deps/infrastructure_visibility-bf6a51b110b76f2e)
#9 387.3   Executable tests/infrastructure_visibility_http.rs (rust-controller/target/debug/deps/infrastructure_visibility_http-79949864dae062a4)
#9 387.3   Executable tests/native_contract.rs (rust-controller/target/debug/deps/native_contract-9e3c6284301fef72)
#9 387.3   Executable tests/network_deny.rs (rust-controller/target/debug/deps/network_deny-204fbaa42fb8d3fb)
#9 387.3   Executable tests/preflight.rs (rust-controller/target/debug/deps/preflight-8797e35a8e45362f)
#9 387.3   Executable tests/provisioning_config.rs (rust-controller/target/debug/deps/provisioning_config-30af1c404130d5b4)
#9 387.3   Executable tests/provisioning_evaluation.rs (rust-controller/target/debug/deps/provisioning_evaluation-0efc1f307cd4260f)
#9 387.3   Executable tests/provisioning_expectations.rs (rust-controller/target/debug/deps/provisioning_expectations-90c7a208b3f32198)
#9 387.3   Executable tests/provisioning_fake.rs (rust-controller/target/debug/deps/provisioning_fake-d82c0735fe363a62)
#9 387.3   Executable tests/provisioning_requests.rs (rust-controller/target/debug/deps/provisioning_requests-99420e591684bf5a)
#9 387.3   Executable tests/visibility.rs (rust-controller/target/debug/deps/visibility-3a59ed8e79dd8e7e)
#9 387.3   Executable tests/visibility_http.rs (rust-controller/target/debug/deps/visibility_http-791b7346dcf1dea4)
#9 387.3   Executable unittests src/lib.rs (rust-controller/target/debug/deps/scheduler-e4743bfd4d9c390c)
#9 387.3   Executable tests/postgres.rs (rust-controller/target/debug/deps/postgres-4cb9b69eda1ceb1e)
#9 DONE 388.1s

#10 [ 7/12] RUN cargo test --offline --locked --manifest-path rust-controller/Cargo.toml -p pve-port && cargo test --offline --locked --manifest-path rust-controller/Cargo.toml -p operation-controller --test decision && cargo test --offline --locked --manifest-path rust-controller/Cargo.toml -p operation-controller --test postgres_native support:: -- --test-threads=1
#10 0.754    Compiling smallvec v1.15.2
#10 0.755    Compiling serde_core v1.0.229
#10 0.756    Compiling serde v1.0.229
#10 1.561    Compiling parking_lot_core v0.9.12
#10 1.657    Compiling getrandom v0.2.17
#10 2.547    Compiling parking_lot v0.12.5
#10 2.566    Compiling futures-task v0.3.33
#10 3.334    Compiling tokio v1.53.1
#10 3.643    Compiling slab v0.4.12
#10 3.958    Compiling ring v0.17.14
#10 4.305    Compiling futures-util v0.3.33
#10 6.365    Compiling icu_normalizer v2.3.0
#10 7.297    Compiling num-traits v0.2.19
#10 7.647    Compiling idna_adapter v1.2.2
#10 7.829    Compiling rustls-webpki v0.103.14
#10 8.197    Compiling futures-channel v0.3.33
#10 8.447    Compiling serde_json v1.0.151
#10 8.949    Compiling rustls v0.23.43
#10 9.050    Compiling hyper v1.11.0
#10 9.389    Compiling tracing v0.1.44
#10 10.25    Compiling idna v1.1.0
#10 11.24    Compiling memchr v2.8.3
#10 11.56    Compiling tower v0.5.3
#10 12.66    Compiling tokio-rustls v0.26.4
#10 13.43    Compiling hyper-util v0.1.20
#10 13.44    Compiling digest v0.10.7
#10 14.14    Compiling uuid v1.26.0
#10 15.17    Compiling url v2.5.8
#10 15.28    Compiling bitflags v2.13.1
#10 15.34    Compiling sha2 v0.10.9
#10 16.07    Compiling chrono v0.4.45
#10 16.34    Compiling tower-http v0.6.11
#10 16.60    Compiling serde_urlencoded v0.7.1
#10 17.41    Compiling hyper-rustls v0.27.9
#10 17.42    Compiling controller-domain v0.1.0 (/workspace/rust-controller/crates/controller-domain)
#10 18.13    Compiling reqwest v0.12.28
#10 18.36    Compiling event-journal v0.1.0 (/workspace/rust-controller/crates/event-journal)
#10 19.60    Compiling pve-port v0.1.0 (/workspace/rust-controller/crates/pve-port)
#10 39.97     Finished `test` profile [unoptimized + debuginfo] target(s) in 39.53s
#10 39.99      Running unittests src/lib.rs (rust-controller/target/debug/deps/pve_port-d1b92ee1217d95f3)
#10 40.00 
#10 40.00 running 25 tests
#10 40.02 test tests::clone_intent_rejects_a_upid_for_another_node ... ok
#10 40.03 test observer::boundary_tests::credential_denial_precedes_client_build_for_every_denied_mode ... ok
#10 40.03 test observer::boundary_tests::denied_production_target_never_reaches_client_builder ... ok
#10 40.09 test tests::contradictory_uuid_or_mac_is_never_identity_satisfied ... ok
#10 40.24 test tests::http_401_and_403_are_unauthorized_without_response_payloads ... ok
#10 40.25 test tests::combined_http_observation_evaluates_fresh_facts_after_collection ... ok
#10 40.25 test tests::identifiers_and_base_urls_reject_unsafe_or_ambiguous_values ... ok
#10 40.26 test tests::http_404_and_409_remain_distinct_read_errors ... ok
#10 40.26 test tests::late_upid_completion_is_a_new_fact_without_replaying_requests ... ok
#10 40.27 
#10 40.27 running 1 test
#10 40.27 test tests::injected_evaluation_clock_runs_after_http_collection_and_rejects_old_or_future_facts ... ok
#10 40.27 test tests::not_found_and_conflict_are_unavailable_observations ... ok
#10 40.53 test tests::observer_never_follows_a_redirect_hop ... ok
#10 40.53 test tests::old_observations_are_stale ... ok
#10 40.54 test tests::qga_ping_uses_the_typed_post_observation_endpoint ... ok
#10 40.55 test tests::redirect_to_production_is_rejected_without_a_production_attempt ... ok
#10 40.56 test tests::loopback_target_never_uses_proxy_environment ... ok
#10 40.56 
#10 40.56 test result: ok. 1 passed; 0 failed; 0 ignored; 0 measured; 24 filtered out; finished in 0.29s
#10 40.56 
#10 40.57 test tests::loopback_target_never_uses_proxy_environment ... ok
#10 40.58 test tests::sanitized_upid_fixture_decodes_as_completed_task ... ok
#10 40.58 test tests::sanitized_upid_fixture_decodes_as_failed_task ... ok
#10 40.58 test tests::stopped_failure_is_distinct_from_a_running_task ... ok
#10 40.58 test tests::task_status_rejects_route_node_mismatch_before_a_request ... ok
#10 40.58 test tests::timeout_is_timed_out_not_failed ... ok
#10 40.58 test tests::upid_requires_the_documented_proxmox_field_shape ... ok
#10 40.59 test tests::upid_success_is_not_vm_postcondition ... ok
#10 40.66 test tests::retryable_protocol_response_has_at_most_one_wire_attempt ... ok
#10 40.73 test tests::delayed_loopback_response_maps_to_timeout ... ok
#10 40.73 
#10 40.73 test result: ok. 25 passed; 0 failed; 0 ignored; 0 measured; 0 filtered out; finished in 0.73s
#10 40.73 
#10 40.73      Running tests/credentials.rs (rust-controller/target/debug/deps/credentials-9fee9f51a216fb4e)
#10 40.76 
#10 40.76 running 4 tests
#10 41.16 test redirect_cannot_forward_token_or_issue_second_request ... ok
#10 41.16 test token_is_sent_once_only_in_sensitive_authorization_header ... ok
#10 41.16 test default_observer_sends_no_authorization ... ok
#10 41.16 test token_validation_and_debug_never_echo_input ... ok
#10 41.17 
#10 41.17 test result: ok. 4 passed; 0 failed; 0 ignored; 0 measured; 0 filtered out; finished in 0.40s
#10 41.17 
#10 41.17      Running tests/durable_fixture_log.rs (rust-controller/target/debug/deps/durable_fixture_log-687de19c5640f707)
#10 41.18 
#10 41.18 running 12 tests
#10 41.51 test duplicate_attempt_cannot_accept_and_reordered_valid_frames_fail_recovery ... ok
#10 41.51 test acceptance_and_world_transition_recover_together_after_durable_attempt ... ok
#10 41.52 test effect_lookup_rejects_invalid_identity_without_appending ... ok
#10 41.52 test durable_fixture_log::power_tests::power_replay_requires_exact_effect_and_fresh_observation ... ok
#10 41.53 test durable_fixture_log::power_tests::atomic_start_admission_survives_replay_without_consuming_duplicate_authority ... ok
#10 41.53 test invalid_inputs_do_not_append_and_create_never_overwrites ... ok
#10 41.54 test rejects_trailing_garbage_oversized_lines_and_replayed_frames ... ok
#10 41.54 test restart_preserves_every_duplicate_attempt_including_changed_digest ... ok
#10 41.55 test stage_identity_rejects_legacy_mixing_and_invalid_authority ... ok
#10 41.55 test every_truncated_record_and_checksum_corruption_fail_closed ... ok
#10 41.56 test stage_replay_rejects_canonical_but_rebound_effects_and_ambiguous_legacy ... ok
#10 41.57 test stage_keys_replay_exactly_and_bind_original_authority ... ok
#10 41.57 
#10 41.57 test result: ok. 12 passed; 0 failed; 0 ignored; 0 measured; 0 filtered out; finished in 0.39s
#10 41.57 
#10 41.57      Running tests/fixture_checkpoint.rs (rust-controller/target/debug/deps/fixture_checkpoint-40f23d8d7f0d2f23)
#10 41.59 
#10 41.59 running 0 tests
#10 41.59 
#10 41.59 test result: ok. 0 passed; 0 failed; 0 ignored; 0 measured; 0 filtered out; finished in 0.00s
#10 41.59 
#10 41.59      Running tests/fixture_clone_contract.rs (rust-controller/target/debug/deps/fixture_clone_contract-480975917a3058de)
#10 41.60 
#10 41.60 running 0 tests
#10 41.60 
#10 41.60 test result: ok. 0 passed; 0 failed; 0 ignored; 0 measured; 0 filtered out; finished in 0.00s
#10 41.60 
#10 41.60      Running tests/fixture_controller_admission.rs (rust-controller/target/debug/deps/fixture_controller_admission-f902367e81ece5fd)
#10 41.61 
#10 41.61 running 0 tests
#10 41.62 
#10 41.62 test result: ok. 0 passed; 0 failed; 0 ignored; 0 measured; 0 filtered out; finished in 0.00s
#10 41.62 
#10 41.62      Running tests/fixture_daemon.rs (rust-controller/target/debug/deps/fixture_daemon-750aba1be82d4225)
#10 41.63 
#10 41.63 running 12 tests
#10 41.65 test daemon_lifetime_keeps_a_sixty_second_hard_limit ... ok
#10 41.67 test durable_fixture_log::power_tests::atomic_start_admission_survives_replay_without_consuming_duplicate_authority ... ok
#10 41.68 test durable_fixture_log::power_tests::power_replay_requires_exact_effect_and_fresh_observation ... ok
#10 41.69 test delayed_payload_is_read_within_the_frame_deadline ... ok
#10 41.73 test accepted_effect_lookup_binds_request_and_survives_restart ... ok
#10 41.74 test fixture_daemon::snapshot::tests::inventory_is_strict_and_bounded ... ok
#10 41.74 test fixture_daemon_child ... ignored, subprocess entry point only
#10 41.74 test endpoint_substitution_and_corrupt_restart_fail_closed ... ok
#10 41.80 test effects_commit_replay_and_reject_duplicates_over_ipc ... ok
#10 41.81 test oversized_and_partial_requests_cannot_mutate_or_stall_daemon ... ok
#10 41.84 test killed_daemon_rebind_requires_supervisor_cleanup_and_preserves_ledger ... ok
#10 41.87 test separate_process_enforces_control_boundary_and_durable_duplicate_ledger ... ok
#10 41.87 
#10 41.87 test result: ok. 11 passed; 0 failed; 1 ignored; 0 measured; 0 filtered out; finished in 0.24s
#10 41.87 
#10 41.87      Running tests/fixture_inventory_projection.rs (rust-controller/target/debug/deps/fixture_inventory_projection-c8d3ace9e80a4dd3)
#10 41.88 
#10 41.88 running 0 tests
#10 41.88 
#10 41.88 test result: ok. 0 passed; 0 failed; 0 ignored; 0 measured; 0 filtered out; finished in 0.00s
#10 41.88 
#10 41.89      Running tests/fixture_inventory_v2.rs (rust-controller/target/debug/deps/fixture_inventory_v2-13024e0bf47fec31)
#10 41.90 
#10 41.90 running 0 tests
#10 41.90 
#10 41.90 test result: ok. 0 passed; 0 failed; 0 ignored; 0 measured; 0 filtered out; finished in 0.00s
#10 41.90 
#10 41.90      Running tests/fixture_legacy_resize.rs (rust-controller/target/debug/deps/fixture_legacy_resize-fd071bb374a69df8)
#10 41.91 
#10 41.91 running 0 tests
#10 41.91 
#10 41.91 test result: ok. 0 passed; 0 failed; 0 ignored; 0 measured; 0 filtered out; finished in 0.00s
#10 41.91 
#10 41.91      Running tests/fixture_post_dispatch.rs (rust-controller/target/debug/deps/fixture_post_dispatch-377c61cb8bef3b51)
#10 41.92 
#10 41.92 running 0 tests
#10 41.92 
#10 41.92 test result: ok. 0 passed; 0 failed; 0 ignored; 0 measured; 0 filtered out; finished in 0.00s
#10 41.93 
#10 41.93      Running tests/fixture_provisioning_reads.rs (rust-controller/target/debug/deps/fixture_provisioning_reads-4424a9feadb6e55e)
#10 41.94 
#10 41.94 running 0 tests
#10 41.94 
#10 41.94 test result: ok. 0 passed; 0 failed; 0 ignored; 0 measured; 0 filtered out; finished in 0.00s
#10 41.94 
#10 41.94      Running tests/fixture_read_client.rs (rust-controller/target/debug/deps/fixture_read_client-d99406b0567ca48d)
#10 41.95 
#10 41.95 running 0 tests
#10 41.95 
#10 41.95 test result: ok. 0 passed; 0 failed; 0 ignored; 0 measured; 0 filtered out; finished in 0.00s
#10 41.95 
#10 41.95      Running tests/fixture_stage.rs (rust-controller/target/debug/deps/fixture_stage-0c13287b045827ea)
#10 41.97 
#10 41.97 running 0 tests
#10 41.97 
#10 41.97 test result: ok. 0 passed; 0 failed; 0 ignored; 0 measured; 0 filtered out; finished in 0.00s
#10 41.97 
#10 41.97      Running tests/fixture_stage_consumers.rs (rust-controller/target/debug/deps/fixture_stage_consumers-fe82e3f0fd8970a2)
#10 41.98 
#10 41.98 running 0 tests
#10 41.98 
#10 41.98 test result: ok. 0 passed; 0 failed; 0 ignored; 0 measured; 0 filtered out; finished in 0.00s
#10 41.98 
#10 41.98      Running tests/fixture_task.rs (rust-controller/target/debug/deps/fixture_task-bb1aa11940bfe18c)
#10 42.00 
#10 42.00 running 0 tests
#10 42.00 
#10 42.00 test result: ok. 0 passed; 0 failed; 0 ignored; 0 measured; 0 filtered out; finished in 0.00s
#10 42.00 
#10 42.00      Running tests/infrastructure_visibility.rs (rust-controller/target/debug/deps/infrastructure_visibility-269d34d9617edf56)
#10 42.01 
#10 42.01 running 26 tests
#10 42.02 test empty_network_remains_unverified ... ok
#10 42.03 test duplicate_identity_invalidates_network_report ... ok
#10 42.03 test duplicate_identity_is_detected_before_metadata_rejection ... ok
#10 42.03 test invalid_activity_is_counted ... ok
#10 42.03 test invalid_interface_identity_is_counted ... ok
#10 42.03 test interface_activity_preserves_zero_one_and_missing ... ok
#10 42.03 test invalid_or_mismatched_node_binding_invalidates_node_report ... ok
#10 42.03 test invalid_or_crossnode_binding_invalidates_even_otherwise_malformed_rows ... ok
#10 42.03 test malformed_rows_are_counted_without_losing_valid_rows ... ok
#10 42.03 test matching_network_node_binding_is_retained ... ok
#10 42.03 test matching_node_binding_is_retained ... ok
#10 42.03 test missing_or_nonstring_type_is_counted ... ok
#10 42.03 test missing_uptime_is_unknown ... ok
#10 42.03 test network_timestamp_is_preserved ... ok
#10 42.03 test node_serialization_retains_only_sanitized_visibility ... ok
#10 42.03 test network_serialization_preserves_order_and_only_sanitized_fields ... ok
#10 42.04 test node_timestamp_is_preserved ... ok
#10 42.04 test nonobject_node_data_is_invalid ... ok
#10 42.04 test nonarray_network_data_is_invalid ... ok
#10 42.04 test opaque_interface_identity_accepts_exact_byte_and_character_boundaries ... ok
#10 42.04 test ovs_and_missing_activity_remain_visible ... ok
#10 42.04 test positive_and_maximum_uptime_are_retained ... ok
#10 42.04 test present_invalid_uptime_invalidates_report ... ok
#10 42.04 test zero_uptime_is_visibility_not_online_authority ... ok
#10 42.04 test unknown_interface_types_remain_visible_without_raw_metadata ... ok
#10 42.04 test network_row_limit_accepts_1024_and_rejects_1025 ... ok
#10 42.04 
#10 42.04 test result: ok. 26 passed; 0 failed; 0 ignored; 0 measured; 0 filtered out; finished in 0.03s
#10 42.04 
#10 42.04      Running tests/infrastructure_visibility_http.rs (rust-controller/target/debug/deps/infrastructure_visibility_http-7764b080c6227c3e)
#10 42.06 
#10 42.06 running 22 tests
#10 42.29 test authenticated_network_preserves_ovs_missing_activity_and_rejected_rows ... ok
#10 42.31 test chunked_oversize_is_rejected ... ok
#10 42.31 test conflict_409_is_fixed_and_not_retried ... ok
#10 42.32 test cross_node_network_row_rejects_report ... ok
#10 42.32 test authenticated_node_zero_uptime_is_one_timestamped_unverified_get ... ok
#10 42.33 test duplicate_interface_after_rejected_metadata_rejects_report ... ok
#10 42.33 test declared_oversize_is_rejected_before_reading_body ... ok
#10 42.33 test eof_oversize_is_rejected ... ok
#10 42.34 test forbidden_403_is_fixed_and_not_retried ... ok
#10 42.34 test invalid_network_shape_is_rejected ... ok
#10 42.35 test invalid_node_data_is_rejected ... ok
#10 42.35 test exactly_one_mib_valid_bodies_are_accepted ... ok
#10 42.36 test missing_404_is_fixed_and_not_retried ... ok
#10 42.37 test network_1025_rows_is_rejected ... ok
#10 42.38 test malformed_envelopes_are_rejected ... ok
#10 42.40 
#10 42.40 running 1 test
#10 42.40 test redirects_never_contact_target_or_forward_credentials ... ok
#10 42.52 test authenticated_node_zero_uptime_is_one_timestamped_unverified_get ... ok
#10 42.52 
#10 42.52 test result: ok. 1 passed; 0 failed; 0 ignored; 0 measured; 21 filtered out; finished in 0.11s
#10 42.52 
#10 42.53 
#10 42.53 running 1 test
#10 42.59 test authenticated_network_preserves_ovs_missing_activity_and_rejected_rows ... ok
#10 42.59 
#10 42.59 test result: ok. 1 passed; 0 failed; 0 ignored; 0 measured; 21 filtered out; finished in 0.06s
#10 42.59 
#10 42.60 test proxy_environment_never_receives_node_or_network_requests ... ok
#10 42.61 test server_500_is_fixed_and_not_retried ... ok
#10 42.62 test unauthorized_401_is_fixed_and_not_retried ... ok
#10 46.42 test request_deadline_overrides_larger_client_timeout ... ok
#10 46.59 test cancelling_collection_closes_body_and_does_not_retry ... ok
#10 46.63 test whole_body_deadline_includes_time_already_spent_waiting_for_headers ... ok
#10 46.63 
#10 46.63 test result: ok. 22 passed; 0 failed; 0 ignored; 0 measured; 0 filtered out; finished in 4.58s
#10 46.63 
#10 46.64      Running tests/native_contract.rs (rust-controller/target/debug/deps/native_contract-52d95d338a1f9a56)
#10 46.66 
#10 46.66 running 16 tests
#10 46.81 test clone_outcomes_distinguish_rejection_loss_failure_and_delayed_application ... ok
#10 46.81 test configure_and_start_outcomes_preserve_their_distinct_receipt_contracts ... ok
#10 46.81 test changed_digest_alone_rejects_configure_without_refresh_or_resend ... ok
#10 46.82 test delayed_clone_cannot_overwrite_an_occupant_inserted_before_completion ... ok
#10 46.82 test fixed_requests_apply_identity_preserve_disk_and_provenance ... ok
#10 46.82 test every_mutable_plan_field_and_step_changes_canonical_digest ... ok
#10 46.82 test historical_binding_can_be_old_but_current_identity_and_final_fields_must_match ... ok
#10 46.82 test missing_or_mismatched_provenance_and_stale_or_wrong_identity_cannot_configure ... ok
#10 46.82 test immutable_plan_roundtrip_rejects_unknown_fields_and_invalid_values ... ok
#10 46.83 test request_markers_and_operation_ids_are_hashed_and_provenance_is_not_circular ... ok
#10 46.84 test retained_marker_does_not_hide_changed_intermediate_identity_or_disk ... ok
#10 46.84 test successful_clone_task_and_same_name_do_not_authorize_foreign_occupant ... ok
#10 46.85 test normal_infrastructure_reads_refresh_time_but_explicit_stale_config_does_not ... ok
#10 46.86 test typed_fake_reads_report_inventory_storage_power_and_no_guest_readiness ... ok
#10 46.87 test typed_fault_hooks_preserve_read_errors_and_gate_submission ... ok
#10 46.91 test http_observer_never_imports_fake_provenance_from_response ... ok
#10 46.91 
#10 46.91 test result: ok. 16 passed; 0 failed; 0 ignored; 0 measured; 0 filtered out; finished in 0.25s
#10 46.91 
#10 46.91      Running tests/network_deny.rs (rust-controller/target/debug/deps/network_deny-dbcb45e0b8dc0df8)
#10 46.92 
#10 46.92 running 6 tests
#10 46.96 test adapter_permission_cannot_authorize_a_non_loopback_target ... ok
#10 46.96 test every_non_loopback_target_is_denied_without_explicit_observe_permission ... ok
#10 46.96 test production_address_is_rejected_before_http_client_construction ... ok
#10 46.96 test credentials_never_authorize_denied_targets_or_send_requests ... ok
#10 46.98 test production_observe_requires_explicit_read_permission ... ok
#10 46.98 test normalized_literal_loopback_targets_remain_local_test_targets ... ok
#10 46.98 
#10 46.98 test result: ok. 6 passed; 0 failed; 0 ignored; 0 measured; 0 filtered out; finished in 0.06s
#10 46.98 
#10 46.98      Running tests/preflight.rs (rust-controller/target/debug/deps/preflight-2d2d4da2c1b3e165)
#10 46.99 
#10 46.99 running 15 tests
#10 47.04 test additional_nics_cannot_hide_malformed_identity_behind_unsupported_layout ... ok
#10 47.06 test every_snapshot_enforces_thirty_second_freshness_and_rejects_future_facts ... ok
#10 47.07 test inventory_rejects_duplicate_vmids_and_malformed_identity ... ok
#10 47.07 test lock_and_agent_state_are_preserved_and_normalized ... ok
#10 47.07 test native_config_rejects_missing_or_malformed_required_facts ... ok
#10 47.08 test node_storage_and_bridge_wire_validation_fails_closed ... ok
#10 47.08 test power_status_rejects_wrong_identity_and_unknown_states ... ok
#10 47.16 test sanitized_decoding_rejects_forged_or_malformed_fact_fields ... ok
#10 47.18 test sanitized_maps_reject_duplicate_identity_keys ... ok
#10 47.20 test sanitized_snapshots_round_trip_through_validated_deserialization ... ok
#10 47.36 test absence_does_not_accept_stale_or_future_inventory ... ok
#10 47.36 test all_preflight_routes_return_bound_typed_facts ... ok
#10 47.36 test unsupported_configuration_is_typed_and_never_copies_raw_text ... ok
#10 47.42 test target_absence_requires_inventory_exclusion_and_config_not_found ... ok
#10 47.62 test status_decode_and_timeout_failures_are_fixed_and_never_leak_body ... ok
#10 47.62 
#10 47.62 test result: ok. 15 passed; 0 failed; 0 ignored; 0 measured; 0 filtered out; finished in 0.63s
#10 47.62 
#10 47.62      Running tests/provisioning_config.rs (rust-controller/target/debug/deps/provisioning_config-75c0e0088cad60e3)
#10 47.65 
#10 47.65 running 20 tests
#10 47.69 test capacity_is_exact_positive_checked_binary_bytes ... ok
#10 47.69 test explicit_core_fields_types_and_binding_cannot_be_defaulted ... ok
#10 47.69 test comma_syntax_duplicates_fail_before_unsupported_projection ... ok
#10 47.70 test fake_provenance_object_shape_is_required_without_changing_legacy_type ... ok
#10 47.71 test fake_marker_requires_fake_source_valid_provenance_and_target_binding ... ok
#10 47.71 test media_discriminators_require_strings_standalone_and_in_snapshots ... ok
#10 47.72 test media_inventory_binds_storage_unique_bounded_volids_and_explicit_coverage ... ok
#10 47.73 test old_native_parser_keeps_rejecting_rich_layout ... ok
#10 47.73 test nested_persisted_fields_reject_duplicates_and_unknowns_without_payloads ... ok
#10 47.73 test persisted_facts_require_objects_even_when_an_array_has_valid_ordered_fields ... ok
#10 47.74 test nested_before_state_still_rejects_object_source_discriminators ... ok
#10 47.74 test persisted_sanitized_invariants_cannot_be_forged ... ok
#10 47.75 test qga_is_a_bound_observation_and_auxiliary_persisted_shapes_validate ... ok
#10 47.75 test persisted_config_exact_shape_rejects_missing_duplicate_and_unknown_fields ... ok
#10 47.75 test rich_source_discriminator_requires_strings_from_value ... ok
#10 47.75 test rich_source_discriminator_requires_strings_from_str ... ok
#10 47.75 test rich_template_and_destination_preserve_every_sanitized_field ... ok
#10 47.75 test standalone_classification_decoders_never_echo_untrusted_values ... ok
#10 47.76 test unsupported_values_are_fixed_payload_free_and_block_template_admission ... ok
#10 47.76 test template_semantic_hash_has_independent_golden_and_exact_field_binding ... ok
#10 47.76 
#10 47.76 test result: ok. 20 passed; 0 failed; 0 ignored; 0 measured; 0 filtered out; finished in 0.11s
#10 47.76 
#10 47.76      Running tests/provisioning_evaluation.rs (rust-controller/target/debug/deps/provisioning_evaluation-1556446355ca7d5e)
#10 47.78 
#10 47.78 running 25 tests
#10 48.13 test clone_outcome_source_change_and_request_provenance_are_conflicts ... ok
#10 48.14 test all_possible_send_states_never_return_ready ... ok
#10 48.17 test cancellation_ineligible_state_deadline_and_freshness_boundaries ... ok
#10 48.18 test complete_legacy_identity_projection_can_cover_shared_namespace ... ok
#10 48.21 test failed_clone_with_exact_unchanged_vacancy_is_failed ... ok
#10 48.23 test historical_owner_and_predecessor_cannot_cross_run_workflow_or_request ... ok
#10 48.26 test inventory_coverage_errors_collisions_and_legacy_projection_are_conservative ... ok
#10 48.28 test media_requires_both_exact_full_storage_catalogs ... ok
#10 48.31 test no_change_is_limited_to_capacity_and_stop_before_dispatch ... ok
#10 48.33 test outcome_cannot_use_stale_source_snapshot_in_inventory_comparison ... ok
#10 48.36 test receipt_collection_clock_and_absence_power_contradiction_are_checked ... ok
#10 48.39 test receipt_substitution_is_rejected_in_context_and_evidence ... ok
#10 48.43 test same_target_vmid_on_another_node_blocks_even_with_local_404 ... ok
#10 48.48 test seven_action_physical_chain_preserves_original_clone_proof ... ok
#10 48.49 test retained_capacity_including_nonintegral_bytes_continues_without_resize ... ok
#10 48.55 test snapshot_wrapper_and_collection_clocks_are_independent ... ok
#10 48.58 test supported_layout_lock_template_and_digest_changes_are_independent ... ok
#10 48.61 test synchronous_lost_receipt_requires_exact_original_reconciliation ... ok
#10 48.63 test task_dispatch_without_receipt_stays_unknown_even_with_desired_world ... ok
#10 48.63 test evidence_persistence_is_required_nullable_and_route_validated ... ok
#10 48.68 test task_snapshot_cannot_predate_receipt_acceptance ... ok
#10 48.68 test task_failure_and_running_do_not_mask_replaced_disks ... ok
#10 48.69 test task_success_does_not_replace_missing_physical_postconditions ... ok
#10 48.73 test wrong_identity_projection_duplicate_keys_and_incomplete_catalogs_are_rejected ... ok
#10 48.87 test unrelated_before_and_after_categories_cannot_be_hidden_by_task_success ... ok
#10 48.87 
#10 48.87 test result: ok. 25 passed; 0 failed; 0 ignored; 0 measured; 0 filtered out; finished in 1.10s
#10 48.87 
#10 48.87      Running tests/provisioning_expectations.rs (rust-controller/target/debug/deps/provisioning_expectations-3a6c125ca17e5719)
#10 48.89 
#10 48.89 running 7 tests
#10 48.92 test enforces_approved_hash_serial_and_iso_token_rules ... ok
#10 48.92 test admits_explicit_capacity_and_normalizes_template_sha ... ok
#10 48.93 test nested_vm_plan_must_keep_its_named_fields_in_new_contract ... ok
#10 48.93 test persisted_expectation_and_operation_shape_requires_an_object ... ok
#10 48.93 test rejects_invalid_growth_but_retains_exact_template_bytes ... ok
#10 48.94 test persisted_expectations_and_plans_cannot_bypass_admission ... ok
#10 48.94 test canonical_shape_roundtrips_and_all_inputs_bind_the_fingerprint ... ok
#10 48.94 
#10 48.94 test result: ok. 7 passed; 0 failed; 0 ignored; 0 measured; 0 filtered out; finished in 0.05s
#10 48.94 
#10 48.94      Running tests/provisioning_fake.rs (rust-controller/target/debug/deps/provisioning_fake-4449fb5f45b55eca)
#10 48.95 
#10 48.95 running 23 tests
#10 49.18 test clone_preserves_source_serials_resources_and_media_without_final_preconfiguration ... ok
#10 49.18 test accepted_task_can_physically_finish_after_strict_controller_deadline ... ok
#10 49.19 test delayed_clone_rejects_new_target_and_legacy_replacement_without_touching_occupants ... ok
#10 49.24 test clone_changes_the_shared_world_without_preconfiguring_final_identity ... ok
#10 49.43 test delayed_work_cannot_target_copied_replacement_or_independent_power_change ... ok
#10 49.44 test fixture_source_and_script_source_cannot_claim_live_pve ... ok
#10 49.47 test current_power_route_media_and_catalog_changes_are_rejected_at_admission ... ok
#10 49.48 test exact_before_state_rejects_tampering_even_when_digest_and_marker_are_copied ... ok
#10 49.50 test full_world_sequence_grows_80_to_120_and_preserves_power_only_fields ... ok
#10 49.53 test full_world_sequence_retains_exact_non_whole_gib_capacity ... ok
#10 49.53 test full_world_sequence_retains_160_for_requested_120 ... ok
#10 49.54 test legacy_fault_and_pause_controls_do_not_leak_into_provisioning ... ok
#10 49.55 test history_preserves_exact_ordered_forms_and_only_allowed_effects ... ok
#10 49.56 test mixed_family_inventory_downcasts_coverage_and_reserved_identity_collisions ... ok
#10 49.57 test missing_distinct_catalog_and_growth_delta_reject_without_world_change ... ok
#10 49.58 test independent_qga_survives_config_power_and_does_not_invalidate_delayed_growth ... ok
#10 49.59 test pending_resources_overlap_across_families_and_completions_keep_separate_queues ... ok
#10 49.60 test provisioning_pause_rechecks_world_and_records_only_resumed_admission ... ok
#10 49.60 test scripted_errors_and_pauses_are_independent_observations ... ok
#10 49.60 test scripts_preserve_routes_timestamps_and_unsupported_facts_without_world_effects ... ok
#10 49.61 test selector_priority_fifo_duplicate_and_failed_admission_do_not_consume_faults ... ok
#10 49.67 test pe_and_disk_faults_are_independent_despite_identical_start_forms ... ok
#10 50.43 test outcome_matrix_records_attempts_acceptance_and_actual_effects ... ok
#10 50.43 
#10 50.43 test result: ok. 23 passed; 0 failed; 0 ignored; 0 measured; 0 filtered out; finished in 1.48s
#10 50.43 
#10 50.43      Running tests/provisioning_requests.rs (rust-controller/target/debug/deps/provisioning_requests-b2a2eeec9b293255)
#10 50.45 
#10 50.45 running 12 tests
#10 51.38 test binding_rejects_invalid_full_workflow_hash ... ok
#10 51.38 test bindings_compare_attempt_identity_but_not_collection_fence ... ok
#10 51.58 test complete_request_json_and_digest_golden ... ok
#10 51.60 test constructor_serial_compatibility_is_checked_for_every_family ... ok
#10 51.66 test every_action_admits_twenty_and_rejects_twenty_one_byte_desired_serials ... ok
#10 51.72 test dispatch_and_receipt_reconstruction_enforce_full_request_and_provenance ... ok
#10 51.73 test every_closed_variant_has_a_pinned_complete_digest ... ok
#10 51.78 test every_request_hash_binds_clock_digest_operation_attempt_workflow_and_fence ... ok
#10 51.84 test persisted_owned_reference_tampering_never_recreates_historical_authority ... ok
#10 51.84 test receipt_workers_nodes_and_vmids_are_closed ... ok
#10 51.85 test persisted_requests_reject_missing_unknown_duplicate_and_object_discriminators ... ok
#10 51.90 test requests_pin_exact_forms_routes_and_distinct_start_digests ... ok
#10 51.90 
#10 51.90 test result: ok. 12 passed; 0 failed; 0 ignored; 0 measured; 0 filtered out; finished in 1.46s
#10 51.90 
#10 51.91      Running tests/visibility.rs (rust-controller/target/debug/deps/visibility-0b6f9d13f038fb7e)
#10 51.92 
#10 51.92 running 17 tests
#10 51.94 test empty_inventory_never_claims_verified_coverage ... ok
#10 51.94 test invalid_nodes_are_rejected_and_counted ... ok
#10 51.94 test duplicate_identity_is_detected_even_when_metadata_is_rejected ... ok
#10 51.94 test duplicate_valid_vmid_rejects_response_across_nodes_and_kinds ... ok
#10 51.95 test missing_identity_and_non_object_rows_are_rejected_and_counted ... ok
#10 51.95 test invalid_vmids_are_rejected_and_counted ... ok
#10 51.95 test missing_or_non_string_kind_is_rejected_without_defaulting_to_qemu ... ok
#10 51.95 test missing_status_is_unknown ... ok
#10 51.95 test invalid_optional_template_is_rejected_and_counted ... ok
#10 51.95 test non_array_response_is_rejected ... ok
#10 51.95 test mixed_inventory_preserves_lxc_and_unknown_metadata ... ok
#10 51.95 test present_non_string_status_is_rejected_and_counted ... ok
#10 51.95 test stopped_and_template_one_remain_explicit ... ok
#10 51.98 test unknown_kind_is_preserved_without_retaining_raw_type ... ok
#10 51.98 test sanitization_preserves_wire_order_timestamp_and_rejection_count ... ok
#10 51.98 test unknown_status_is_unknown_without_retaining_raw_status ... ok
#10 51.98 test row_limit_accepts_1024_and_rejects_1025_before_row_validation ... ok
#10 51.98 
#10 51.98 test result: ok. 17 passed; 0 failed; 0 ignored; 0 measured; 0 filtered out; finished in 0.04s
#10 51.98 
#10 51.99      Running tests/visibility_http.rs (rust-controller/target/debug/deps/visibility_http-b87ff9742f336c6b)
#10 52.00 
#10 52.00 running 11 tests
#10 52.25 test body_byte_limit_is_enforced_for_declared_chunked_and_eof_streams ... ok
#10 52.27 test exactly_one_mib_body_is_accepted ... ok
#10 52.27 test authenticated_inventory_is_exactly_one_get_and_timestamped_after_collection ... ok
#10 52.28 test http_failures_are_fixed_categories_without_retry ... ok
#10 52.29 test invalid_envelopes_data_and_row_limit_are_rejected ... ok
#10 52.30 test redirect_target_receives_no_request ... ok
#10 52.30 test rejected_rows_remain_successful_non_authoritative_visibility ... ok
#10 52.32 
#10 52.32 running 1 test
#10 52.44 test authenticated_inventory_is_exactly_one_get_and_timestamped_after_collection ... ok
#10 52.44 
#10 52.44 test result: ok. 1 passed; 0 failed; 0 ignored; 0 measured; 10 filtered out; finished in 0.12s
#10 52.44 
#10 52.45 test proxy_environment_canary_receives_no_request ... ok
#10 54.31 test request_deadline_also_bounds_an_unfinished_streaming_body ... ok
#10 54.33 test dropped_collection_does_not_start_another_request ... ok
#10 54.46 test request_times_out_after_two_seconds_without_retry ... ok
#10 54.46 
#10 54.46 test result: ok. 11 passed; 0 failed; 0 ignored; 0 measured; 0 filtered out; finished in 2.46s
#10 54.46 
#10 54.47    Doc-tests pve_port
#10 55.11 
#10 55.11 running 18 tests
#10 55.40 test crates/pve-port/src/infrastructure_visibility.rs - infrastructure_visibility::NodeVisibility (line 45) - compile fail ... ok
#10 55.46 test crates/pve-port/src/infrastructure_visibility.rs - infrastructure_visibility::PveInfrastructureVisibilityReadPort (line 244) - compile fail ... ok
#10 55.46 test crates/pve-port/src/infrastructure_visibility.rs - infrastructure_visibility::PveInfrastructureVisibilityReadPort (line 251) - compile fail ... ok
#10 55.75 test crates/pve-port/src/infrastructure_visibility.rs - infrastructure_visibility::PveInfrastructureVisibilityReadPort (line 258) - compile fail ... ok
#10 55.79 test crates/pve-port/src/native.rs - native::PveMutationPort (line 450) - compile fail ... ok
#10 55.80 test crates/pve-port/src/native.rs - native::PveMutationPort (line 444) - compile fail ... ok
#10 56.08 test crates/pve-port/src/native.rs - native::PveMutationPort (line 456) - compile fail ... ok
#10 56.13 test crates/pve-port/src/observer.rs - observer::ReqwestPveObserver (line 165) - compile fail ... ok
#10 56.28 test crates/pve-port/src/native.rs - native::PveMutationPort (line 462) - compile fail ... ok
#10 56.43 test crates/pve-port/src/observer.rs - observer::ReqwestPveObserver (line 171) - compile fail ... ok
#10 56.47 test crates/pve-port/src/observer.rs - observer::ReqwestPveObserver (line 177) - compile fail ... ok
#10 56.61 test crates/pve-port/src/observer.rs - observer::ReqwestPveObserver (line 183) - compile fail ... ok
#10 56.73 test crates/pve-port/src/provisioning.rs - provisioning::ProvisioningFakePort (line 23) - compile fail ... ok
#10 56.76 test crates/pve-port/src/provisioning.rs - provisioning::ProvisioningFakePort (line 16) - compile fail ... ok
#10 56.90 test crates/pve-port/src/provisioning/evaluation/context.rs - provisioning::evaluation::context::ProvisioningCloneOwnershipV1 (line 102) - compile fail ... ok
#10 57.04 test crates/pve-port/src/provisioning/evaluation/context.rs - provisioning::evaluation::context::ProvisioningStageBaselineV1 (line 180) - compile fail ... ok
#10 57.05 test crates/pve-port/src/provisioning/evidence.rs - provisioning::evidence::ProvisioningEvidenceV1 (line 233) - compile fail ... ok
#10 57.15 test crates/pve-port/src/provisioning/requests.rs - provisioning::requests::ProvisioningBeforeStateV1 (line 10) - compile fail ... ok
#10 57.15 
#10 57.15 test result: ok. 18 passed; 0 failed; 0 ignored; 0 measured; 0 filtered out; finished in 2.05s
#10 57.15 
#10 57.72    Compiling serde_core v1.0.229
#10 60.57    Compiling serde v1.0.229
#10 60.57    Compiling serde_json v1.0.151
#10 60.84    Compiling uuid v1.26.0
#10 61.76    Compiling smallvec v1.15.2
#10 62.11    Compiling chrono v0.4.45
#10 62.51    Compiling controller-domain v0.1.0 (/workspace/rust-controller/crates/controller-domain)
#10 62.73    Compiling parking_lot_core v0.9.12
#10 63.67    Compiling parking_lot v0.12.5
#10 63.86    Compiling icu_normalizer v2.3.0
#10 64.28    Compiling event-journal v0.1.0 (/workspace/rust-controller/crates/event-journal)
#10 64.75    Compiling tokio v1.53.1
#10 65.15    Compiling idna_adapter v1.2.2
#10 65.70    Compiling idna v1.1.0
#10 65.73    Compiling futures-intrusive v0.5.0
#10 66.74    Compiling url v2.5.8
#10 66.99    Compiling serde_urlencoded v0.7.1
#10 67.83    Compiling either v1.18.0
#10 68.19    Compiling artifact-index v0.1.0 (/workspace/rust-controller/crates/artifact-index)
#10 68.63    Compiling hyper v1.11.0
#10 69.36    Compiling tower v0.5.3
#10 69.90    Compiling hyper-util v0.1.20
#10 70.35    Compiling tokio-rustls v0.26.4
#10 70.46    Compiling tower-http v0.6.11
#10 71.14    Compiling tokio-stream v0.1.18
#10 71.52    Compiling hyper-rustls v0.27.9
#10 71.98    Compiling sqlx-core v0.8.6
#10 72.22    Compiling reqwest v0.12.28
#10 73.68    Compiling pve-port v0.1.0 (/workspace/rust-controller/crates/pve-port)
#10 74.86    Compiling sqlx-postgres v0.8.6
#10 77.78    Compiling osdeploy-adapter v0.1.0 (/workspace/rust-controller/crates/osdeploy-adapter)
#10 80.06    Compiling sqlx v0.8.6
#10 80.26    Compiling postgres-store v0.1.0 (/workspace/rust-controller/crates/postgres-store)
#10 83.80    Compiling scheduler v0.1.0 (/workspace/rust-controller/crates/scheduler)
#10 84.02    Compiling operation-controller v0.1.0 (/workspace/rust-controller/crates/operation-controller)
#10 87.56     Finished `test` profile [unoptimized + debuginfo] target(s) in 30.30s
#10 87.57      Running tests/decision.rs (rust-controller/target/debug/deps/decision-b5b16c6d7604f551)
#10 87.58 
#10 87.58 running 24 tests
#10 87.70 test all_execution_states_guard_preflight_and_unknown_requires_narrow_mode ... ok
#10 87.70 test coherent_receipt_and_task_substitution_cannot_replace_persisted_upid ... ok
#10 87.71 test configure_response_loss_can_reconcile_only_from_owned_exact_postconditions ... ok
#10 87.71 test additional_matrix_rows ... ok
#10 87.72 test deadline_or_transport_loss_require_reconciliation_to_settle ... ok
#10 87.73 test decision_matrix ... ok
#10 87.75 test changed_attempt_or_digest_never_authorizes ... ok
#10 87.75 test duplicate_boot_volume_cannot_establish_unique_clone_ownership ... ok
#10 87.77 test every_desired_field_is_required_for_configure_and_start_satisfaction ... ok
#10 87.77 test freshness_rejects_future_and_accepts_exact_boundary ... ok
#10 87.77 test independent_fresh_reads_can_agree_without_identical_timestamps ... ok
#10 87.78 test outcome_observations_must_postdate_dispatch_including_absence_and_power ... ok
#10 87.79 test ownership_reload_requires_full_historical_success_and_coverage ... ok
#10 87.80 test ownership_roundtrip_preserves_dispatch_before_intervening_observations ... ok
#10 87.80 test provenance_conflict_precedes_running_task_and_cancellation ... ok
#10 87.80 test receipt_requires_persisted_dispatch_and_preflight_cannot_ignore_it ... ok
#10 87.80 test receipt_survives_later_evidence_fences_but_evidence_context_does_not ... ok
#10 87.80 test running_clone_cannot_treat_unowned_occupant_as_pending_owned_work ... ok
#10 87.81 test different_vm_desired_uuid_or_mac_collision_never_authorizes ... ok
#10 87.81 test successful_proof_cannot_use_target_snapshot_from_before_dispatch ... ok
#10 87.81 test unauthorized_required_read_precedes_missing_observation ... ok
#10 87.81 test validated_roundtrip_rejects_cross_binding_and_fake_source_relabeling ... ok
#10 87.86 test stale_inventory_never_authorizes ... ok
#10 87.92 test contradictory_target_identity_never_authorizes ... ok
#10 87.92 
#10 87.92 test result: ok. 24 passed; 0 failed; 0 ignored; 0 measured; 0 filtered out; finished in 0.34s
#10 87.92 
#10 88.28    Compiling operation-controller v0.1.0 (/workspace/rust-controller/crates/operation-controller)
#10 92.23     Finished `test` profile [unoptimized + debuginfo] target(s) in 4.21s
#10 92.24      Running tests/postgres_native.rs (rust-controller/target/debug/deps/postgres_native-cd0a3cd959864ea0)
#10 92.26 
#10 92.26 running 44 tests
#10 92.26 test support::local_postgres::cleanup_tests::cancellation_before_create_receipt_recovers_owned_container ... ok
#10 92.40 test support::local_postgres::cleanup_tests::cancellation_runs_finite_drop_cleanup_and_reaps_hung_inspector ... ok
#10 98.25 test support::local_postgres::cleanup_tests::explicit_cleanup_and_drop_attempt_owned_removal_only_once ... ok
#10 98.38 test support::local_postgres::cleanup_tests::lost_create_response_recovers_only_verified_owned_id ... ok
#10 98.44 test support::local_postgres::cleanup_tests::storage_refusal_preserves_one_shot_container_only_cleanup ... ok
#10 98.50 test support::local_postgres::cleanup_tests::wrong_ownership_or_ambiguous_absence_never_removes_a_target ... ok
#10 98.68 test support::local_postgres::docker_storage_probe::tests::capacity_requires_actual_fixed_tmpfs_and_reserve ... ok
#10 98.68 test support::local_postgres::docker_storage_probe::tests::event_cutoff_preserves_subsecond_query_boundary ... ok
#10 98.68 test support::local_postgres::docker_storage_probe::tests::memory_requires_numeric_complete_non_oom_counters ... ok
#10 98.68 test support::local_postgres::docker_storage_probe::tests::retained_events_require_a_bracket_without_attributed_mounts ... ok
#10 98.68 test support::local_postgres::linux_postgres::owned_linux_tests::owned_linux_active_create_lock_refuses_even_absent_name ... ignored, requires the owned Linux fixture namespace
#10 98.68 test support::local_postgres::linux_postgres::owned_linux_tests::owned_linux_cancel_before_create_reaps_and_confirms_absence ... ignored, requires the owned Linux fixture namespace
#10 98.68 test support::local_postgres::linux_postgres::owned_linux_tests::owned_linux_cancel_unmarked_create_retains_unconfirmed_database ... ignored, requires the owned Linux fixture namespace
#10 98.68 test support::local_postgres::linux_postgres::owned_linux_tests::owned_linux_create_identity_independent_pools_and_open_pool_cleanup ... ignored, requires the owned Linux fixture namespace
#10 98.68 test support::local_postgres::linux_postgres::owned_linux_tests::owned_linux_foreign_marker_retains_database ... ignored, requires the owned Linux fixture namespace
#10 98.68 test support::local_postgres::linux_postgres::owned_linux_tests::owned_linux_foreign_receipt_and_namespace_refuse_mutation ... ignored, requires the owned Linux fixture namespace
#10 98.68 test support::local_postgres::linux_postgres::owned_linux_tests::owned_linux_lost_stamped_response_recovers_only_full_marker ... ignored, requires the owned Linux fixture namespace
#10 98.68 test support::local_postgres::linux_postgres::owned_linux_tests::owned_linux_matching_marker_wrong_oid_retains_database ... ignored, requires the owned Linux fixture namespace
#10 98.68 test support::local_postgres::linux_postgres::owned_linux_tests::owned_linux_setup_cancellation_drops_child_before_one_shot_guard_cleanup ... ignored, requires the owned Linux fixture namespace
#10 98.68 test support::local_postgres::linux_postgres::tests::cleanup_requires_exact_confirmed_absence_record ... ok
#10 98.69 test support::local_postgres::linux_postgres::tests::create_response_only_confirms_exact_identity_and_positive_oid ... ok
#10 98.69 test support::local_postgres::linux_postgres::tests::database_identity_is_generated_and_bounded ... ok
#10 98.69 test support::local_postgres::linux_postgres::tests::mode_is_explicit_and_platform_scoped ... ok
#10 98.69 test support::local_postgres::linux_postgres::tests::overrides_and_noncanonical_mode_never_select_a_backend ... ok
#10 98.69 test support::local_postgres::linux_postgres::tests::receipt_is_exact_canonical_and_duplicate_free ... ok
#10 98.69 test support::local_postgres::linux_postgres::tests::receipt_rejects_each_schema_type_identity_and_encoding_violation ... ok
#10 98.70 test support::local_postgres::process::tests::cancelled_readiness_and_caller_panic_join_and_reap_fault_supervisor ... ok
#10 98.81 test support::local_postgres::process::tests::child_hang_obeys_timeout_and_is_reaped ... ok
#10 98.88 test support::local_postgres::process::tests::cleanup_child_hang_shares_one_budget_with_reaping ... ok
#10 99.03 test support::local_postgres::process::tests::delayed_fault_startup_does_not_reset_original_deadline ... ok
#10 100.1 test support::local_postgres::process::tests::direct_drop_terminates_and_reaps_child ... ok
#10 100.1 test support::local_postgres::process::tests::expired_reap_deadline_polls_once_without_reset_or_false_success ... ok
#10 100.1 test support::local_postgres::process::tests::fault_output_overflow_after_readiness_reaps_before_owner_drop ... ok
#10 100.6 test support::local_postgres::process::tests::fault_supervision_progresses_during_synchronous_cleanup ... ok
#10 101.3 test support::local_postgres::process::tests::interpreter_startup_exhaustion_reaps_before_readiness_or_owner_drop ... ok
#10 101.9 test support::local_postgres::process::tests::linux_invocation_rejects_timeout_widening_and_invalid_protocol_without_admission ... ok
#10 102.1 test support::local_postgres::process::tests::output_is_size_bounded_and_overflow_reaps_child ... ok
#10 102.2 test support::local_postgres::process::tests::owned_log_capture_combines_streams_and_bounds_overflow_and_cancellation ... ok
#10 102.5 test support::local_postgres::process::tests::retained_ready_fault_is_reaped_before_owner_drop ... ok
#10 103.1 test support::local_postgres::process::tests::stalled_setup_child_obeys_current_thread_timeout ... ok
#10 103.2 test support::local_postgres::storage_tests::actual_launch_selects_fixed_bounded_pgdata_tmpfs ... ok
#10 103.2 test support::local_postgres::storage_tests::both_bounded_tmpfs_representations_are_admitted ... ok
#10 103.2 test support::local_postgres::storage_tests::ownership_valid_persistent_pgdata_is_refused ... ok
#10 103.2 test support::local_postgres::storage_tests::storage_projection_rejects_each_wrong_field_and_failed_output ... ok
#10 103.2 
#10 103.2 test result: ok. 35 passed; 0 failed; 9 ignored; 0 measured; 25 filtered out; finished in 10.94s
#10 103.2 
#10 DONE 103.7s

#11 [ 8/12] RUN cargo test --offline --locked --manifest-path rust-controller/Cargo.toml -p artifact-index
#11 0.435    Compiling syn v3.0.4
#11 0.435    Compiling libc v0.2.189
#11 2.342    Compiling getrandom v0.4.3
#11 2.600    Compiling serde_derive v1.0.229
#11 2.601    Compiling thiserror-impl v2.0.20
#11 3.164    Compiling uuid v1.26.0
#11 4.148    Compiling thiserror v2.0.20
#11 4.751    Compiling serde v1.0.229
#11 5.569    Compiling controller-domain v0.1.0 (/workspace/rust-controller/crates/controller-domain)
#11 5.570    Compiling chrono v0.4.45
#11 6.858    Compiling event-journal v0.1.0 (/workspace/rust-controller/crates/event-journal)
#11 7.662    Compiling artifact-index v0.1.0 (/workspace/rust-controller/crates/artifact-index)
#11 11.31     Finished `test` profile [unoptimized + debuginfo] target(s) in 11.06s
#11 11.32      Running unittests src/lib.rs (rust-controller/target/debug/deps/artifact_index-4a5605eb53d375fe)
#11 11.34 
#11 11.34 running 0 tests
#11 11.34 
#11 11.34 test result: ok. 0 passed; 0 failed; 0 ignored; 0 measured; 0 filtered out; finished in 0.00s
#11 11.34 
#11 11.34      Running tests/bytes.rs (rust-controller/target/debug/deps/bytes-5971392951f27f02)
#11 11.35 
#11 11.35 running 7 tests
#11 11.36 test empty_iso_fails_even_when_its_declared_digest_matches ... ok
#11 11.36 test iso_mismatch_is_rejected_independently ... ok
#11 11.36 test empty_wim_fails_even_when_its_declared_digest_matches ... ok
#11 11.36 test swapped_distinct_inputs_are_rejected ... ok
#11 11.36 test wim_mismatch_is_rejected_independently ... ok
#11 11.37 test matching_same_content_for_another_descriptor_changes_the_report_binding ... ok
#11 11.37 test matching_bytes_report_only_bound_fingerprint_lengths_and_limited_evidence ... ok
#11 11.37 
#11 11.37 test result: ok. 7 passed; 0 failed; 0 ignored; 0 measured; 0 filtered out; finished in 0.02s
#11 11.37 
#11 11.37      Running tests/descriptor.rs (rust-controller/target/debug/deps/descriptor-5000e4c6ca2e9ac8)
#11 11.38 
#11 11.38 running 11 tests
#11 11.39 test architecture_accepts_only_literal_amd64 ... ok
#11 11.39 test all_error_variants_have_fixed_payload_free_messages ... ok
#11 11.39 test build_label_accepts_only_fourteen_ascii_digits_without_calendar_authority ... ok
#11 11.41 test hashes_normalize_all_hex_letters_and_digits_without_changing_fingerprint ... ok
#11 11.41 test descriptor_serialization_pins_the_complete_declared_only_contract ... ok
#11 11.41 test every_variable_descriptor_field_is_bound_into_the_fingerprint ... ok
#11 11.41 test hashes_reject_non_ascii_nonhex_and_wrong_lengths_independently ... ok
#11 11.41 test nil_uuid_is_rejected_but_non_version_seven_opaque_ids_are_accepted ... ok
#11 11.41 test missing_output_falls_back_to_source_with_distinct_provenance ... ok
#11 11.41 test valid_fixture_preserves_declared_identity_and_prefers_output_index ... ok
#11 11.41 test indices_reject_zero_and_preserve_positive_u32_bounds ... ok
#11 11.41 
#11 11.41 test result: ok. 11 passed; 0 failed; 0 ignored; 0 measured; 0 filtered out; finished in 0.03s
#11 11.42 
#11 11.42      Running tests/export_gate.rs (rust-controller/target/debug/deps/export_gate-c1ded785a09bf811)
#11 11.43 
#11 11.43 running 1 test
#11 11.44 test immutable_exports_and_rollback_window_never_authorize_cutover ... ok
#11 11.44 
#11 11.44 test result: ok. 1 passed; 0 failed; 0 ignored; 0 measured; 0 filtered out; finished in 0.01s
#11 11.44 
#11 11.44    Doc-tests artifact_index
#11 11.70 
#11 11.70 running 3 tests
#11 11.97 test crates/artifact-index/src/bytes.rs - bytes::SuppliedByteMatch (line 19) - compile fail ... ok
#11 11.97 test crates/artifact-index/src/bytes.rs - bytes::SuppliedByteMatch (line 13) - compile fail ... ok
#11 11.97 test crates/artifact-index/src/descriptor.rs - descriptor::DeclaredArtifact (line 30) - compile fail ... ok
#11 11.97 
#11 11.97 test result: ok. 3 passed; 0 failed; 0 ignored; 0 measured; 0 filtered out; finished in 0.27s
#11 11.97 
#11 DONE 12.1s

#12 [ 9/12] RUN cargo test --offline --locked --manifest-path rust-controller/Cargo.toml -p pve-port --features fixture-ipc -- --test-threads=1
#12 0.512    Compiling pve-port v0.1.0 (/workspace/rust-controller/crates/pve-port)
#12 34.90     Finished `test` profile [unoptimized + debuginfo] target(s) in 34.65s
#12 34.91      Running unittests src/lib.rs (rust-controller/target/debug/deps/pve_port-de29167a4238efbd)
#12 34.92 
#12 34.92 running 36 tests
#12 34.92 test fixture_support::clone_reads::tests::legacy_inventory_does_not_relabel_opaque_configuration_digests ... ok
#12 34.94 test fixture_support::clone_reads::tests::preserves_observation_times_errors_and_identity ... ok
#12 34.94 test fixture_support::clone_reads::tests::rejects_unknown_fields_zero_time_duplicates_and_caps ... ok
#12 34.94 test fixture_support::durable_fixture_log::power_tests::atomic_start_admission_survives_replay_without_consuming_duplicate_authority ... ok
#12 35.14 test fixture_support::durable_fixture_log::power_tests::power_replay_requires_exact_effect_and_fresh_observation ... ok
#12 35.15 test fixture_support::fixture_daemon::snapshot::tests::inventory_is_strict_and_bounded ... ok
#12 35.15 test fixture_support::inventory_read::tests::projection_preserves_seed_time_and_refuses_to_invent_power ... ok
#12 35.15 test fixture_support::provisioning_port::tests::capability_is_sealed_and_unsupported_reads_are_unavailable ... ok
#12 35.16 test fixture_support::provisioning_port::tests::observations_keep_time_and_error_classes ... ok
#12 35.16 test fixture_support::provisioning_reads::tests::errors_remain_explicit_and_identity_and_unknown_fields_fail_closed ... ok
#12 35.16 test fixture_support::stage_effect::tests::legacy_clone_authorizes_only_exact_new_resize_without_reassignment ... ok
#12 35.26 test observer::boundary_tests::credential_denial_precedes_client_build_for_every_denied_mode ... ok
#12 35.26 test observer::boundary_tests::denied_production_target_never_reaches_client_builder ... ok
#12 35.26 test tests::clone_intent_rejects_a_upid_for_another_node ... ok
#12 35.26 test tests::combined_http_observation_evaluates_fresh_facts_after_collection ... ok
#12 35.33 test tests::contradictory_uuid_or_mac_is_never_identity_satisfied ... ok
#12 35.34 test tests::delayed_loopback_response_maps_to_timeout ... ok
#12 35.84 test tests::http_401_and_403_are_unauthorized_without_response_payloads ... ok
#12 35.85 test tests::http_404_and_409_remain_distinct_read_errors ... ok
#12 35.87 test tests::identifiers_and_base_urls_reject_unsafe_or_ambiguous_values ... ok
#12 35.87 test tests::injected_evaluation_clock_runs_after_http_collection_and_rejects_old_or_future_facts ... ok
#12 35.90 test tests::late_upid_completion_is_a_new_fact_without_replaying_requests ... ok
#12 35.91 test tests::loopback_target_never_uses_proxy_environment ... 
#12 35.93 running 1 test
#12 36.23 test tests::loopback_target_never_uses_proxy_environment ... ok
#12 36.23 
#12 36.23 test result: ok. 1 passed; 0 failed; 0 ignored; 0 measured; 35 filtered out; finished in 0.30s
#12 36.23 
#12 36.23 ok
#12 36.23 test tests::not_found_and_conflict_are_unavailable_observations ... ok
#12 36.23 test tests::observer_never_follows_a_redirect_hop ... ok
#12 36.49 test tests::old_observations_are_stale ... ok
#12 36.49 test tests::qga_ping_uses_the_typed_post_observation_endpoint ... ok
#12 36.50 test tests::redirect_to_production_is_rejected_without_a_production_attempt ... ok
#12 36.51 test tests::retryable_protocol_response_has_at_most_one_wire_attempt ... ok
#12 36.63 test tests::sanitized_upid_fixture_decodes_as_completed_task ... ok
#12 36.63 test tests::sanitized_upid_fixture_decodes_as_failed_task ... ok
#12 36.64 test tests::stopped_failure_is_distinct_from_a_running_task ... ok
#12 36.64 test tests::task_status_rejects_route_node_mismatch_before_a_request ... ok
#12 36.64 test tests::timeout_is_timed_out_not_failed ... ok
#12 36.64 test tests::upid_requires_the_documented_proxmox_field_shape ... ok
#12 36.64 test tests::upid_success_is_not_vm_postcondition ... ok
#12 36.64 
#12 36.64 test result: ok. 36 passed; 0 failed; 0 ignored; 0 measured; 0 filtered out; finished in 1.72s
#12 36.64 
#12 36.65      Running tests/credentials.rs (rust-controller/target/debug/deps/credentials-676816cb1741045a)
#12 36.67 
#12 36.67 running 4 tests
#12 36.67 test default_observer_sends_no_authorization ... ok
#12 36.73 test redirect_cannot_forward_token_or_issue_second_request ... ok
#12 36.74 test token_is_sent_once_only_in_sensitive_authorization_header ... ok
#12 36.74 test token_validation_and_debug_never_echo_input ... ok
#12 36.74 
#12 36.74 test result: ok. 4 passed; 0 failed; 0 ignored; 0 measured; 0 filtered out; finished in 0.08s
#12 36.74 
#12 36.75      Running tests/durable_fixture_log.rs (rust-controller/target/debug/deps/durable_fixture_log-1cd00195465159ea)
#12 36.76 
#12 36.76 running 12 tests
#12 36.76 test acceptance_and_world_transition_recover_together_after_durable_attempt ... ok
#12 36.78 test duplicate_attempt_cannot_accept_and_reordered_valid_frames_fail_recovery ... ok
#12 36.79 test durable_fixture_log::power_tests::atomic_start_admission_survives_replay_without_consuming_duplicate_authority ... ok
#12 36.80 test durable_fixture_log::power_tests::power_replay_requires_exact_effect_and_fresh_observation ... ok
#12 36.81 test effect_lookup_rejects_invalid_identity_without_appending ... ok
#12 36.81 test every_truncated_record_and_checksum_corruption_fail_closed ... ok
#12 36.82 test invalid_inputs_do_not_append_and_create_never_overwrites ... ok
#12 36.82 test rejects_trailing_garbage_oversized_lines_and_replayed_frames ... ok
#12 36.82 test restart_preserves_every_duplicate_attempt_including_changed_digest ... ok
#12 36.83 test stage_identity_rejects_legacy_mixing_and_invalid_authority ... ok
#12 36.83 test stage_keys_replay_exactly_and_bind_original_authority ... ok
#12 36.85 test stage_replay_rejects_canonical_but_rebound_effects_and_ambiguous_legacy ... ok
#12 36.86 
#12 36.86 test result: ok. 12 passed; 0 failed; 0 ignored; 0 measured; 0 filtered out; finished in 0.10s
#12 36.86 
#12 36.86      Running tests/fixture_checkpoint.rs (rust-controller/target/debug/deps/fixture_checkpoint-221d63a857da86b5)
#12 36.87 
#12 36.87 running 2 tests
#12 36.87 test missing_checkpoint_daemon_is_typed_unavailable ... ok
#12 36.88 test trait_object_checkpoint_preserves_native_pause_and_release ... ok
#12 36.89 
#12 36.89 test result: ok. 2 passed; 0 failed; 0 ignored; 0 measured; 0 filtered out; finished in 0.02s
#12 36.89 
#12 36.89      Running tests/fixture_clone_contract.rs (rust-controller/target/debug/deps/fixture_clone_contract-c1f8ca9d2c63a3bc)
#12 36.90 
#12 36.90 running 8 tests
#12 36.90 test bound_stable_read_adapter_reports_unavailable_late_transport ... ok
#12 36.94 test clone_task_receipt_requires_source_node_worker_and_synthetic_user ... ok
#12 36.94 test daemon_clone_commits_receipt_and_rejects_duplicate_after_restart ... ok
#12 38.99 test late_authorization_candidate_requires_exact_dispatch_and_entered_owner ... ok
#12 39.00 test late_resize_requires_original_clone_and_never_submits_before_checkpoint ... ok
#12 39.09 test receipt_rejects_mismatched_fixture_request_sequence_and_extra_fields ... ok
#12 39.10 test request_and_original_task_receipt_round_trip_without_identity_loss ... ok
#12 39.10 test request_rejects_unknown_fields_versions_nil_fixture_and_invalid_typed_clone ... ok
#12 39.10 
#12 39.10 test result: ok. 8 passed; 0 failed; 0 ignored; 0 measured; 0 filtered out; finished in 2.20s
#12 39.10 
#12 39.11      Running tests/fixture_controller_admission.rs (rust-controller/target/debug/deps/fixture_controller_admission-a701a0c6eac83071)
#12 39.12 
#12 39.12 running 5 tests
#12 39.12 test clone_admission_requires_each_daemon_read_family ... ok
#12 39.21 test clone_vacancy_does_not_require_power_for_an_absent_target ... ok
#12 39.25 test complete_inventory_does_not_upgrade_partial_identity_coverage ... ok
#12 39.30 test node_inventory_cannot_be_promoted_to_global_identity_coverage ... ok
#12 39.34 test source_power_without_explicit_unlocked_observation_blocks_clone ... ok
#12 39.39 
#12 39.39 test result: ok. 5 passed; 0 failed; 0 ignored; 0 measured; 0 filtered out; finished in 0.27s
#12 39.39 
#12 39.39      Running tests/fixture_daemon.rs (rust-controller/target/debug/deps/fixture_daemon-f2013948a187c6df)
#12 39.40 
#12 39.40 running 22 tests
#12 39.40 test accepted_effect_lookup_binds_request_and_survives_restart ... ok
#12 39.53 test bound_late_clone_consumes_exact_authorization_once ... ok
#12 39.77 test bound_late_clone_persistence_failure_creates_no_effect ... ok
#12 39.89 test clone_reads_preserve_seed_errors_identity_and_restart_observations ... ok
#12 40.07 test daemon_lifetime_keeps_a_sixty_second_hard_limit ... ok
#12 40.08 test delayed_payload_is_read_within_the_frame_deadline ... ok
#12 40.13 test durable_fixture_log::power_tests::atomic_start_admission_survives_replay_without_consuming_duplicate_authority ... ok
#12 40.14 test durable_fixture_log::power_tests::power_replay_requires_exact_effect_and_fresh_observation ... ok
#12 40.15 test effects_commit_replay_and_reject_duplicates_over_ipc ... ok
#12 40.28 test endpoint_substitution_and_corrupt_restart_fail_closed ... ok
#12 40.33 test fixture_daemon_child ... ignored, subprocess entry point only
#12 40.33 test killed_daemon_rebind_requires_supervisor_cleanup_and_preserves_ledger ... ok
#12 40.44 test late_authorization_is_supervisor_owned_atomic_and_invalidated_on_restart ... ok
#12 41.83 test missing_lock_or_invalid_coverage_prevents_daemon_startup ... ok
#12 41.94 test oversized_and_partial_requests_cannot_mutate_or_stall_daemon ... ok
#12 42.20 test provisioning_reads_preserve_populated_facts_errors_and_restart_identity ... ok
#12 42.45 test read_client_observes_daemon_owned_effect_without_writing ... ok
#12 42.52 test separate_process_enforces_control_boundary_and_durable_duplicate_ledger ... ok
#12 42.60 test snapshot_is_daemon_owned_and_survives_restart ... ok
#12 42.74 test stable_v2_collection_is_versioned_and_survives_restart_without_request_digest ... ok
#12 42.92 test supervisor_checkpoint_release_timeout_and_restart_are_owned ... ok
#12 43.08 test target_presence_and_power_survive_restart_without_mutation ... ok
#12 43.33 
#12 43.33 test result: ok. 21 passed; 0 failed; 1 ignored; 0 measured; 0 filtered out; finished in 3.92s
#12 43.33 
#12 43.33      Running tests/fixture_inventory_projection.rs (rust-controller/target/debug/deps/fixture_inventory_projection-f673781011ec2782)
#12 43.34 
#12 43.34 running 3 tests
#12 43.34 test inventory_status_requires_explicit_valid_snapshot_bound_observation ... ok
#12 43.35 test seeded_inventory_status_supplies_its_own_power_observation ... ok
#12 43.36 test unrelated_inventory_identity_preserves_its_own_configuration_coverage ... ok
#12 43.36 
#12 43.36 test result: ok. 3 passed; 0 failed; 0 ignored; 0 measured; 0 filtered out; finished in 0.02s
#12 43.36 
#12 43.36      Running tests/fixture_inventory_v2.rs (rust-controller/target/debug/deps/fixture_inventory_v2-93ffd9b23fa9f590)
#12 43.38 
#12 43.38 running 1 test
#12 43.38 test inventory_v2_preserves_opaque_identity_and_rejects_rebinding_and_partial_facts ... ok
#12 43.51 
#12 43.51 test result: ok. 1 passed; 0 failed; 0 ignored; 0 measured; 0 filtered out; finished in 0.13s
#12 43.51 
#12 43.51      Running tests/fixture_legacy_resize.rs (rust-controller/target/debug/deps/fixture_legacy_resize-51a4f1ba23194c47)
#12 43.52 
#12 43.52 running 1 test
#12 43.52 test legacy_clone_bridge_requires_original_receipt_across_daemon_restarts ... ok
#12 43.93 
#12 43.93 test result: ok. 1 passed; 0 failed; 0 ignored; 0 measured; 0 filtered out; finished in 0.40s
#12 43.93 
#12 43.93      Running tests/fixture_post_dispatch.rs (rust-controller/target/debug/deps/fixture_post_dispatch-8f682520fbcc9ea0)
#12 43.94 
#12 43.94 running 12 tests
#12 43.94 test every_observation_is_bounded_by_independent_acceptance_and_collection_times ... ok
#12 44.03 test exact_receipt_request_and_vm_identity_cannot_be_substituted ... ok
#12 44.04 test full_start_pe_worker_death_preserves_exact_publication_and_ledger ... ok
#12 45.60 test stage_publication_binds_owner_attempt_and_restart_for_clone_and_resize ... ok
#12 45.99 test stage_resize_observations_require_exact_digest_and_resize_receipt ... ok
#12 46.05 test start_full_process::daemon_child ... ok
#12 46.05 test start_full_process::restoration_child ... ok
#12 46.05 test strict_wire_rejects_missing_extra_duplicate_and_oversized_fields ... ok
#12 46.06 test supervisor_publication_requires_accepted_effect_and_invalidates_on_restart ... ok
#12 46.25 test synchronous_configure_publication_requires_resize_and_invalidates_on_restart ... ok
#12 47.44 test synchronous_contract_requires_configure_receipt_and_rejects_task_fields ... ok
#12 47.50 test typed_observations_preserve_task_states_absence_errors_and_partial_coverage ... ok
#12 47.50 
#12 47.50 test result: ok. 12 passed; 0 failed; 0 ignored; 0 measured; 0 filtered out; finished in 3.57s
#12 47.51 
#12 47.51      Running tests/fixture_provisioning_reads.rs (rust-controller/target/debug/deps/fixture_provisioning_reads-919a016bcabfca4c)
#12 47.52 
#12 47.52 running 5 tests
#12 47.52 test lock_and_coverage_are_explicit_strict_and_never_upgraded ... ok
#12 47.56 test populated_config_and_media_reject_wrong_identity_time_and_invalid_content ... ok
#12 47.56 test populated_config_media_and_explicit_errors_round_trip_without_refresh ... ok
#12 47.56 test target_config_identity_time_and_power_envelopes_are_strict ... ok
#12 47.56 test target_presence_and_absence_keep_independent_power_observations ... ok
#12 47.57 
#12 47.57 test result: ok. 5 passed; 0 failed; 0 ignored; 0 measured; 0 filtered out; finished in 0.05s
#12 47.57 
#12 47.57      Running tests/fixture_read_client.rs (rust-controller/target/debug/deps/fixture_read_client-21a5b1c422de7fd4)
#12 47.58 
#12 47.58 running 2 tests
#12 47.58 test stalled_peer_and_input_bounds ... ok
#12 47.63 test status_and_invalid_replies ... ok
#12 47.64 
#12 47.64 test result: ok. 2 passed; 0 failed; 0 ignored; 0 measured; 0 filtered out; finished in 0.06s
#12 47.64 
#12 47.64      Running tests/fixture_stage.rs (rust-controller/target/debug/deps/fixture_stage-9242188a2e304a35)
#12 47.65 
#12 47.65 running 5 tests
#12 47.65 test controller_request_checkpoint_rejects_unbound_and_unsupported_stages ... ok
#12 47.74 test first_four_stage_contracts_bind_exact_request_and_receipt_kind ... ok
#12 47.82 test stage_transport_rejects_without_attempts_or_effects_across_restart ... ok
#12 49.86 test start_pe_requires_exact_configure_predecessor_and_target_start_receipt ... ok
#12 49.93 test start_validation_rejects_adapter_identity_before_socket_io ... ok
#12 49.98 
#12 49.98 test result: ok. 5 passed; 0 failed; 0 ignored; 0 measured; 0 filtered out; finished in 2.33s
#12 49.98 
#12 49.98      Running tests/fixture_stage_consumers.rs (rust-controller/target/debug/deps/fixture_stage_consumers-953992f482cef7aa)
#12 49.99 
#12 49.99 running 2 tests
#12 49.99 test durable_clone_resize_configure_requires_exact_accepted_predecessor ... ok
#12 50.56 test stage_consumers_bind_all_fields_and_restart_without_mutation ... ok
#12 50.87 
#12 50.88 test result: ok. 2 passed; 0 failed; 0 ignored; 0 measured; 0 filtered out; finished in 0.89s
#12 50.88 
#12 50.88      Running tests/fixture_task.rs (rust-controller/target/debug/deps/fixture_task-62ccd373bacdd19d)
#12 50.89 
#12 50.89 running 2 tests
#12 50.89 test task_envelope_rejects_unknown_and_invalid_data ... ok
#12 50.90 test task_observation_survives_restart_and_binds_all_identity_fields ... ok
#12 51.95 
#12 51.95 test result: ok. 2 passed; 0 failed; 0 ignored; 0 measured; 0 filtered out; finished in 1.06s
#12 51.95 
#12 51.95      Running tests/infrastructure_visibility.rs (rust-controller/target/debug/deps/infrastructure_visibility-781a9e260cf2e35e)
#12 51.98 
#12 51.98 running 26 tests
#12 51.98 test duplicate_identity_invalidates_network_report ... ok
#12 51.99 test duplicate_identity_is_detected_before_metadata_rejection ... ok
#12 51.99 test empty_network_remains_unverified ... ok
#12 51.99 test interface_activity_preserves_zero_one_and_missing ... ok
#12 51.99 test invalid_activity_is_counted ... ok
#12 51.99 test invalid_interface_identity_is_counted ... ok
#12 51.99 test invalid_or_crossnode_binding_invalidates_even_otherwise_malformed_rows ... ok
#12 51.99 test invalid_or_mismatched_node_binding_invalidates_node_report ... ok
#12 52.00 test malformed_rows_are_counted_without_losing_valid_rows ... ok
#12 52.00 test matching_network_node_binding_is_retained ... ok
#12 52.00 test matching_node_binding_is_retained ... ok
#12 52.00 test missing_or_nonstring_type_is_counted ... ok
#12 52.00 test missing_uptime_is_unknown ... ok
#12 52.00 test network_row_limit_accepts_1024_and_rejects_1025 ... ok
#12 52.00 test network_serialization_preserves_order_and_only_sanitized_fields ... ok
#12 52.01 test network_timestamp_is_preserved ... ok
#12 52.01 test node_serialization_retains_only_sanitized_visibility ... ok
#12 52.01 test node_timestamp_is_preserved ... ok
#12 52.01 test nonarray_network_data_is_invalid ... ok
#12 52.01 test nonobject_node_data_is_invalid ... ok
#12 52.01 test opaque_interface_identity_accepts_exact_byte_and_character_boundaries ... ok
#12 52.01 test ovs_and_missing_activity_remain_visible ... ok
#12 52.01 test positive_and_maximum_uptime_are_retained ... ok
#12 52.01 test present_invalid_uptime_invalidates_report ... ok
#12 52.01 test unknown_interface_types_remain_visible_without_raw_metadata ... ok
#12 52.01 test zero_uptime_is_visibility_not_online_authority ... ok
#12 52.01 
#12 52.01 test result: ok. 26 passed; 0 failed; 0 ignored; 0 measured; 0 filtered out; finished in 0.03s
#12 52.01 
#12 52.01      Running tests/infrastructure_visibility_http.rs (rust-controller/target/debug/deps/infrastructure_visibility_http-f3f6e68b3366f797)
#12 52.03 
#12 52.03 running 22 tests
#12 52.03 test authenticated_network_preserves_ovs_missing_activity_and_rejected_rows ... ok
#12 52.09 test authenticated_node_zero_uptime_is_one_timestamped_unverified_get ... ok
#12 52.16 test cancelling_collection_closes_body_and_does_not_retry ... ok
#12 56.50 test chunked_oversize_is_rejected ... ok
#12 56.53 test conflict_409_is_fixed_and_not_retried ... ok
#12 56.54 test cross_node_network_row_rejects_report ... ok
#12 56.54 test declared_oversize_is_rejected_before_reading_body ... ok
#12 56.55 test duplicate_interface_after_rejected_metadata_rejects_report ... ok
#12 56.56 test eof_oversize_is_rejected ... ok
#12 56.58 test exactly_one_mib_valid_bodies_are_accepted ... ok
#12 56.61 test forbidden_403_is_fixed_and_not_retried ... ok
#12 56.62 test invalid_network_shape_is_rejected ... ok
#12 56.62 test invalid_node_data_is_rejected ... ok
#12 56.63 test malformed_envelopes_are_rejected ... ok
#12 56.66 test missing_404_is_fixed_and_not_retried ... ok
#12 56.67 test network_1025_rows_is_rejected ... ok
#12 56.68 test proxy_environment_never_receives_node_or_network_requests ... 
#12 56.70 running 1 test
#12 57.70 test authenticated_node_zero_uptime_is_one_timestamped_unverified_get ... ok
#12 57.70 
#12 57.70 test result: ok. 1 passed; 0 failed; 0 ignored; 0 measured; 21 filtered out; finished in 1.00s
#12 57.70 
#12 57.73 
#12 57.73 running 1 test
#12 57.80 test authenticated_network_preserves_ovs_missing_activity_and_rejected_rows ... ok
#12 57.80 
#12 57.80 test result: ok. 1 passed; 0 failed; 0 ignored; 0 measured; 21 filtered out; finished in 0.07s
#12 57.80 
#12 57.81 ok
#12 57.81 test redirects_never_contact_target_or_forward_credentials ... ok
#12 57.82 test request_deadline_overrides_larger_client_timeout ... ok
#12 61.86 test server_500_is_fixed_and_not_retried ... ok
#12 61.87 test unauthorized_401_is_fixed_and_not_retried ... ok
#12 61.89 test whole_body_deadline_includes_time_already_spent_waiting_for_headers ... ok
#12 65.90 
#12 65.90 test result: ok. 22 passed; 0 failed; 0 ignored; 0 measured; 0 filtered out; finished in 13.85s
#12 65.90 
#12 65.90      Running tests/native_contract.rs (rust-controller/target/debug/deps/native_contract-f0b07b5967ac6579)
#12 65.93 
#12 65.93 running 16 tests
#12 65.93 test changed_digest_alone_rejects_configure_without_refresh_or_resend ... ok
#12 65.96 test clone_outcomes_distinguish_rejection_loss_failure_and_delayed_application ... ok
#12 65.97 test configure_and_start_outcomes_preserve_their_distinct_receipt_contracts ... ok
#12 65.97 test delayed_clone_cannot_overwrite_an_occupant_inserted_before_completion ... ok
#12 65.97 test every_mutable_plan_field_and_step_changes_canonical_digest ... ok
#12 65.98 test fixed_requests_apply_identity_preserve_disk_and_provenance ... ok
#12 65.98 test historical_binding_can_be_old_but_current_identity_and_final_fields_must_match ... ok
#12 65.98 test http_observer_never_imports_fake_provenance_from_response ... ok
#12 66.03 test immutable_plan_roundtrip_rejects_unknown_fields_and_invalid_values ... ok
#12 66.04 test missing_or_mismatched_provenance_and_stale_or_wrong_identity_cannot_configure ... ok
#12 66.04 test normal_infrastructure_reads_refresh_time_but_explicit_stale_config_does_not ... ok
#12 66.04 test request_markers_and_operation_ids_are_hashed_and_provenance_is_not_circular ... ok
#12 66.05 test retained_marker_does_not_hide_changed_intermediate_identity_or_disk ... ok
#12 66.05 test successful_clone_task_and_same_name_do_not_authorize_foreign_occupant ... ok
#12 66.05 test typed_fake_reads_report_inventory_storage_power_and_no_guest_readiness ... ok
#12 66.06 test typed_fault_hooks_preserve_read_errors_and_gate_submission ... ok
#12 66.06 
#12 66.06 test result: ok. 16 passed; 0 failed; 0 ignored; 0 measured; 0 filtered out; finished in 0.13s
#12 66.06 
#12 66.06      Running tests/network_deny.rs (rust-controller/target/debug/deps/network_deny-0b4dc9799107d7a6)
#12 66.08 
#12 66.08 running 6 tests
#12 66.08 test adapter_permission_cannot_authorize_a_non_loopback_target ... ok
#12 66.08 test credentials_never_authorize_denied_targets_or_send_requests ... ok
#12 66.09 test every_non_loopback_target_is_denied_without_explicit_observe_permission ... ok
#12 66.09 test normalized_literal_loopback_targets_remain_local_test_targets ... ok
#12 66.09 test production_address_is_rejected_before_http_client_construction ... ok
#12 66.09 test production_observe_requires_explicit_read_permission ... ok
#12 66.10 
#12 66.10 test result: ok. 6 passed; 0 failed; 0 ignored; 0 measured; 0 filtered out; finished in 0.02s
#12 66.10 
#12 66.10      Running tests/preflight.rs (rust-controller/target/debug/deps/preflight-92d393aef615b624)
#12 66.11 
#12 66.11 running 15 tests
#12 66.11 test absence_does_not_accept_stale_or_future_inventory ... ok
#12 66.19 test additional_nics_cannot_hide_malformed_identity_behind_unsupported_layout ... ok
#12 66.20 test all_preflight_routes_return_bound_typed_facts ... ok
#12 66.22 test every_snapshot_enforces_thirty_second_freshness_and_rejects_future_facts ... ok
#12 66.22 test inventory_rejects_duplicate_vmids_and_malformed_identity ... ok
#12 66.22 test lock_and_agent_state_are_preserved_and_normalized ... ok
#12 66.22 test native_config_rejects_missing_or_malformed_required_facts ... ok
#12 66.22 test node_storage_and_bridge_wire_validation_fails_closed ... ok
#12 66.22 test power_status_rejects_wrong_identity_and_unknown_states ... ok
#12 66.23 test sanitized_decoding_rejects_forged_or_malformed_fact_fields ... ok
#12 66.23 test sanitized_maps_reject_duplicate_identity_keys ... ok
#12 66.24 test sanitized_snapshots_round_trip_through_validated_deserialization ... ok
#12 66.24 test status_decode_and_timeout_failures_are_fixed_and_never_leak_body ... ok
#12 66.52 test target_absence_requires_inventory_exclusion_and_config_not_found ... ok
#12 66.74 test unsupported_configuration_is_typed_and_never_copies_raw_text ... ok
#12 66.74 
#12 66.74 test result: ok. 15 passed; 0 failed; 0 ignored; 0 measured; 0 filtered out; finished in 0.63s
#12 66.74 
#12 66.75      Running tests/provisioning_config.rs (rust-controller/target/debug/deps/provisioning_config-47901d986ad301fc)
#12 66.76 
#12 66.76 running 20 tests
#12 66.76 test capacity_is_exact_positive_checked_binary_bytes ... ok
#12 66.78 test comma_syntax_duplicates_fail_before_unsupported_projection ... ok
#12 66.78 test explicit_core_fields_types_and_binding_cannot_be_defaulted ... ok
#12 66.78 test fake_marker_requires_fake_source_valid_provenance_and_target_binding ... ok
#12 66.79 test fake_provenance_object_shape_is_required_without_changing_legacy_type ... ok
#12 66.79 test media_discriminators_require_strings_standalone_and_in_snapshots ... ok
#12 66.79 test media_inventory_binds_storage_unique_bounded_volids_and_explicit_coverage ... ok
#12 66.80 test nested_before_state_still_rejects_object_source_discriminators ... ok
#12 66.80 test nested_persisted_fields_reject_duplicates_and_unknowns_without_payloads ... ok
#12 66.80 test old_native_parser_keeps_rejecting_rich_layout ... ok
#12 66.81 test persisted_config_exact_shape_rejects_missing_duplicate_and_unknown_fields ... ok
#12 66.81 test persisted_facts_require_objects_even_when_an_array_has_valid_ordered_fields ... ok
#12 66.81 test persisted_sanitized_invariants_cannot_be_forged ... ok
#12 66.81 test qga_is_a_bound_observation_and_auxiliary_persisted_shapes_validate ... ok
#12 66.82 test rich_source_discriminator_requires_strings_from_str ... ok
#12 66.82 test rich_source_discriminator_requires_strings_from_value ... ok
#12 66.82 test rich_template_and_destination_preserve_every_sanitized_field ... ok
#12 66.82 test standalone_classification_decoders_never_echo_untrusted_values ... ok
#12 66.82 test template_semantic_hash_has_independent_golden_and_exact_field_binding ... ok
#12 66.82 test unsupported_values_are_fixed_payload_free_and_block_template_admission ... ok
#12 66.83 
#12 66.83 test result: ok. 20 passed; 0 failed; 0 ignored; 0 measured; 0 filtered out; finished in 0.07s
#12 66.83 
#12 66.83      Running tests/provisioning_evaluation.rs (rust-controller/target/debug/deps/provisioning_evaluation-820e9b2e79856ced)
#12 66.84 
#12 66.84 running 25 tests
#12 66.84 test all_possible_send_states_never_return_ready ... ok
#12 66.95 test cancellation_ineligible_state_deadline_and_freshness_boundaries ... ok
#12 67.04 test clone_outcome_source_change_and_request_provenance_are_conflicts ... ok
#12 67.09 test complete_legacy_identity_projection_can_cover_shared_namespace ... ok
#12 67.14 test evidence_persistence_is_required_nullable_and_route_validated ... ok
#12 67.63 test failed_clone_with_exact_unchanged_vacancy_is_failed ... ok
#12 67.68 test historical_owner_and_predecessor_cannot_cross_run_workflow_or_request ... ok
#12 67.74 test inventory_coverage_errors_collisions_and_legacy_projection_are_conservative ... ok
#12 67.79 test media_requires_both_exact_full_storage_catalogs ... ok
#12 67.84 test no_change_is_limited_to_capacity_and_stop_before_dispatch ... ok
#12 67.89 test outcome_cannot_use_stale_source_snapshot_in_inventory_comparison ... ok
#12 67.94 test receipt_collection_clock_and_absence_power_contradiction_are_checked ... ok
#12 67.99 test receipt_substitution_is_rejected_in_context_and_evidence ... ok
#12 68.04 test retained_capacity_including_nonintegral_bytes_continues_without_resize ... ok
#12 68.17 test same_target_vmid_on_another_node_blocks_even_with_local_404 ... ok
#12 68.22 test seven_action_physical_chain_preserves_original_clone_proof ... ok
#12 68.27 test snapshot_wrapper_and_collection_clocks_are_independent ... ok
#12 68.34 test supported_layout_lock_template_and_digest_changes_are_independent ... ok
#12 68.45 test synchronous_lost_receipt_requires_exact_original_reconciliation ... ok
#12 68.53 test task_dispatch_without_receipt_stays_unknown_even_with_desired_world ... ok
#12 68.59 test task_failure_and_running_do_not_mask_replaced_disks ... ok
#12 68.67 test task_snapshot_cannot_predate_receipt_acceptance ... ok
#12 68.73 test task_success_does_not_replace_missing_physical_postconditions ... ok
#12 68.80 test unrelated_before_and_after_categories_cannot_be_hidden_by_task_success ... ok
#12 69.01 test wrong_identity_projection_duplicate_keys_and_incomplete_catalogs_are_rejected ... ok
#12 69.06 
#12 69.06 test result: ok. 25 passed; 0 failed; 0 ignored; 0 measured; 0 filtered out; finished in 2.21s
#12 69.06 
#12 69.06      Running tests/provisioning_expectations.rs (rust-controller/target/debug/deps/provisioning_expectations-acfa78220becdc67)
#12 69.07 
#12 69.07 running 7 tests
#12 69.07 test admits_explicit_capacity_and_normalizes_template_sha ... ok
#12 69.08 test canonical_shape_roundtrips_and_all_inputs_bind_the_fingerprint ... ok
#12 69.09 test enforces_approved_hash_serial_and_iso_token_rules ... ok
#12 69.09 test nested_vm_plan_must_keep_its_named_fields_in_new_contract ... ok
#12 69.09 test persisted_expectation_and_operation_shape_requires_an_object ... ok
#12 69.09 test persisted_expectations_and_plans_cannot_bypass_admission ... ok
#12 69.09 test rejects_invalid_growth_but_retains_exact_template_bytes ... ok
#12 69.09 
#12 69.09 test result: ok. 7 passed; 0 failed; 0 ignored; 0 measured; 0 filtered out; finished in 0.02s
#12 69.09 
#12 69.09      Running tests/provisioning_fake.rs (rust-controller/target/debug/deps/provisioning_fake-8bcb22af9f3997f1)
#12 69.11 
#12 69.11 running 23 tests
#12 69.11 test accepted_task_can_physically_finish_after_strict_controller_deadline ... ok
#12 69.17 test clone_changes_the_shared_world_without_preconfiguring_final_identity ... ok
#12 69.23 test clone_preserves_source_serials_resources_and_media_without_final_preconfiguration ... ok
#12 69.23 test current_power_route_media_and_catalog_changes_are_rejected_at_admission ... ok
#12 69.52 test delayed_clone_rejects_new_target_and_legacy_replacement_without_touching_occupants ... ok
#12 69.53 test delayed_work_cannot_target_copied_replacement_or_independent_power_change ... ok
#12 69.78 test exact_before_state_rejects_tampering_even_when_digest_and_marker_are_copied ... ok
#12 70.12 test fixture_source_and_script_source_cannot_claim_live_pve ... ok
#12 70.12 test full_world_sequence_grows_80_to_120_and_preserves_power_only_fields ... ok
#12 70.18 test full_world_sequence_retains_160_for_requested_120 ... ok
#12 70.24 test full_world_sequence_retains_exact_non_whole_gib_capacity ... ok
#12 70.30 test history_preserves_exact_ordered_forms_and_only_allowed_effects ... ok
#12 70.36 test independent_qga_survives_config_power_and_does_not_invalidate_delayed_growth ... ok
#12 70.42 test legacy_fault_and_pause_controls_do_not_leak_into_provisioning ... ok
#12 70.43 test missing_distinct_catalog_and_growth_delta_reject_without_world_change ... ok
#12 70.47 test mixed_family_inventory_downcasts_coverage_and_reserved_identity_collisions ... ok
#12 70.48 test outcome_matrix_records_attempts_acceptance_and_actual_effects ... ok
#12 71.45 test pe_and_disk_faults_are_independent_despite_identical_start_forms ... ok
#12 71.55 test pending_resources_overlap_across_families_and_completions_keep_separate_queues ... ok
#12 71.56 test provisioning_pause_rechecks_world_and_records_only_resumed_admission ... ok
#12 71.57 test scripted_errors_and_pauses_are_independent_observations ... ok
#12 71.57 test scripts_preserve_routes_timestamps_and_unsupported_facts_without_world_effects ... ok
#12 71.57 test selector_priority_fifo_duplicate_and_failed_admission_do_not_consume_faults ... ok
#12 71.58 
#12 71.58 test result: ok. 23 passed; 0 failed; 0 ignored; 0 measured; 0 filtered out; finished in 2.47s
#12 71.58 
#12 71.58      Running tests/provisioning_requests.rs (rust-controller/target/debug/deps/provisioning_requests-963f5a0d585a7b7a)
#12 71.59 
#12 71.59 running 12 tests
#12 71.60 test binding_rejects_invalid_full_workflow_hash ... ok
#12 71.61 test bindings_compare_attempt_identity_but_not_collection_fence ... ok
#12 71.62 test complete_request_json_and_digest_golden ... ok
#12 71.69 test constructor_serial_compatibility_is_checked_for_every_family ... ok
#12 71.75 test dispatch_and_receipt_reconstruction_enforce_full_request_and_provenance ... ok
#12 71.91 test every_action_admits_twenty_and_rejects_twenty_one_byte_desired_serials ... ok
#12 71.98 test every_closed_variant_has_a_pinned_complete_digest ... ok
#12 72.09 test every_request_hash_binds_clock_digest_operation_attempt_workflow_and_fence ... ok
#12 72.20 test persisted_owned_reference_tampering_never_recreates_historical_authority ... ok
#12 72.30 test persisted_requests_reject_missing_unknown_duplicate_and_object_discriminators ... ok
#12 72.41 test receipt_workers_nodes_and_vmids_are_closed ... ok
#12 72.47 test requests_pin_exact_forms_routes_and_distinct_start_digests ... ok
#12 72.53 
#12 72.53 test result: ok. 12 passed; 0 failed; 0 ignored; 0 measured; 0 filtered out; finished in 0.94s
#12 72.53 
#12 72.53      Running tests/visibility.rs (rust-controller/target/debug/deps/visibility-fcc36fdc5feb58b2)
#12 72.54 
#12 72.54 running 17 tests
#12 72.54 test duplicate_identity_is_detected_even_when_metadata_is_rejected ... ok
#12 72.55 test duplicate_valid_vmid_rejects_response_across_nodes_and_kinds ... ok
#12 72.55 test empty_inventory_never_claims_verified_coverage ... ok
#12 72.55 test invalid_nodes_are_rejected_and_counted ... ok
#12 72.55 test invalid_optional_template_is_rejected_and_counted ... ok
#12 72.55 test invalid_vmids_are_rejected_and_counted ... ok
#12 72.55 test missing_identity_and_non_object_rows_are_rejected_and_counted ... ok
#12 72.55 test missing_or_non_string_kind_is_rejected_without_defaulting_to_qemu ... ok
#12 72.55 test missing_status_is_unknown ... ok
#12 72.55 test mixed_inventory_preserves_lxc_and_unknown_metadata ... ok
#12 72.56 test non_array_response_is_rejected ... ok
#12 72.56 test present_non_string_status_is_rejected_and_counted ... ok
#12 72.56 test row_limit_accepts_1024_and_rejects_1025_before_row_validation ... ok
#12 72.56 test sanitization_preserves_wire_order_timestamp_and_rejection_count ... ok
#12 72.56 test stopped_and_template_one_remain_explicit ... ok
#12 72.56 test unknown_kind_is_preserved_without_retaining_raw_type ... ok
#12 72.57 test unknown_status_is_unknown_without_retaining_raw_status ... ok
#12 72.57 
#12 72.57 test result: ok. 17 passed; 0 failed; 0 ignored; 0 measured; 0 filtered out; finished in 0.02s
#12 72.57 
#12 72.57      Running tests/visibility_http.rs (rust-controller/target/debug/deps/visibility_http-d32ed6faf701d279)
#12 72.58 
#12 72.58 running 11 tests
#12 72.58 test authenticated_inventory_is_exactly_one_get_and_timestamped_after_collection ... ok
#12 72.70 test body_byte_limit_is_enforced_for_declared_chunked_and_eof_streams ... ok
#12 72.72 test dropped_collection_does_not_start_another_request ... ok
#12 74.83 test exactly_one_mib_body_is_accepted ... ok
#12 74.84 test http_failures_are_fixed_categories_without_retry ... ok
#12 74.87 test invalid_envelopes_data_and_row_limit_are_rejected ... ok
#12 74.90 test proxy_environment_canary_receives_no_request ... 
#12 74.94 running 1 test
#12 75.05 test authenticated_inventory_is_exactly_one_get_and_timestamped_after_collection ... ok
#12 75.05 
#12 75.05 test result: ok. 1 passed; 0 failed; 0 ignored; 0 measured; 10 filtered out; finished in 0.11s
#12 75.05 
#12 75.06 ok
#12 75.06 test redirect_target_receives_no_request ... ok
#12 75.07 test rejected_rows_remain_successful_non_authoritative_visibility ... ok
#12 75.07 test request_deadline_also_bounds_an_unfinished_streaming_body ... ok
#12 77.08 test request_times_out_after_two_seconds_without_retry ... ok
#12 79.08 
#12 79.08 test result: ok. 11 passed; 0 failed; 0 ignored; 0 measured; 0 filtered out; finished in 6.50s
#12 79.08 
#12 79.09    Doc-tests pve_port
#12 81.16 
#12 81.16 running 1 test
#12 81.16 test crates/pve-port/src/fixture_support/provisioning_port.rs - fixture_support::provisioning_port::FixtureProvisioningPort (line 16) ... ok
#12 81.18 
#12 81.18 test result: ok. 1 passed; 0 failed; 0 ignored; 0 measured; 0 filtered out; finished in 0.02s
#12 81.18 
#12 81.19 
#12 81.19 running 22 tests
#12 81.19 test crates/pve-port/src/fixture_ipc.rs - fixture_ipc::ControllerFixturePort (line 24) - compile fail ... ok
#12 81.42 test crates/pve-port/src/fixture_support/read_client.rs - fixture_support::read_client::FixtureReadClient (line 23) - compile fail ... ok
#12 81.65 test crates/pve-port/src/fixture_support/read_client.rs - fixture_support::read_client::FixtureReadClient (line 30) - compile fail ... ok
#12 81.89 test crates/pve-port/src/fixture_support/read_client.rs - fixture_support::read_client::FixtureReadClient (line 37) - compile fail ... ok
#12 82.11 test crates/pve-port/src/infrastructure_visibility.rs - infrastructure_visibility::NodeVisibility (line 45) - compile fail ... ok
#12 82.35 test crates/pve-port/src/infrastructure_visibility.rs - infrastructure_visibility::PveInfrastructureVisibilityReadPort (line 244) - compile fail ... ok
#12 82.64 test crates/pve-port/src/infrastructure_visibility.rs - infrastructure_visibility::PveInfrastructureVisibilityReadPort (line 251) - compile fail ... ok
#12 82.93 test crates/pve-port/src/infrastructure_visibility.rs - infrastructure_visibility::PveInfrastructureVisibilityReadPort (line 258) - compile fail ... ok
#12 83.22 test crates/pve-port/src/native.rs - native::PveMutationPort (line 444) - compile fail ... ok
#12 83.50 test crates/pve-port/src/native.rs - native::PveMutationPort (line 450) - compile fail ... ok
#12 83.78 test crates/pve-port/src/native.rs - native::PveMutationPort (line 456) - compile fail ... ok
#12 84.07 test crates/pve-port/src/native.rs - native::PveMutationPort (line 462) - compile fail ... ok
#12 84.49 test crates/pve-port/src/observer.rs - observer::ReqwestPveObserver (line 165) - compile fail ... ok
#12 84.78 test crates/pve-port/src/observer.rs - observer::ReqwestPveObserver (line 171) - compile fail ... ok
#12 85.09 test crates/pve-port/src/observer.rs - observer::ReqwestPveObserver (line 177) - compile fail ... ok
#12 85.38 test crates/pve-port/src/observer.rs - observer::ReqwestPveObserver (line 183) - compile fail ... ok
#12 85.68 test crates/pve-port/src/provisioning.rs - provisioning::ProvisioningFakePort (line 16) - compile fail ... ok
#12 85.97 test crates/pve-port/src/provisioning.rs - provisioning::ProvisioningFakePort (line 23) - compile fail ... ok
#12 86.20 test crates/pve-port/src/provisioning/evaluation/context.rs - provisioning::evaluation::context::ProvisioningCloneOwnershipV1 (line 102) - compile fail ... ok
#12 86.45 test crates/pve-port/src/provisioning/evaluation/context.rs - provisioning::evaluation::context::ProvisioningStageBaselineV1 (line 180) - compile fail ... ok
#12 86.69 test crates/pve-port/src/provisioning/evidence.rs - provisioning::evidence::ProvisioningEvidenceV1 (line 233) - compile fail ... ok
#12 86.92 test crates/pve-port/src/provisioning/requests.rs - provisioning::requests::ProvisioningBeforeStateV1 (line 10) - compile fail ... ok
#12 87.13 
#12 87.13 test result: ok. 22 passed; 0 failed; 0 ignored; 0 measured; 0 filtered out; finished in 5.95s
#12 87.13 
#12 87.13 all doctests ran in 7.19s; merged doctests compilation took 1.21s
#12 DONE 87.2s

#13 [10/12] RUN cargo test --offline --locked --manifest-path rust-controller/Cargo.toml -p osdeploy-adapter
#13 0.524    Compiling artifact-index v0.1.0 (/workspace/rust-controller/crates/artifact-index)
#13 1.209    Compiling osdeploy-adapter v0.1.0 (/workspace/rust-controller/crates/osdeploy-adapter)
#13 12.25     Finished `test` profile [unoptimized + debuginfo] target(s) in 11.99s
#13 12.27      Running unittests src/lib.rs (rust-controller/target/debug/deps/osdeploy_adapter-4103817ab0eb30e3)
#13 12.28 
#13 12.28 running 0 tests
#13 12.28 
#13 12.28 test result: ok. 0 passed; 0 failed; 0 ignored; 0 measured; 0 filtered out; finished in 0.00s
#13 12.28 
#13 12.28      Running tests/disk_boot_boundary.rs (rust-controller/target/debug/deps/disk_boot_boundary-9667a4890d8f06d4)
#13 12.30 
#13 12.30 running 2 tests
#13 12.30 test substitutions_and_invalid_evidence_fail_closed ... ok
#13 12.30 test both_stages_refuse_even_matching_claims_and_repeated_reads ... ok
#13 12.30 
#13 12.30 test result: ok. 2 passed; 0 failed; 0 ignored; 0 measured; 0 filtered out; finished in 0.01s
#13 12.30 
#13 12.30      Running tests/guest_action.rs (rust-controller/target/debug/deps/guest_action-a3a932090db09c09)
#13 12.32 
#13 12.32 running 3 tests
#13 12.32 test non_guest_stage_and_nil_identities_fail_closed ... ok
#13 12.32 test identity_uses_operation_as_stable_step_and_zero_retry ... ok
#13 12.32 test only_the_five_guest_stages_admit_identity ... ok
#13 12.32 
#13 12.32 test result: ok. 3 passed; 0 failed; 0 ignored; 0 measured; 0 filtered out; finished in 0.01s
#13 12.32 
#13 12.32      Running tests/heartbeat_boundary.rs (rust-controller/target/debug/deps/heartbeat_boundary-2fa2970d8c827fa5)
#13 12.34 
#13 12.34 running 1 test
#13 12.34 test fresh_heartbeat_claims_never_authenticate_and_stale_or_replayed_claims_refuse ... ok
#13 12.34 
#13 12.34 test result: ok. 1 passed; 0 failed; 0 ignored; 0 measured; 0 filtered out; finished in 0.01s
#13 12.34 
#13 12.34      Running tests/input_values.rs (rust-controller/target/debug/deps/input_values-8b55447d49ae5bcc)
#13 12.35 
#13 12.35 running 12 tests
#13 12.36 test disk_capacity_checks_binary_gib_overflow_before_comparing_template ... ok
#13 12.36 test disk_capacity_rejects_subminimum_requests_and_empty_templates ... ok
#13 12.36 test every_phase_duration_independently_enforces_inclusive_bounds ... ok
#13 12.36 test freshness_is_positive_at_most_300_and_no_larger_than_mutation_budget ... ok
#13 12.37 test disk_capacity_is_grow_only_and_preserves_exact_template_bytes ... ok
#13 12.37 test legacy_normalization_uses_literal_ascii_golden_examples ... ok
#13 12.37 test equivalent_normalized_names_share_agent_id_without_claiming_uniqueness ... ok
#13 12.37 test names_preserve_requested_and_independent_pve_identity_and_derive_agent_id ... ok
#13 12.37 test names_reject_invalid_original_utf8_byte_length_and_controls ... ok
#13 12.37 test native_names_reject_unsupported_normalized_outputs ... ok
#13 12.37 test policy_retains_short_phase_budgets_independently_of_freshness ... ok
#13 12.37 test production_defaults_pin_all_budgets_and_preserve_force_stop_choice ... ok
#13 12.37 
#13 12.37 test result: ok. 12 passed; 0 failed; 0 ignored; 0 measured; 0 filtered out; finished in 0.02s
#13 12.37 
#13 12.37      Running tests/install_agent_boundary.rs (rust-controller/target/debug/deps/install_agent_boundary-203ea7ecbcc694f9)
#13 12.39 
#13 12.39 running 1 test
#13 12.39 test package_and_predecessor_claims_cannot_authorize_agent_installation ... ok
#13 12.39 
#13 12.39 test result: ok. 1 passed; 0 failed; 0 ignored; 0 measured; 0 filtered out; finished in 0.01s
#13 12.39 
#13 12.39      Running tests/install_qga_boundary.rs (rust-controller/target/debug/deps/install_qga_boundary-734279d052bb8a7e)
#13 12.41 
#13 12.41 running 1 test
#13 12.41 test host_claims_never_authenticate_agent_or_authorize_installation ... ok
#13 12.41 
#13 12.41 test result: ok. 1 passed; 0 failed; 0 ignored; 0 measured; 0 filtered out; finished in 0.01s
#13 12.41 
#13 12.41      Running tests/operational_boundary.rs (rust-controller/target/debug/deps/operational_boundary-16c69b71d8445869)
#13 12.43 
#13 12.43 running 1 test
#13 12.43 test aggregate_claims_never_establish_operational_acceptance ... ok
#13 12.43 
#13 12.43 test result: ok. 1 passed; 0 failed; 0 ignored; 0 measured; 0 filtered out; finished in 0.01s
#13 12.43 
#13 12.43      Running tests/pe_complete_boundary.rs (rust-controller/target/debug/deps/pe_complete_boundary-620ffcbb7182769d)
#13 12.45 
#13 12.45 running 2 tests
#13 12.45 test complete_looking_report_cannot_replace_authenticated_registration_predecessor ... ok
#13 12.46 test malformed_and_incomplete_reports_are_refused ... ok
#13 12.46 
#13 12.46 test result: ok. 2 passed; 0 failed; 0 ignored; 0 measured; 0 filtered out; finished in 0.01s
#13 12.46 
#13 12.46      Running tests/pe_register_authority.rs (rust-controller/target/debug/deps/pe_register_authority-6fbcbea1f5822e63)
#13 12.47 
#13 12.47 running 1 test
#13 12.48 test verifier_authority_checks_exact_fence_and_result_revision_without_authentication_success ... ok
#13 12.48 
#13 12.48 test result: ok. 1 passed; 0 failed; 0 ignored; 0 measured; 0 filtered out; finished in 0.01s
#13 12.48 
#13 12.48      Running tests/pe_register_callback.rs (rust-controller/target/debug/deps/pe_register_callback-be7cbfed06cf15b1)
#13 12.49 
#13 12.49 running 1 test
#13 12.51 test callback_witness_stays_unavailable_and_replay_conflicts_keep_original_deadline ... ok
#13 12.51 
#13 12.51 test result: ok. 1 passed; 0 failed; 0 ignored; 0 measured; 0 filtered out; finished in 0.01s
#13 12.51 
#13 12.51      Running tests/pe_registration_precision.rs (rust-controller/target/debug/deps/pe_registration_precision-e401af785bbb61b5)
#13 12.52 
#13 12.52 running 1 test
#13 12.53 test microsecond_anchor_preserves_original_deadline_and_refuses_lossy_v1_conversion ... ok
#13 12.53 
#13 12.53 test result: ok. 1 passed; 0 failed; 0 ignored; 0 measured; 0 filtered out; finished in 0.01s
#13 12.53 
#13 12.53      Running tests/pe_shutdown_boundary.rs (rust-controller/target/debug/deps/pe_shutdown_boundary-85ef8e1a565c4cb5)
#13 12.55 
#13 12.55 running 2 tests
#13 12.55 test stopped_claim_and_expiry_never_grant_shutdown_or_force_stop ... ok
#13 12.55 test malformed_scope_is_not_constructible ... ok
#13 12.55 
#13 12.55 test result: ok. 2 passed; 0 failed; 0 ignored; 0 measured; 0 filtered out; finished in 0.01s
#13 12.55 
#13 12.55      Running tests/plan.rs (rust-controller/target/debug/deps/plan-4cb0bb0e98f983e5)
#13 12.57 
#13 12.57 running 15 tests
#13 12.58 test both_serials_require_bounded_ascii_tokens_with_alphanumeric_endpoints ... ok
#13 12.58 test artifact_apply_index_fits_signed_guest_consumer_and_retains_source_provenance ... ok
#13 12.58 test both_media_fields_admit_only_narrow_native_iso_references ... ok
#13 12.59 test complete_snapshot_pins_all_inputs_fixed_native_fields_and_nested_claims ... ok
#13 12.59 test equivalent_hash_case_normalizes_before_complete_fingerprinting ... ok
#13 12.59 test canonical_fingerprint_matches_independently_hashed_literal_snapshot_on_reconstruction ... ok
#13 12.60 test fingerprint_binds_every_artifact_input_and_output_index_provenance ... ok
#13 12.60 test fingerprint_binds_every_vm_identity_resource_and_free_storage_field ... ok
#13 12.60 test fingerprint_binds_every_media_payload_serial_os_and_profile_reference ... ok
#13 12.60 test os_labels_and_language_are_bounded_declarations_without_commands_or_paths ... ok
#13 12.60 test payload_hash_presence_controls_only_declared_or_unverified_claim ... ok
#13 12.60 test payload_and_template_hashes_reject_length_nonhex_unicode_and_controls ... ok
#13 12.60 test profile_references_are_required_non_nil_opaque_ids ... ok
#13 12.61 test vm_admission_requires_four_gib_and_consistent_independent_pve_name ... ok
#13 12.61 test fingerprint_binds_names_capacity_every_phase_and_force_stop_policy ... ok
#13 12.61 
#13 12.61 test result: ok. 15 passed; 0 failed; 0 ignored; 0 measured; 0 filtered out; finished in 0.04s
#13 12.61 
#13 12.61      Running tests/provisioning.rs (rust-controller/target/debug/deps/provisioning-e7572a1b5c60ea66)
#13 12.62 
#13 12.62 running 3 tests
#13 12.66 test serial_20_succeeds_and_21_fails_without_narrowing_declarations ... ok
#13 12.66 test derives_every_pve_field_and_retains_effective_capacity ... ok
#13 12.67 test non_pve_inputs_change_workflow_digest_without_changing_pve_subset ... ok
#13 12.67 
#13 12.67 test result: ok. 3 passed; 0 failed; 0 ignored; 0 measured; 0 filtered out; finished in 0.05s
#13 12.67 
#13 12.67      Running tests/restore.rs (rust-controller/target/debug/deps/restore-0729e2d8a051344c)
#13 12.69 
#13 12.69 running 14 tests
#13 12.76 test broad_serial_declaration_restores_but_does_not_grant_dispatch_compatibility ... ok
#13 12.76 test equivalent_json_layout_roundtrips_but_wrong_or_noncanonical_hashes_do_not ... ok
#13 12.78 test constructors_revalidate_identities_resources_and_input_limits ... ok
#13 12.80 test every_object_rejects_unknown_fields_scalars_null_and_positional_arrays ... ok
#13 12.81 test fixed_fields_cannot_be_changed_even_with_a_matching_forged_digest ... ok
#13 12.81 test input_limit_counts_utf8_bytes_and_accepts_exactly_65536 ... ok
#13 12.82 test nonintegral_retained_capacity_and_phase_policy_boundaries_roundtrip ... ok
#13 12.83 test normalized_and_derived_claims_cannot_be_forged ... ok
#13 12.83 test rejects_duplicate_fields_before_value_normalization ... ok
#13 12.83 test rejects_malformed_trailing_and_deep_json_with_payload_free_errors ... ok
#13 12.84 test restores_complete_admitted_plan ... ok
#13 12.84 test valid_source_fallback_and_all_required_null_payloads_roundtrip ... ok
#13 12.86 test every_string_field_rejects_enum_objects_numbers_booleans_and_null ... ok
#13 12.88 test every_top_level_and_nested_field_is_required_unique_and_typed ... ok
#13 12.88 
#13 12.88 test result: ok. 14 passed; 0 failed; 0 ignored; 0 measured; 0 filtered out; finished in 0.19s
#13 12.88 
#13 12.88      Running tests/stages.rs (rust-controller/target/debug/deps/stages-c4eb203200bb9436)
#13 12.89 
#13 12.89 running 4 tests
#13 12.90 test only_ensure_stopped_has_the_guarded_escalation_dependency ... ok
#13 12.90 test fixed_manifest_preserves_all_sixteen_operation_identities_in_order ... ok
#13 12.90 test stage_kinds_preserve_mutation_callback_observation_and_guest_boundaries ... ok
#13 12.90 test serialization_pins_every_stage_kind_and_dependency_encoding ... ok
#13 12.90 
#13 12.90 test result: ok. 4 passed; 0 failed; 0 ignored; 0 measured; 0 filtered out; finished in 0.01s
#13 12.90 
#13 12.90      Running tests/start_pe_arming.rs (rust-controller/target/debug/deps/start_pe_arming-dc975f0c206b9a32)
#13 12.92 
#13 12.92 running 1 test
#13 12.93 test arming_preserves_original_deadline_and_never_invents_authenticated_witness ... ok
#13 12.93 
#13 12.93 test result: ok. 1 passed; 0 failed; 0 ignored; 0 measured; 0 filtered out; finished in 0.01s
#13 12.93 
#13 12.93      Running tests/verify_qga_boundary.rs (rust-controller/target/debug/deps/verify_qga_boundary-6794d61ebc9f1670)
#13 12.94 
#13 12.94 running 1 test
#13 12.95 test reports_cannot_forge_host_authentication_or_replace_receipt_binding ... ok
#13 12.95 
#13 12.95 test result: ok. 1 passed; 0 failed; 0 ignored; 0 measured; 0 filtered out; finished in 0.01s
#13 12.95 
#13 12.95      Running tests/watchdog_boundary.rs (rust-controller/target/debug/deps/watchdog_boundary-3b9a5a9f645ab61c)
#13 12.96 
#13 12.96 running 1 test
#13 12.97 test watchdog_claims_cannot_replace_authenticated_predecessor_or_agent ... ok
#13 12.97 
#13 12.97 test result: ok. 1 passed; 0 failed; 0 ignored; 0 measured; 0 filtered out; finished in 0.01s
#13 12.97 
#13 12.97    Doc-tests osdeploy_adapter
#13 13.30 
#13 13.30 running 6 tests
#13 13.56 test crates/osdeploy-adapter/src/input_values.rs - input_values::PhasePolicy (line 124) - compile fail ... ok
#13 13.56 test crates/osdeploy-adapter/src/input_values.rs - input_values::DiskCapacity (line 9) - compile fail ... ok
#13 13.56 test crates/osdeploy-adapter/src/plan.rs - plan::OsDeployPlanV1 (line 87) - compile fail ... ok
#13 13.81 test crates/osdeploy-adapter/src/plan.rs - plan::PayloadDeclaration (line 17) - compile fail ... ok
#13 13.83 test crates/osdeploy-adapter/src/plan.rs - plan::PayloadDeclaration (line 24) - compile fail ... ok
#13 13.83 test crates/osdeploy-adapter/src/plan.rs - plan::OsDeployPlanV1 (line 94) - compile fail ... ok
#13 13.83 
#13 13.83 test result: ok. 6 passed; 0 failed; 0 ignored; 0 measured; 0 filtered out; finished in 0.53s
#13 13.83 
#13 DONE 14.5s

#14 [11/12] RUN cargo test --offline --locked --manifest-path rust-controller/Cargo.toml -p controller-service --bin controller-service config:: && cargo test --offline --locked --manifest-path rust-controller/Cargo.toml -p controller-service --bin controller-service health:: && cargo test --offline --locked --manifest-path rust-controller/Cargo.toml -p controller-service --bin controller-service pve_credentials:: && cargo test --offline --locked --manifest-path rust-controller/Cargo.toml -p controller-service --bin controller-service pve_observation:: && cargo test --offline --locked --manifest-path rust-controller/Cargo.toml -p controller-service --bin controller-service infrastructure_ && cargo test --offline --locked --manifest-path rust-controller/Cargo.toml -p controller-service --bin controller-service runtime::tests::observation_loop && cargo test --offline --locked --manifest-path rust-controller/Cargo.toml -p controller-service --bin controller-service runtime::tests::runtime_defensively && cargo test --offline --locked --manifest-path rust-controller/Cargo.toml -p controller-service --test service -- --skip observation_service::authenticated_service_is_visible_but_never_execution_ready_or_a_writer --skip observation_service::infrastructure_service::selected_node_service_is_independent_and_never_a_writer
#14 0.551    Compiling pve-port v0.1.0 (/workspace/rust-controller/crates/pve-port)
#14 4.307    Compiling osdeploy-adapter v0.1.0 (/workspace/rust-controller/crates/osdeploy-adapter)
#14 5.777    Compiling postgres-store v0.1.0 (/workspace/rust-controller/crates/postgres-store)
#14 9.421    Compiling scheduler v0.1.0 (/workspace/rust-controller/crates/scheduler)
#14 9.645    Compiling ansible-adapter v0.1.0 (/workspace/rust-controller/crates/ansible-adapter)
#14 11.88    Compiling controller-service v0.1.0 (/workspace/rust-controller/crates/controller-service)
#14 17.98     Finished `test` profile [unoptimized + debuginfo] target(s) in 17.75s
#14 18.00      Running unittests src/main.rs (rust-controller/target/debug/deps/controller_service-4f03e6f5d6263209)
#14 18.01 
#14 18.01 running 11 tests
#14 18.07 test config::tests::explicit_remote_reads_are_limited_to_observe_mode ... ok
#14 18.07 test config::tests::observation_fake_defaults_without_file_and_http_requires_nonempty_file ... ok
#14 18.07 test config::tests::observation_rechecks_database_boundary_before_file_reference ... ok
#14 18.07 test config::tests::normalized_literal_loopback_endpoints_are_allowed_without_opt_in ... ok
#14 18.08 test config::tests::observe_requires_explicit_production_read_permission ... ok
#14 18.08 test config::tests::rejects_production_controller_in_adapter_mode ... ok
#14 18.08 test config::tests::selected_node_factory_preserves_selection_and_absence ... ok
#14 18.08 test config::tests::selected_node_presence_is_rejected_under_fake ... ok
#14 18.08 test config::tests::selected_node_rejects_invalid_values_before_token_reference ... ok
#14 18.08 test config::tests::unapproved_observe_rejects_database_and_pve_aliases_before_construction ... ok
#14 18.08 test config::tests::observation_gates_before_loader_matrix ... ok
#14 18.08 
#14 18.08 test result: ok. 11 passed; 0 failed; 0 ignored; 0 measured; 47 filtered out; finished in 0.08s
#14 18.09 
#14 18.44     Finished `test` profile [unoptimized + debuginfo] target(s) in 0.25s
#14 18.45      Running unittests src/main.rs (rust-controller/target/debug/deps/controller_service-4f03e6f5d6263209)
#14 18.47 
#14 18.47 running 9 tests
#14 18.55 test health::tests::observation_freshness_expires_monotonically_and_failure_cannot_reuse_last_success ... ok
#14 18.55 test health::tests::fresh_http_observation_cannot_mask_execution_failure_or_database_failure ... ok
#14 18.55 test infrastructure_health::tests::component_freshness_has_exact_boundary_and_snapshots_do_not_refresh_it ... ok
#14 18.57 test infrastructure_health::tests::each_failed_component_retains_last_success_without_granting_readiness ... ok
#14 18.57 test infrastructure_health::tests::missing_component_fields_cannot_set_success_or_readiness ... ok
#14 18.57 test infrastructure_health::tests::node_ages_independently_of_later_network_completion ... ok
#14 18.61 test infrastructure_health::tests::serialized_health_contains_only_sanitized_components_and_fixed_coverage ... ok
#14 18.64 test health::tests::readiness_requires_current_dependencies_and_real_sweep_progress ... ok
#14 18.64 test health::tests::readiness_exposes_only_sanitized_operational_facts ... ok
#14 18.64 
#14 18.64 test result: ok. 9 passed; 0 failed; 0 ignored; 0 measured; 49 filtered out; finished in 0.14s
#14 18.64 
#14 19.01     Finished `test` profile [unoptimized + debuginfo] target(s) in 0.25s
#14 19.01      Running unittests src/main.rs (rust-controller/target/debug/deps/controller_service-4f03e6f5d6263209)
#14 19.03 
#14 19.03 running 6 tests
#14 19.05 test pve_credentials::tests::credential_metadata_rejects_effective_owner_mismatch_without_chown ... ok
#14 19.05 test pve_credentials::tests::credential_read_cap_rejects_growth_after_metadata_check ... ok
#14 19.09 test pve_credentials::tests::credential_fifo_is_nonblocking_and_errors_do_not_leak_to_stderr ... ok
#14 19.10 test pve_credentials::tests::credential_valid_0600_redacts_token_and_accepts_exact_size_limit ... ok
#14 19.10 test pve_credentials::tests::credential_rejects_missing_symlink_directory_and_exposed_permissions ... ok
#14 19.10 test pve_credentials::tests::credential_rejects_oversize_and_strict_json_or_token_failures ... ok
#14 19.10 
#14 19.10 test result: ok. 6 passed; 0 failed; 0 ignored; 0 measured; 52 filtered out; finished in 0.07s
#14 19.10 
#14 19.44     Finished `test` profile [unoptimized + debuginfo] target(s) in 0.24s
#14 19.45      Running unittests src/main.rs (rust-controller/target/debug/deps/controller_service-4f03e6f5d6263209)
#14 19.46 
#14 19.46 running 5 tests
#14 19.54 test pve_observation::tests::caller_cancellation_drops_the_only_inflight_read ... ok
#14 19.65 test pve_observation::tests::errors_have_fixed_status_with_no_timestamp_or_counts ... ok
#14 19.67 test pve_observation::tests::summaries_serialize_only_classified_counts_and_unverified_coverage ... ok
#14 21.56 test pve_observation::tests::production_constructor_enforces_two_second_request_timeout ... ok
#14 22.51 test pve_observation::tests::collection_deadline_drops_pending_read_at_three_seconds ... ok
#14 22.51 
#14 22.51 test result: ok. 5 passed; 0 failed; 0 ignored; 0 measured; 53 filtered out; finished in 3.05s
#14 22.51 
#14 22.89     Finished `test` profile [unoptimized + debuginfo] target(s) in 0.25s
#14 22.90      Running unittests src/main.rs (rust-controller/target/debug/deps/controller_service-4f03e6f5d6263209)
#14 22.91 
#14 22.91 running 19 tests
#14 22.92 test infrastructure_health::tests::component_freshness_has_exact_boundary_and_snapshots_do_not_refresh_it ... ok
#14 22.93 test infrastructure_health::tests::node_ages_independently_of_later_network_completion ... ok
#14 22.93 test infrastructure_health::tests::each_failed_component_retains_last_success_without_granting_readiness ... ok
#14 22.93 test infrastructure_health::tests::missing_component_fields_cannot_set_success_or_readiness ... ok
#14 22.94 test infrastructure_health::tests::serialized_health_contains_only_sanitized_components_and_fixed_coverage ... ok
#14 23.01 test infrastructure_observation::tests::cancellation_drops_active_read_and_starts_no_later_read ... ok
#14 23.01 test infrastructure_observation::tests::delayed_repoll_respects_each_call_deadline ... ok
#14 23.01 test infrastructure_observation::tests::constructor_requires_explicit_selection ... ok
#14 23.01 test infrastructure_observation::tests::each_error_is_fixed_and_independent_of_the_other_component ... ok
#14 23.01 test infrastructure_observation::tests::each_pending_call_is_dropped_at_two_seconds ... ok
#14 23.01 test infrastructure_observation::tests::expired_whole_deadline_discards_an_earlier_success ... ok
#14 23.01 test infrastructure_observation::tests::expired_whole_deadline_cancels_without_starting_network ... ok
#14 23.02 test infrastructure_observation::tests::network_degrades_only_for_rejected_rows ... ok
#14 23.02 test infrastructure_observation::tests::two_pending_reads_finish_in_four_seconds_without_retry ... ok
#14 23.02 test infrastructure_observation::tests::zero_and_missing_uptime_are_fresh_with_distinct_knowledge ... ok
#14 23.03 test infrastructure_observation::tests::successful_pair_sanitizes_counts_and_captures_each_completion ... ok
#14 23.03 test runtime::tests::infrastructure_loop_shutdown_before_start_issues_no_request ... ok
#14 23.04 test runtime::tests::infrastructure_loop_is_immediate_ten_second_skip_and_joins_cancelled_read ... ok
#14 23.07 test infrastructure_observation::tests::production_constructor_uses_only_authenticated_selected_node_gets ... ok
#14 23.07 
#14 23.07 test result: ok. 19 passed; 0 failed; 0 ignored; 0 measured; 39 filtered out; finished in 0.16s
#14 23.07 
#14 23.42     Finished `test` profile [unoptimized + debuginfo] target(s) in 0.25s
#14 23.43      Running unittests src/main.rs (rust-controller/target/debug/deps/controller_service-4f03e6f5d6263209)
#14 23.45 
#14 23.45 running 1 test
#14 23.47 test runtime::tests::observation_loop_bounds_cadence_skips_missed_ticks_and_cancels_inflight_read ... ok
#14 23.47 
#14 23.47 test result: ok. 1 passed; 0 failed; 0 ignored; 0 measured; 57 filtered out; finished in 0.02s
#14 23.47 
#14 23.82     Finished `test` profile [unoptimized + debuginfo] target(s) in 0.25s
#14 23.82      Running unittests src/main.rs (rust-controller/target/debug/deps/controller_service-4f03e6f5d6263209)
#14 23.84 
#14 23.84 running 1 test
#14 23.86 test runtime::tests::runtime_defensively_denies_observation_in_adapter_before_credential_io ... ok
#14 23.86 
#14 23.86 test result: ok. 1 passed; 0 failed; 0 ignored; 0 measured; 57 filtered out; finished in 0.02s
#14 23.86 
#14 24.21    Compiling controller-service v0.1.0 (/workspace/rust-controller/crates/controller-service)
#14 29.41     Finished `test` profile [unoptimized + debuginfo] target(s) in 5.45s
#14 29.42      Running tests/service.rs (rust-controller/target/debug/deps/service-13027c76d142c8ad)
#14 29.44 
#14 29.44 running 52 tests
#14 29.55 test native_startup_fails_before_local_io_even_with_read_permission ... ok
#14 29.56 test http_observe_missing_credentials_fails_before_local_io ... ok
#14 31.61 test live_server_survives_database_failure_and_sanitizes_readiness ... ok
#14 31.77 test observation_service::infrastructure_service::selected_node_startup_denials_precede_owned_canaries_and_listener ... ok
#14 31.87 test observation_service::http_observation_remains_fresh_when_database_is_unavailable ... ok
#14 31.89 test observation_service::local_postgres::cleanup_tests::cancellation_before_create_receipt_recovers_owned_container ... ok
#14 32.00 test observation_service::local_postgres::cleanup_tests::explicit_cleanup_and_drop_attempt_owned_removal_only_once ... ok
#14 32.08 test observation_service::local_postgres::cleanup_tests::lost_create_response_recovers_only_verified_owned_id ... ok
#14 32.15 test observation_service::local_postgres::cleanup_tests::storage_refusal_preserves_one_shot_container_only_cleanup ... ok
#14 32.34 test observation_service::local_postgres::cleanup_tests::wrong_ownership_or_ambiguous_absence_never_removes_a_target ... ok
#14 32.34 test observation_service::local_postgres::docker_storage_probe::tests::capacity_requires_actual_fixed_tmpfs_and_reserve ... ok
#14 32.34 test observation_service::local_postgres::docker_storage_probe::tests::event_cutoff_preserves_subsecond_query_boundary ... ok
#14 32.34 test observation_service::local_postgres::docker_storage_probe::tests::memory_requires_numeric_complete_non_oom_counters ... ok
#14 32.34 test observation_service::local_postgres::docker_storage_probe::tests::retained_events_require_a_bracket_without_attributed_mounts ... ok
#14 32.34 test observation_service::local_postgres::linux_postgres::owned_linux_tests::owned_linux_active_create_lock_refuses_even_absent_name ... ignored, requires the owned Linux fixture namespace
#14 32.34 test observation_service::local_postgres::linux_postgres::owned_linux_tests::owned_linux_cancel_before_create_reaps_and_confirms_absence ... ignored, requires the owned Linux fixture namespace
#14 32.34 test observation_service::local_postgres::linux_postgres::owned_linux_tests::owned_linux_cancel_unmarked_create_retains_unconfirmed_database ... ignored, requires the owned Linux fixture namespace
#14 32.34 test observation_service::local_postgres::linux_postgres::owned_linux_tests::owned_linux_create_identity_independent_pools_and_open_pool_cleanup ... ignored, requires the owned Linux fixture namespace
#14 32.34 test observation_service::local_postgres::linux_postgres::owned_linux_tests::owned_linux_foreign_marker_retains_database ... ignored, requires the owned Linux fixture namespace
#14 32.34 test observation_service::local_postgres::linux_postgres::owned_linux_tests::owned_linux_foreign_receipt_and_namespace_refuse_mutation ... ignored, requires the owned Linux fixture namespace
#14 32.34 test observation_service::local_postgres::linux_postgres::owned_linux_tests::owned_linux_lost_stamped_response_recovers_only_full_marker ... ignored, requires the owned Linux fixture namespace
#14 32.34 test observation_service::local_postgres::linux_postgres::owned_linux_tests::owned_linux_matching_marker_wrong_oid_retains_database ... ignored, requires the owned Linux fixture namespace
#14 32.34 test observation_service::local_postgres::linux_postgres::owned_linux_tests::owned_linux_setup_cancellation_drops_child_before_one_shot_guard_cleanup ... ignored, requires the owned Linux fixture namespace
#14 32.35 test observation_service::local_postgres::linux_postgres::tests::cleanup_requires_exact_confirmed_absence_record ... ok
#14 32.35 test observation_service::local_postgres::linux_postgres::tests::create_response_only_confirms_exact_identity_and_positive_oid ... ok
#14 32.35 test observation_service::local_postgres::linux_postgres::tests::database_identity_is_generated_and_bounded ... ok
#14 32.35 test observation_service::local_postgres::linux_postgres::tests::mode_is_explicit_and_platform_scoped ... ok
#14 32.35 test observation_service::local_postgres::linux_postgres::tests::overrides_and_noncanonical_mode_never_select_a_backend ... ok
#14 32.35 test observation_service::local_postgres::linux_postgres::tests::receipt_is_exact_canonical_and_duplicate_free ... ok
#14 32.35 test observation_service::local_postgres::linux_postgres::tests::receipt_rejects_each_schema_type_identity_and_encoding_violation ... ok
#14 32.47 test observation_service::local_postgres::process::tests::cancelled_readiness_and_caller_panic_join_and_reap_fault_supervisor ... ok
#14 32.55 test observation_service::local_postgres::process::tests::child_hang_obeys_timeout_and_is_reaped ... ok
#14 32.65 test observation_service::infrastructure_service::selected_node_service_stays_fresh_without_database ... ok
#14 32.70 test observation_service::local_postgres::process::tests::cleanup_child_hang_shares_one_budget_with_reaping ... ok
#14 32.73 test observation_service::local_postgres::process::tests::direct_drop_terminates_and_reaps_child ... ok
#14 32.73 test observation_service::local_postgres::process::tests::expired_reap_deadline_polls_once_without_reset_or_false_success ... ok
#14 33.23 test observation_service::local_postgres::process::tests::fault_output_overflow_after_readiness_reaps_before_owner_drop ... ok
#14 33.69 test observation_service::local_postgres::process::tests::delayed_fault_startup_does_not_reset_original_deadline ... ok
#14 33.86 test observation_service::local_postgres::process::tests::fault_supervision_progresses_during_synchronous_cleanup ... ok
#14 34.13 test observation_service::local_postgres::process::tests::linux_invocation_rejects_timeout_widening_and_invalid_protocol_without_admission ... ok
#14 34.19 test observation_service::local_postgres::process::tests::output_is_size_bounded_and_overflow_reaps_child ... ok
#14 34.23 test observation_service::local_postgres::process::tests::interpreter_startup_exhaustion_reaps_before_readiness_or_owner_drop ... ok
#14 34.46 test observation_service::local_postgres::process::tests::owned_log_capture_combines_streams_and_bounds_overflow_and_cancellation ... ok
#14 34.54 test observation_service::local_postgres::process::tests::stalled_setup_child_obeys_current_thread_timeout ... ok
#14 34.55 test observation_service::local_postgres::storage_tests::actual_launch_selects_fixed_bounded_pgdata_tmpfs ... ok
#14 34.55 test observation_service::local_postgres::storage_tests::both_bounded_tmpfs_representations_are_admitted ... ok
#14 34.55 test observation_service::local_postgres::storage_tests::ownership_valid_persistent_pgdata_is_refused ... ok
#14 34.55 test observation_service::local_postgres::storage_tests::storage_projection_rejects_each_wrong_field_and_failed_output ... ok
#14 34.65 test real_transport_startup_fails_before_local_io_even_with_read_permission ... ok
#14 34.87 test observation_service::local_postgres::process::tests::retained_ready_fault_is_reaped_before_owner_drop ... ok
#14 35.83 test remote_pve_and_database_startup_targets_are_denied ... ok
#14 37.67 test observation_service::local_postgres::cleanup_tests::cancellation_runs_finite_drop_cleanup_and_reaps_hung_inspector ... ok
#14 37.67 
#14 37.67 test result: ok. 43 passed; 0 failed; 9 ignored; 0 measured; 2 filtered out; finished in 8.24s
#14 37.67 
#14 DONE 38.0s

#15 [12/12] RUN sed -i '1s|^#! */usr/bin/python3$|#!/usr/bin/python3|' /usr/bin/ansible-playbook
#15 DONE 0.1s

#16 exporting to image
#16 exporting layers
#16 exporting layers 183.3s done
#16 exporting manifest sha256:d5c8dfaca3699e07c27192adb5f59eddf2ab4341bba1229cd6360852e2c8bbc6
#16 exporting manifest sha256:d5c8dfaca3699e07c27192adb5f59eddf2ab4341bba1229cd6360852e2c8bbc6 0.0s done
#16 exporting config sha256:c048857c9213780fc003008b10f19fc2d8104702c01bbcbd327f0982e53647af done
#16 exporting attestation manifest sha256:275acddb02aaea4b46e1658da0c9fa35ef63e4d8cc421df2734b43a4418ce944 0.0s done
#16 exporting manifest list sha256:7c766f2c552751bf988e20cf94a33e3309a17f41f2dbd26c7531cf63a02fd560 0.0s done
#16 naming to docker.io/library/rust-controller-task9:becaf0e2 done
#16 DONE 183.4s
