#0 building with "default" instance using docker driver

#1 [internal] load build definition from Dockerfile.test
#1 transferring dockerfile: 3.65kB done
#1 DONE 0.0s

#2 [internal] load metadata for docker.io/library/rust:1.92-bookworm@sha256:e90e846de4124376164ddfbaab4b0774c7bdeef5e738866295e5a90a34a307a2
#2 DONE 0.0s

#3 [ 1/12] FROM docker.io/library/rust:1.92-bookworm@sha256:e90e846de4124376164ddfbaab4b0774c7bdeef5e738866295e5a90a34a307a2
#3 resolve docker.io/library/rust:1.92-bookworm@sha256:e90e846de4124376164ddfbaab4b0774c7bdeef5e738866295e5a90a34a307a2 0.0s done
#3 DONE 0.0s

#4 [internal] load build context
#4 transferring context: 28.18kB 0.0s done
#4 DONE 0.0s

#5 [ 2/12] RUN apt-get update -qq && apt-get install -y --no-install-recommends ansible-core=2.14.18-0+deb12u2 python3-psycopg2=2.9.5-1+b1 procps curl && rm -rf /var/lib/apt/lists/*
#5 CACHED

#6 [ 3/12] WORKDIR /workspace
#6 CACHED

#7 [ 4/12] COPY rust-controller ./rust-controller
#7 CACHED

#8 [ 5/12] COPY autopilot-proxmox/playbooks/_test_long_sleep.yml ./autopilot-proxmox/playbooks/_test_long_sleep.yml
#8 CACHED

#9 [ 6/12] RUN cargo build --locked --manifest-path rust-controller/Cargo.toml --workspace --examples --release && cargo build --locked --manifest-path rust-controller/Cargo.toml -p controller-service --release && cargo test --locked --manifest-path rust-controller/Cargo.toml --workspace --all-features --no-run
#9 0.501     Updating crates.io index
#9 2.354  Downloading crates ...
#9 2.453   Downloaded cfg-if v1.0.4
#9 2.465   Downloaded cfg_aliases v0.2.2
#9 2.468   Downloaded errno v0.3.14
#9 2.473   Downloaded md-5 v0.10.6
#9 2.474   Downloaded cpufeatures v0.2.17
#9 2.476   Downloaded block-buffer v0.10.4
#9 2.477   Downloaded futures-core v0.3.33
#9 2.479   Downloaded futures-sink v0.3.33
#9 2.479   Downloaded futures-io v0.3.33
#9 2.480   Downloaded form_urlencoded v1.2.2
#9 2.481   Downloaded equivalent v1.0.2
#9 2.482   Downloaded crossbeam-queue v0.3.12
#9 2.483   Downloaded crypto-common v0.1.7
#9 2.484   Downloaded bit-set v0.8.0
#9 2.486   Downloaded generic-array v0.14.7
#9 2.487   Downloaded lazy_static v1.5.0
#9 2.489   Downloaded itoa v1.0.18
#9 2.490   Downloaded http-body v1.1.0
#9 2.491   Downloaded fastrand v2.5.0
#9 2.492   Downloaded lru-slab v0.1.2
#9 2.493   Downloaded quote v1.0.47
#9 2.495   Downloaded mime v0.3.17
#9 2.497   Downloaded heck v0.5.0
#9 2.498   Downloaded want v0.3.1
#9 2.499   Downloaded signature v2.2.0
#9 2.501   Downloaded futures-executor v0.3.32
#9 2.502   Downloaded foldhash v0.1.5
#9 2.505   Downloaded displaydoc v0.2.7
#9 2.507   Downloaded yoke-derive v0.8.2
#9 2.510   Downloaded utf8_iter v1.0.4
#9 2.511   Downloaded stable_deref_trait v1.2.1
#9 2.512   Downloaded lock_api v0.4.14
#9 2.514   Downloaded const-oid v0.9.6
#9 2.516   Downloaded parking v2.2.1
#9 2.518   Downloaded tower-layer v0.3.3
#9 2.519   Downloaded sqlx-macros v0.8.6
#9 2.520   Downloaded writeable v0.6.4
#9 2.522   Downloaded zerofrom-derive v0.1.7
#9 2.523   Downloaded untrusted v0.9.0
#9 2.525   Downloaded tower-service v0.3.3
#9 2.526   Downloaded ipnet v2.12.1
#9 2.527   Downloaded httparse v1.10.1
#9 2.530   Downloaded wait-timeout v0.2.1
#9 2.532   Downloaded icu_provider v2.3.1
#9 2.535   Downloaded zeroize v1.9.0
#9 2.536   Downloaded thiserror-impl v2.0.20
#9 2.538   Downloaded sqlx-macros-core v0.8.6
#9 2.539   Downloaded stringprep v0.1.5
#9 2.541   Downloaded rand_core v0.9.5
#9 2.542   Downloaded once_cell v1.21.4
#9 2.544   Downloaded crossbeam-utils v0.8.22
#9 2.546   Downloaded allocator-api2 v0.2.21
#9 2.548   Downloaded spki v0.7.3
#9 2.549   Downloaded serde_path_to_error v0.1.20
#9 2.551   Downloaded pkcs8 v0.10.2
#9 2.553   Downloaded pin-project-lite v0.2.17
#9 2.557   Downloaded find-msvc-tools v0.1.11
#9 2.558   Downloaded pem-rfc7468 v0.7.0
#9 2.560   Downloaded yoke v0.8.3
#9 2.561   Downloaded try-lock v0.2.5
#9 2.562   Downloaded tinystr v0.8.4
#9 2.564   Downloaded rusty-fork v0.3.1
#9 2.565   Downloaded rustc-hash v2.1.3
#9 2.566   Downloaded ppv-lite86 v0.2.21
#9 2.568   Downloaded pkg-config v0.3.34
#9 2.569   Downloaded getrandom v0.4.3
#9 2.572   Downloaded thiserror v2.0.20
#9 2.578   Downloaded zmij v1.0.23
#9 2.581   Downloaded unicode-ident v1.0.24
#9 2.584   Downloaded uuid v1.26.0
#9 2.587   Downloaded unicode-bidi v0.3.18
#9 2.590   Downloaded url v2.5.8
#9 2.593   Downloaded sqlx-sqlite v0.8.6
#9 2.598   Downloaded zerotrie v0.2.5
#9 2.603   Downloaded tower-http v0.6.11
#9 2.610   Downloaded zerovec v0.11.8
#9 2.616   Downloaded reqwest v0.12.28
#9 2.622   Downloaded sqlx v0.8.6
#9 2.633   Downloaded webpki-roots v1.0.9
#9 2.637   Downloaded vcpkg v0.2.15
#9 2.669   Downloaded proptest v1.11.0
#9 2.676   Downloaded syn v3.0.4
#9 2.686   Downloaded syn v2.0.119
#9 2.694   Downloaded zerocopy v0.8.56
#9 2.710   Downloaded quinn-proto v0.11.15
#9 2.718   Downloaded rustls v0.23.43
#9 2.729   Downloaded rustix v1.1.4
#9 2.747   Downloaded regex-syntax v0.8.11
#9 2.754   Downloaded libm v0.2.16
#9 2.762   Downloaded tracing v0.1.44
#9 2.775   Downloaded hyper v1.11.0
#9 2.781   Downloaded hkdf v0.12.4
#9 2.783   Downloaded chrono v0.4.45
#9 2.789   Downloaded axum v0.8.9
#9 2.795   Downloaded icu_properties_data v2.3.0
#9 2.803   Downloaded hashbrown v0.17.1
#9 2.807   Downloaded futures-util v0.3.33
#9 2.816   Downloaded icu_normalizer v2.3.0
#9 2.826   Downloaded sqlx-postgres v0.8.6
#9 2.833   Downloaded serde_json v1.0.151
#9 2.838   Downloaded idna v1.1.0
#9 2.841   Downloaded hashbrown v0.15.5
#9 2.845   Downloaded unicode-normalization v0.1.25
#9 2.848   Downloaded tokio v1.53.1
#9 2.880   Downloaded tower v0.5.3
#9 2.887   Downloaded sqlx-core v0.8.6
#9 2.893   Downloaded num-bigint-dig v0.8.6
#9 2.896   Downloaded http v1.5.0
#9 2.899   Downloaded socket2 v0.6.5
#9 2.900   Downloaded rustls-webpki v0.103.14
#9 2.902   Downloaded rsa v0.9.10
#9 2.906   Downloaded libc v0.2.189
#9 2.932   Downloaded rand v0.9.5
#9 2.935   Downloaded rand v0.8.8
#9 2.937   Downloaded memchr v2.8.3
#9 2.941   Downloaded indexmap v2.14.1
#9 2.944   Downloaded icu_properties v2.3.0
#9 2.946   Downloaded hyper-util v0.1.20
#9 2.950   Downloaded typenum v1.20.1
#9 2.952   Downloaded sqlx-mysql v0.8.6
#9 2.956   Downloaded serde v1.0.229
#9 2.958   Downloaded mio v1.2.2
#9 2.962   Downloaded num-traits v0.2.19
#9 2.964   Downloaded icu_locale_core v2.3.0
#9 2.968   Downloaded ring v0.17.14
#9 2.999   Downloaded potential_utf v0.1.6
#9 2.999   Downloaded icu_collections v2.3.0
#9 3.003   Downloaded futures-intrusive v0.5.0
#9 3.006   Downloaded cc v1.4.4
#9 3.009   Downloaded bytes v1.12.1
#9 3.011   Downloaded tracing-core v0.1.36
#9 3.013   Downloaded tokio-stream v0.1.18
#9 3.015   Downloaded tinyvec v1.12.0
#9 3.016   Downloaded spin v0.9.9
#9 3.018   Downloaded smallvec v1.15.2
#9 3.019   Downloaded shlex v2.0.1
#9 3.019   Downloaded serde_derive v1.0.229
#9 3.022   Downloaded ryu v1.0.23
#9 3.023   Downloaded rustls-pki-types v1.15.1
#9 3.025   Downloaded quinn-udp v0.5.14
#9 3.026   Downloaded quinn v0.11.9
#9 3.028   Downloaded pkcs1 v0.7.5
#9 3.030   Downloaded parking_lot_core v0.9.12
#9 3.031   Downloaded parking_lot v0.12.5
#9 3.033   Downloaded icu_normalizer_data v2.3.0
#9 3.034   Downloaded flume v0.11.1
#9 3.037   Downloaded event-listener v5.4.1
#9 3.038   Downloaded der v0.7.10
#9 3.041   Downloaded base64 v0.22.1
#9 3.043   Downloaded zerovec-derive v0.11.6
#9 3.045   Downloaded unicode-properties v0.1.4
#9 3.046   Downloaded tracing-attributes v0.1.31
#9 3.048   Downloaded tokio-rustls v0.26.4
#9 3.049   Downloaded tempfile v3.27.0
#9 3.051   Downloaded serde_core v1.0.229
#9 3.053   Downloaded rand_core v0.6.4
#9 3.054   Downloaded log v0.4.34
#9 3.055   Downloaded synstructure v0.13.2
#9 3.056   Downloaded slab v0.4.12
#9 3.057   Downloaded signal-hook-registry v1.4.8
#9 3.058   Downloaded sha2 v0.10.9
#9 3.059   Downloaded rand_chacha v0.9.0
#9 3.060   Downloaded getrandom v0.3.4
#9 3.062   Downloaded version_check v0.9.5
#9 3.063   Downloaded bitflags v2.13.1
#9 3.066   Downloaded tokio-macros v2.7.2
#9 3.066   Downloaded rand_xorshift v0.4.0
#9 3.067   Downloaded matchit v0.8.4
#9 3.068   Downloaded litemap v0.8.3
#9 3.070   Downloaded unarray v0.1.4
#9 3.070   Downloaded zerofrom v0.1.8
#9 3.071   Downloaded tinyvec_macros v0.1.1
#9 3.071   Downloaded rand_chacha v0.3.1
#9 3.072   Downloaded whoami v1.6.1
#9 3.073   Downloaded iana-time-zone v0.1.65
#9 3.075   Downloaded sha1 v0.10.7
#9 3.075   Downloaded proc-macro2 v1.0.107
#9 3.077   Downloaded percent-encoding v2.3.2
#9 3.078   Downloaded futures-channel v0.3.33
#9 3.079   Downloaded sync_wrapper v1.0.2
#9 3.080   Downloaded subtle v2.6.1
#9 3.081   Downloaded getrandom v0.2.17
#9 3.082   Downloaded digest v0.10.7
#9 3.083   Downloaded hmac v0.12.1
#9 3.084   Downloaded byteorder v1.5.0
#9 3.085   Downloaded anyhow v1.0.104
#9 3.088   Downloaded serde_urlencoded v0.7.1
#9 3.088   Downloaded scopeguard v1.2.0
#9 3.089   Downloaded num-integer v0.1.47
#9 3.090   Downloaded hyper-rustls v0.27.9
#9 3.091   Downloaded http-body-util v0.1.4
#9 3.092   Downloaded hashlink v0.10.0
#9 3.093   Downloaded webpki-roots v0.26.11
#9 3.094   Downloaded quick-error v1.2.3
#9 3.094   Downloaded bit-vec v0.8.0
#9 3.095   Downloaded axum-core v0.5.6
#9 3.097   Downloaded autocfg v1.5.1
#9 3.098   Downloaded either v1.18.0
#9 3.099   Downloaded atomic-waker v1.1.2
#9 3.100   Downloaded num-iter v0.1.46
#9 3.100   Downloaded futures-task v0.3.33
#9 3.101   Downloaded home v0.5.12
#9 3.102   Downloaded idna_adapter v1.2.2
#9 3.102   Downloaded httpdate v1.0.3
#9 3.103   Downloaded crc-catalog v2.4.0
#9 3.104   Downloaded crc v3.4.0
#9 3.105   Downloaded concurrent-queue v2.5.0
#9 3.106   Downloaded async-trait v0.1.89
#9 3.108   Downloaded hex v0.4.3
#9 3.109   Downloaded dotenvy v0.15.7
#9 3.111   Downloaded base64ct v1.8.3
#9 3.112   Downloaded fnv v1.0.7
#9 3.113   Downloaded atoi v2.0.0
#9 3.114   Downloaded linux-raw-sys v0.12.1
#9 3.170   Downloaded libsqlite3-sys v0.30.1
#9 3.368    Compiling proc-macro2 v1.0.107
#9 3.369    Compiling unicode-ident v1.0.24
#9 3.369    Compiling quote v1.0.47
#9 3.882    Compiling libc v0.2.189
#9 4.182    Compiling cfg-if v1.0.4
#9 4.401    Compiling serde_core v1.0.229
#9 6.207    Compiling serde v1.0.229
#9 6.915    Compiling syn v3.0.4
#9 6.957    Compiling syn v2.0.119
#9 7.838    Compiling itoa v1.0.18
#9 8.927    Compiling stable_deref_trait v1.2.1
#9 9.178    Compiling pin-project-lite v0.2.17
#9 9.584    Compiling bytes v1.12.1
#9 10.22    Compiling serde_derive v1.0.229
#9 10.51    Compiling synstructure v0.13.2
#9 11.38    Compiling futures-core v0.3.33
#9 11.61    Compiling zerofrom-derive v0.1.7
#9 12.34    Compiling yoke-derive v0.8.2
#9 13.05    Compiling zerofrom v0.1.8
#9 13.53    Compiling once_cell v1.21.4
#9 13.69    Compiling yoke v0.8.3
#9 14.27    Compiling smallvec v1.15.2
#9 14.44    Compiling parking_lot_core v0.9.12
#9 14.66    Compiling zerovec-derive v0.11.6
#9 15.12    Compiling scopeguard v1.2.0
#9 15.33    Compiling version_check v0.9.5
#9 15.62    Compiling lock_api v0.4.14
#9 16.08    Compiling zerovec v0.11.8
#9 16.22    Compiling generic-array v0.14.7
#9 16.77    Compiling displaydoc v0.2.7
#9 17.48    Compiling subtle v2.6.1
#9 17.86    Compiling parking_lot v0.12.5
#9 18.10    Compiling errno v0.3.14
#9 18.16    Compiling typenum v1.20.1
#9 18.97    Compiling memchr v2.8.3
#9 19.77    Compiling signal-hook-registry v1.4.8
#9 20.36    Compiling tokio-macros v2.7.2
#9 21.07    Compiling mio v1.2.2
#9 21.32    Compiling socket2 v0.6.5
#9 21.56    Compiling find-msvc-tools v0.1.11
#9 22.38    Compiling shlex v2.0.1
#9 22.70    Compiling getrandom v0.4.3
#9 23.13    Compiling cc v1.4.4
#9 23.20    Compiling tokio v1.53.1
#9 23.39    Compiling tinystr v0.8.4
#9 24.31    Compiling getrandom v0.2.17
#9 24.79    Compiling litemap v0.8.3
#9 25.57    Compiling writeable v0.6.4
#9 25.79    Compiling autocfg v1.5.1
#9 26.75    Compiling futures-sink v0.3.33
#9 26.76    Compiling num-traits v0.2.19
#9 27.16    Compiling icu_locale_core v2.3.0
#9 27.26    Compiling ring v0.17.14
#9 29.31    Compiling block-buffer v0.10.4
#9 30.01    Compiling crypto-common v0.1.7
#9 30.57    Compiling zerotrie v0.2.5
#9 30.61    Compiling potential_utf v0.1.6
#9 33.19    Compiling tracing-core v0.1.36
#9 33.77    Compiling tracing-attributes v0.1.31
#9 34.80    Compiling zmij v1.0.23
#9 35.37    Compiling percent-encoding v2.3.2
#9 35.43    Compiling utf8_iter v1.0.4
#9 35.59    Compiling zeroize v1.9.0
#9 36.33    Compiling icu_properties_data v2.3.0
#9 36.55    Compiling log v0.4.34
#9 36.57    Compiling icu_normalizer_data v2.3.0
#9 36.93    Compiling rustls-pki-types v1.15.1
#9 37.19    Compiling icu_collections v2.3.0
#9 37.70    Compiling tracing v0.1.44
#9 39.06    Compiling icu_provider v2.3.1
#9 39.18    Compiling digest v0.10.7
#9 40.55    Compiling futures-task v0.3.33
#9 40.86    Compiling futures-io v0.3.33
#9 41.41    Compiling serde_json v1.0.151
#9 41.88    Compiling slab v0.4.12
#9 42.75    Compiling futures-util v0.3.33
#9 45.51    Compiling http v1.5.0
#9 46.24    Compiling thiserror v2.0.20
#9 47.06    Compiling untrusted v0.9.0
#9 48.09    Compiling http-body v1.1.0
#9 48.32    Compiling icu_properties v2.3.0
#9 48.95    Compiling icu_normalizer v2.3.0
#9 51.31    Compiling form_urlencoded v1.2.2
#9 52.57    Compiling thiserror-impl v2.0.20
#9 54.16    Compiling bitflags v2.13.1
#9 54.18    Compiling rustls v0.23.43
#9 54.67    Compiling base64 v0.22.1
#9 55.36    Compiling rustls-webpki v0.103.14
#9 55.49    Compiling idna_adapter v1.2.2
#9 55.98    Compiling uuid v1.26.0
#9 56.20    Compiling futures-channel v0.3.33
#9 57.14    Compiling iana-time-zone v0.1.65
#9 57.74    Compiling httparse v1.10.1
#9 58.60    Compiling zerocopy v0.8.56
#9 58.63    Compiling tower-service v0.3.3
#9 58.68    Compiling cpufeatures v0.2.17
#9 58.88    Compiling sha2 v0.10.9
#9 59.09    Compiling chrono v0.4.45
#9 60.82    Compiling idna v1.1.0
#9 63.19    Compiling webpki-roots v1.0.9
#9 63.52    Compiling try-lock v0.2.5
#9 63.88    Compiling crossbeam-utils v0.8.22
#9 64.11    Compiling want v0.3.1
#9 64.65    Compiling url v2.5.8
#9 67.82    Compiling sync_wrapper v1.0.2
#9 68.27    Compiling tower-layer v0.3.3
#9 68.98    Compiling atomic-waker v1.1.2
#9 69.32    Compiling httpdate v1.0.3
#9 69.78    Compiling hex v0.4.3
#9 70.67    Compiling hyper v1.11.0
#9 70.77    Compiling ppv-lite86 v0.2.21
#9 73.13    Compiling equivalent v1.0.2
#9 73.33    Compiling ipnet v2.12.1
#9 73.47    Compiling tower v0.5.3
#9 74.99    Compiling hyper-util v0.1.20
#9 75.01    Compiling controller-domain v0.1.0 (/workspace/rust-controller/crates/controller-domain)
#9 75.55    Compiling http-body-util v0.1.4
#9 76.47    Compiling allocator-api2 v0.2.21
#9 76.54    Compiling foldhash v0.1.5
#9 77.58    Compiling ryu v1.0.23
#9 77.59    Compiling tinyvec_macros v0.1.1
#9 77.78    Compiling tinyvec v1.12.0
#9 78.49    Compiling serde_urlencoded v0.7.1
#9 78.67    Compiling hashbrown v0.15.5
#9 78.70    Compiling event-journal v0.1.0 (/workspace/rust-controller/crates/event-journal)
#9 79.54    Compiling concurrent-queue v2.5.0
#9 80.10    Compiling tokio-rustls v0.26.4
#9 80.45    Compiling rand_core v0.6.4
#9 80.90    Compiling parking v2.2.1
#9 80.94    Compiling hashbrown v0.17.1
#9 81.54    Compiling crc-catalog v2.4.0
#9 81.82    Compiling crc v3.4.0
#9 81.82    Compiling event-listener v5.4.1
#9 82.37    Compiling indexmap v2.14.1
#9 82.40    Compiling rand_chacha v0.3.1
#9 82.89    Compiling hyper-rustls v0.27.9
#9 83.73    Compiling hashlink v0.10.0
#9 83.87    Compiling unicode-normalization v0.1.25
#9 84.47    Compiling tower-http v0.6.11
#9 84.54    Compiling crossbeam-queue v0.3.12
#9 85.17    Compiling webpki-roots v0.26.11
#9 85.22    Compiling hmac v0.12.1
#9 85.37    Compiling tokio-stream v0.1.18
#9 85.81    Compiling futures-intrusive v0.5.0
#9 86.26    Compiling either v1.18.0
#9 86.71    Compiling unicode-properties v0.1.4
#9 87.16    Compiling unicode-bidi v0.3.18
#9 87.25    Compiling sqlx-core v0.8.6
#9 87.59    Compiling hkdf v0.12.4
#9 88.30    Compiling stringprep v0.1.5
#9 89.32    Compiling reqwest v0.12.28
#9 91.00    Compiling rand v0.8.8
#9 91.98    Compiling atoi v2.0.0
#9 92.57    Compiling md-5 v0.10.6
#9 92.68    Compiling async-trait v0.1.89
#9 94.37    Compiling whoami v1.6.1
#9 95.44    Compiling rustix v1.1.4
#9 96.31    Compiling byteorder v1.5.0
#9 96.40    Compiling dotenvy v0.15.7
#9 97.17    Compiling home v0.5.12
#9 98.04    Compiling sqlx-postgres v0.8.6
#9 99.32    Compiling pve-port v0.1.0 (/workspace/rust-controller/crates/pve-port)
#9 103.9    Compiling artifact-index v0.1.0 (/workspace/rust-controller/crates/artifact-index)
#9 106.0    Compiling getrandom v0.3.4
#9 106.8    Compiling linux-raw-sys v0.12.1
#9 110.7    Compiling osdeploy-adapter v0.1.0 (/workspace/rust-controller/crates/osdeploy-adapter)
#9 116.6    Compiling sqlx v0.8.6
#9 116.8    Compiling fastrand v2.5.0
#9 118.0    Compiling tempfile v3.27.0
#9 118.4    Compiling postgres-store v0.1.0 (/workspace/rust-controller/crates/postgres-store)
#9 121.0    Compiling rand_core v0.9.5
#9 121.0    Compiling mime v0.3.17
#9 122.1    Compiling scheduler v0.1.0 (/workspace/rust-controller/crates/scheduler)
#9 122.4    Compiling anyhow v1.0.104
#9 122.6    Compiling axum-core v0.5.6
#9 123.5    Compiling api-compat v0.1.0 (/workspace/rust-controller/crates/api-compat)
#9 125.5    Compiling serde_path_to_error v0.1.20
#9 126.8    Compiling wait-timeout v0.2.1
#9 127.5    Compiling fnv v1.0.7
#9 127.9    Compiling bit-vec v0.8.0
#9 128.4    Compiling quick-error v1.2.3
#9 128.9    Compiling matchit v0.8.4
#9 129.1    Compiling controller-service v0.1.0 (/workspace/rust-controller/crates/controller-service)
#9 129.2    Compiling rusty-fork v0.3.1
#9 129.8    Compiling axum v0.8.9
#9 130.5    Compiling bit-set v0.8.0
#9 131.1    Compiling ansible-adapter v0.1.0 (/workspace/rust-controller/crates/ansible-adapter)
#9 133.0    Compiling rand_chacha v0.9.0
#9 134.2    Compiling rand v0.9.5
#9 135.5    Compiling rand_xorshift v0.4.0
#9 135.7    Compiling regex-syntax v0.8.11
#9 136.3    Compiling unarray v0.1.4
#9 136.9    Compiling operation-controller v0.1.0 (/workspace/rust-controller/crates/operation-controller)
#9 140.4    Compiling proptest v1.11.0
#9 156.7     Finished `release` profile [optimized] target(s) in 2m 36s
#9 157.3    Compiling tokio v1.53.1
#9 161.7    Compiling hyper v1.11.0
#9 161.7    Compiling tower v0.5.3
#9 163.3    Compiling tokio-rustls v0.26.4
#9 164.2    Compiling hyper-util v0.1.20
#9 166.7    Compiling hyper-rustls v0.27.9
#9 168.3    Compiling tower-http v0.6.11
#9 168.4    Compiling tokio-stream v0.1.18
#9 168.7    Compiling axum v0.8.9
#9 169.7    Compiling sqlx-core v0.8.6
#9 170.1    Compiling reqwest v0.12.28
#9 174.4    Compiling sqlx-postgres v0.8.6
#9 174.5    Compiling pve-port v0.1.0 (/workspace/rust-controller/crates/pve-port)
#9 181.4    Compiling osdeploy-adapter v0.1.0 (/workspace/rust-controller/crates/osdeploy-adapter)
#9 187.2    Compiling sqlx v0.8.6
#9 187.5    Compiling postgres-store v0.1.0 (/workspace/rust-controller/crates/postgres-store)
#9 192.0    Compiling scheduler v0.1.0 (/workspace/rust-controller/crates/scheduler)
#9 192.2    Compiling ansible-adapter v0.1.0 (/workspace/rust-controller/crates/ansible-adapter)
#9 198.9    Compiling controller-service v0.1.0 (/workspace/rust-controller/crates/controller-service)
#9 207.7     Finished `release` profile [optimized] target(s) in 50.71s
#9 208.1    Compiling proc-macro2 v1.0.107
#9 208.1    Compiling quote v1.0.47
#9 208.1    Compiling unicode-ident v1.0.24
#9 208.5    Compiling libc v0.2.189
#9 208.8    Compiling cfg-if v1.0.4
#9 209.0    Compiling serde_core v1.0.229
#9 210.8    Compiling serde v1.0.229
#9 211.4    Compiling syn v3.0.4
#9 211.6    Compiling itoa v1.0.18
#9 211.9    Compiling syn v2.0.119
#9 212.3    Compiling memchr v2.8.3
#9 213.6    Compiling version_check v0.9.5
#9 214.5    Compiling generic-array v0.14.7
#9 214.7    Compiling serde_derive v1.0.229
#9 215.0    Compiling getrandom v0.4.3
#9 215.4    Compiling subtle v2.6.1
#9 215.8    Compiling typenum v1.20.1
#9 216.1    Compiling autocfg v1.5.1
#9 217.0    Compiling num-traits v0.2.19
#9 217.7    Compiling zmij v1.0.23
#9 218.4    Compiling serde_json v1.0.151
#9 219.0    Compiling block-buffer v0.10.4
#9 219.4    Compiling crypto-common v0.1.7
#9 219.6    Compiling synstructure v0.13.2
#9 219.8    Compiling once_cell v1.21.4
#9 219.9    Compiling thiserror v2.0.20
#9 220.6    Compiling digest v0.10.7
#9 221.0    Compiling smallvec v1.15.2
#9 221.3    Compiling thiserror-impl v2.0.20
#9 221.8    Compiling zerofrom-derive v0.1.7
#9 222.3    Compiling uuid v1.26.0
#9 223.2    Compiling zerofrom v0.1.8
#9 223.3    Compiling yoke-derive v0.8.2
#9 223.5    Compiling stable_deref_trait v1.2.1
#9 223.7    Compiling pin-project-lite v0.2.17
#9 223.8    Compiling futures-core v0.3.33
#9 224.0    Compiling bytes v1.12.1
#9 473.4    Compiling cpufeatures v0.2.17
#9 473.6    Compiling iana-time-zone v0.1.65
#9 473.6    Compiling yoke v0.8.3
#9 474.2    Compiling parking_lot_core v0.9.12
#9 474.3    Compiling chrono v0.4.45
#9 474.5    Compiling sha2 v0.10.9
#9 474.9    Compiling zerovec-derive v0.11.6
#9 475.5    Compiling scopeguard v1.2.0
#9 475.9    Compiling lock_api v0.4.14
#9 476.4    Compiling zerovec v0.11.8
#9 476.6    Compiling displaydoc v0.2.7
#9 477.4    Compiling hex v0.4.3
#9 477.6    Compiling parking_lot v0.12.5
#9 477.9    Compiling controller-domain v0.1.0 (/workspace/rust-controller/crates/controller-domain)
#9 478.2    Compiling errno v0.3.14
#9 478.7    Compiling signal-hook-registry v1.4.8
#9 478.9    Compiling tokio-macros v2.7.2
#9 479.2    Compiling socket2 v0.6.5
#9 479.7    Compiling mio v1.2.2
#9 480.1    Compiling find-msvc-tools v0.1.11
#9 480.4    Compiling shlex v2.0.1
#9 480.9    Compiling tokio v1.53.1
#9 481.0    Compiling cc v1.4.4
#9 481.1    Compiling tinystr v0.8.4
#9 481.9    Compiling getrandom v0.2.17
#9 482.8    Compiling bitflags v2.13.1
#9 482.8    Compiling litemap v0.8.3
#9 483.7    Compiling writeable v0.6.4
#9 483.7    Compiling futures-sink v0.3.33
#9 484.1    Compiling ring v0.17.14
#9 484.6    Compiling icu_locale_core v2.3.0
#9 485.2    Compiling event-journal v0.1.0 (/workspace/rust-controller/crates/event-journal)
#9 486.2    Compiling zerotrie v0.2.5
#9 486.5    Compiling potential_utf v0.1.6
#9 486.6    Compiling tracing-core v0.1.36
#9 487.2    Compiling tracing-attributes v0.1.31
#9 487.3    Compiling icu_normalizer_data v2.3.0
#9 487.8    Compiling base64 v0.22.1
#9 487.8    Compiling icu_properties_data v2.3.0
#9 488.4    Compiling log v0.4.34
#9 488.8    Compiling utf8_iter v1.0.4
#9 488.9    Compiling zeroize v1.9.0
#9 489.3    Compiling percent-encoding v2.3.2
#9 489.5    Compiling rustls-pki-types v1.15.1
#9 489.6    Compiling icu_collections v2.3.0
#9 490.1    Compiling tracing v0.1.44
#9 490.7    Compiling icu_provider v2.3.1
#9 491.0    Compiling futures-task v0.3.33
#9 491.7    Compiling slab v0.4.12
#9 491.7    Compiling futures-io v0.3.33
#9 492.3    Compiling futures-util v0.3.33
#9 492.7    Compiling http v1.5.0
#9 494.2    Compiling untrusted v0.9.0
#9 494.6    Compiling http-body v1.1.0
#9 494.8    Compiling icu_properties v2.3.0
#9 495.2    Compiling icu_normalizer v2.3.0
#9 496.4    Compiling form_urlencoded v1.2.2
#9 496.5    Compiling rustls v0.23.43
#9 497.0    Compiling idna_adapter v1.2.2
#9 497.2    Compiling futures-channel v0.3.33
#9 497.5    Compiling httparse v1.10.1
#9 498.0    Compiling rustls-webpki v0.103.14
#9 498.4    Compiling tower-service v0.3.3
#9 498.7    Compiling idna v1.1.0
#9 498.7    Compiling webpki-roots v1.0.9
#9 499.5    Compiling try-lock v0.2.5
#9 499.9    Compiling url v2.5.8
#9 500.0    Compiling want v0.3.1
#9 501.3    Compiling sync_wrapper v1.0.2
#9 501.7    Compiling tower-layer v0.3.3
#9 501.7    Compiling atomic-waker v1.1.2
#9 502.3    Compiling httpdate v1.0.3
#9 502.4    Compiling ipnet v2.12.1
#9 503.1    Compiling hyper v1.11.0
#9 503.5    Compiling tower v0.5.3
#9 503.5    Compiling http-body-util v0.1.4
#9 504.3    Compiling ryu v1.0.23
#9 504.6    Compiling hyper-util v0.1.20
#9 505.0    Compiling serde_urlencoded v0.7.1
#9 505.0    Compiling tokio-rustls v0.26.4
#9 505.8    Compiling tower-http v0.6.11
#9 505.8    Compiling async-trait v0.1.89
#9 506.7    Compiling hyper-rustls v0.27.9
#9 506.8    Compiling artifact-index v0.1.0 (/workspace/rust-controller/crates/artifact-index)
#9 507.1    Compiling zerocopy v0.8.56
#9 507.6    Compiling reqwest v0.12.28
#9 507.9    Compiling crossbeam-utils v0.8.22
#9 509.7    Compiling pve-port v0.1.0 (/workspace/rust-controller/crates/pve-port)
#9 510.6    Compiling ppv-lite86 v0.2.21
#9 510.7    Compiling equivalent v1.0.2
#9 511.0    Compiling tinyvec_macros v0.1.1
#9 511.1    Compiling foldhash v0.1.5
#9 511.3    Compiling allocator-api2 v0.2.21
#9 511.9    Compiling tinyvec v1.12.0
#9 512.2    Compiling hashbrown v0.15.5
#9 512.6    Compiling concurrent-queue v2.5.0
#9 513.4    Compiling rand_core v0.6.4
#9 513.4    Compiling hashbrown v0.17.1
#9 514.3    Compiling parking v2.2.1
#9 514.6    Compiling crc-catalog v2.4.0
#9 514.9    Compiling crc v3.4.0
#9 514.9    Compiling event-listener v5.4.1
#9 515.5    Compiling indexmap v2.14.1
#9 515.8    Compiling rand_chacha v0.3.1
#9 516.6    Compiling hashlink v0.10.0
#9 516.8    Compiling unicode-normalization v0.1.25
#9 517.3    Compiling osdeploy-adapter v0.1.0 (/workspace/rust-controller/crates/osdeploy-adapter)
#9 517.8    Compiling crossbeam-queue v0.3.12
#9 518.4    Compiling webpki-roots v0.26.11
#9 518.6    Compiling tokio-stream v0.1.18
#9 519.5    Compiling futures-intrusive v0.5.0
#9 519.7    Compiling hmac v0.12.1
#9 520.3    Compiling either v1.18.0
#9 520.6    Compiling unicode-properties v0.1.4
#9 521.0    Compiling unicode-bidi v0.3.18
#9 521.2    Compiling sqlx-core v0.8.6
#9 522.3    Compiling stringprep v0.1.5
#9 523.3    Compiling hkdf v0.12.4
#9 523.3    Compiling rand v0.8.8
#9 523.9    Compiling md-5 v0.10.6
#9 524.1    Compiling atoi v2.0.0
#9 524.4    Compiling whoami v1.6.1
#9 524.6    Compiling byteorder v1.5.0
#9 524.7    Compiling home v0.5.12
#9 525.2    Compiling dotenvy v0.15.7
#9 525.3    Compiling rustix v1.1.4
#9 525.4    Compiling linux-raw-sys v0.12.1
#9 526.1    Compiling sqlx-postgres v0.8.6
#9 526.2    Compiling fastrand v2.5.0
#9 527.1    Compiling getrandom v0.3.4
#9 528.7    Compiling tempfile v3.27.0
#9 528.7    Compiling rand_core v0.9.5
#9 529.5    Compiling sqlx v0.8.6
#9 529.7    Compiling postgres-store v0.1.0 (/workspace/rust-controller/crates/postgres-store)
#9 529.8    Compiling wait-timeout v0.2.1
#9 530.7    Compiling fnv v1.0.7
#9 531.1    Compiling quick-error v1.2.3
#9 531.4    Compiling bit-vec v0.8.0
#9 531.7    Compiling rusty-fork v0.3.1
#9 532.2    Compiling bit-set v0.8.0
#9 533.9    Compiling rand_chacha v0.9.0
#9 534.0    Compiling rand v0.9.5
#9 535.0    Compiling rand_xorshift v0.4.0
#9 535.4    Compiling api-compat v0.1.0 (/workspace/rust-controller/crates/api-compat)
#9 535.8    Compiling scheduler v0.1.0 (/workspace/rust-controller/crates/scheduler)
#9 536.0    Compiling unarray v0.1.4
#9 536.5    Compiling regex-syntax v0.8.11
#9 537.3    Compiling ansible-adapter v0.1.0 (/workspace/rust-controller/crates/ansible-adapter)
#9 537.6    Compiling operation-controller v0.1.0 (/workspace/rust-controller/crates/operation-controller)
#9 539.8    Compiling proptest v1.11.0
#9 540.1    Compiling anyhow v1.0.104
#9 540.8    Compiling mime v0.3.17
#9 541.4    Compiling serde_path_to_error v0.1.20
#9 541.9    Compiling axum-core v0.5.6
#9 542.5    Compiling matchit v0.8.4
#9 543.6    Compiling controller-service v0.1.0 (/workspace/rust-controller/crates/controller-service)
#9 543.8    Compiling axum v0.8.9
#9 633.1     Finished `test` profile [unoptimized + debuginfo] target(s) in 7m 05s
#9 633.1   Executable unittests src/lib.rs (rust-controller/target/debug/deps/ansible_adapter-9aec5c876a7b3330)
#9 633.1   Executable tests/allowlist.rs (rust-controller/target/debug/deps/allowlist-fb25581e23d06979)
#9 633.1   Executable tests/binding.rs (rust-controller/target/debug/deps/binding-eb0bd050487df8af)
#9 633.1   Executable tests/native.rs (rust-controller/target/debug/deps/native-f7f58ed47aa26461)
#9 633.1   Executable unittests src/lib.rs (rust-controller/target/debug/deps/api_compat-31ca7cd01adb4e72)
#9 633.1   Executable tests/callback_contract.rs (rust-controller/target/debug/deps/callback_contract-32d6957fc317bbca)
#9 633.1   Executable unittests src/lib.rs (rust-controller/target/debug/deps/artifact_index-63818e4721638896)
#9 633.1   Executable tests/bytes.rs (rust-controller/target/debug/deps/bytes-4d858471b5558cc3)
#9 633.1   Executable tests/descriptor.rs (rust-controller/target/debug/deps/descriptor-3213f32ddee71c19)
#9 633.1   Executable tests/export_gate.rs (rust-controller/target/debug/deps/export_gate-1f5a980ce5cb096b)
#9 633.1   Executable unittests src/lib.rs (rust-controller/target/debug/deps/controller_domain-4a5e0650162472e6)
#9 633.1   Executable unittests src/main.rs (rust-controller/target/debug/deps/controller_service-d42bbcfe93986d9c)
#9 633.1   Executable tests/service.rs (rust-controller/target/debug/deps/service-4b6f9dd95c8448e1)
#9 633.1   Executable unittests src/lib.rs (rust-controller/target/debug/deps/event_journal-3faae7ed719e660b)
#9 633.1   Executable unittests src/lib.rs (rust-controller/target/debug/deps/operation_controller-a56ac3001055507f)
#9 633.1   Executable tests/decision.rs (rust-controller/target/debug/deps/decision-3d2625aaf780ad6b)
#9 633.1   Executable tests/postgres_fixture_clone.rs (rust-controller/target/debug/deps/postgres_fixture_clone-bc49dc5348fb8e83)
#9 633.1   Executable tests/postgres_fixture_workers.rs (rust-controller/target/debug/deps/postgres_fixture_workers-724ff5b2b62c4038)
#9 633.1   Executable tests/postgres_native.rs (rust-controller/target/debug/deps/postgres_native-2ca5713cfc05285b)
#9 633.1   Executable tests/postgres_osdeploy.rs (rust-controller/target/debug/deps/postgres_osdeploy-bab755d8cb46ada5)
#9 633.1   Executable unittests src/lib.rs (rust-controller/target/debug/deps/osdeploy_adapter-9aeb308c34072bab)
#9 633.1   Executable tests/disk_boot_boundary.rs (rust-controller/target/debug/deps/disk_boot_boundary-2d302eb5d02a9b05)
#9 633.1   Executable tests/guest_action.rs (rust-controller/target/debug/deps/guest_action-36429deb92ac1622)
#9 633.1   Executable tests/heartbeat_boundary.rs (rust-controller/target/debug/deps/heartbeat_boundary-b8a8bbbd8510b33a)
#9 633.1   Executable tests/input_values.rs (rust-controller/target/debug/deps/input_values-f7c1786984b23ac1)
#9 633.1   Executable tests/install_agent_boundary.rs (rust-controller/target/debug/deps/install_agent_boundary-ee4e2feb1a2b4c06)
#9 633.1   Executable tests/install_qga_boundary.rs (rust-controller/target/debug/deps/install_qga_boundary-2a07cc1142aa309a)
#9 633.1   Executable tests/operational_boundary.rs (rust-controller/target/debug/deps/operational_boundary-67bcffdbce45d20a)
#9 633.1   Executable tests/pe_complete_boundary.rs (rust-controller/target/debug/deps/pe_complete_boundary-c06e65b8e3f5a2c7)
#9 633.1   Executable tests/pe_register_authority.rs (rust-controller/target/debug/deps/pe_register_authority-35c2df9bfa03f12e)
#9 633.1   Executable tests/pe_register_callback.rs (rust-controller/target/debug/deps/pe_register_callback-eb873658b4584499)
#9 633.1   Executable tests/pe_registration_precision.rs (rust-controller/target/debug/deps/pe_registration_precision-1d528b825728d574)
#9 633.1   Executable tests/pe_shutdown_boundary.rs (rust-controller/target/debug/deps/pe_shutdown_boundary-434ce3e254febe84)
#9 633.1   Executable tests/plan.rs (rust-controller/target/debug/deps/plan-6f464d857dd9a903)
#9 633.1   Executable tests/provisioning.rs (rust-controller/target/debug/deps/provisioning-cd8af899984ebfd5)
#9 633.1   Executable tests/restore.rs (rust-controller/target/debug/deps/restore-e8e96cb56f0a2172)
#9 633.1   Executable tests/stages.rs (rust-controller/target/debug/deps/stages-abcdde2bc608ae67)
#9 633.1   Executable tests/start_pe_arming.rs (rust-controller/target/debug/deps/start_pe_arming-78842bef505a4a89)
#9 633.1   Executable tests/verify_qga_boundary.rs (rust-controller/target/debug/deps/verify_qga_boundary-2775ba81d4c617c2)
#9 633.1   Executable tests/watchdog_boundary.rs (rust-controller/target/debug/deps/watchdog_boundary-495db04d132a7e21)
#9 633.1   Executable unittests src/lib.rs (rust-controller/target/debug/deps/postgres_store-dbf5d13d25332c93)
#9 633.1   Executable tests/docker_fixture_storage.rs (rust-controller/target/debug/deps/docker_fixture_storage-8461ae2adb156a78)
#9 633.1   Executable tests/native.rs (rust-controller/target/debug/deps/native-ca75a7d774420f51)
#9 633.1   Executable tests/osdeploy_durability.rs (rust-controller/target/debug/deps/osdeploy_durability-b1f9412be2bec2a3)
#9 633.1   Executable tests/osdeploy_permit_seam.rs (rust-controller/target/debug/deps/osdeploy_permit_seam-03d7ea817b9c7389)
#9 633.1   Executable tests/osdeploy_registration.rs (rust-controller/target/debug/deps/osdeploy_registration-5a6ca176f6c6b9c6)
#9 633.1   Executable tests/pe_register_result_gate.rs (rust-controller/target/debug/deps/pe_register_result_gate-5869a2005040cd55)
#9 633.1   Executable tests/pe_register_result_transaction.rs (rust-controller/target/debug/deps/pe_register_result_transaction-3ae892a81f024646)
#9 633.1   Executable tests/postgres.rs (rust-controller/target/debug/deps/postgres-e3b4a38248b7da46)
#9 633.1   Executable tests/start_pe_arming_gate.rs (rust-controller/target/debug/deps/start_pe_arming_gate-c2d99dc19f7c0e7f)
#9 633.1   Executable unittests src/lib.rs (rust-controller/target/debug/deps/pve_port-29f3ce4605601174)
#9 633.1   Executable tests/credentials.rs (rust-controller/target/debug/deps/credentials-4b491f5b0efaddf9)
#9 633.1   Executable tests/durable_fixture_log.rs (rust-controller/target/debug/deps/durable_fixture_log-b0e28dc796062326)
#9 633.1   Executable tests/fixture_checkpoint.rs (rust-controller/target/debug/deps/fixture_checkpoint-7254fb5d44ef758a)
#9 633.1   Executable tests/fixture_clone_contract.rs (rust-controller/target/debug/deps/fixture_clone_contract-ea3f286db3660290)
#9 633.1   Executable tests/fixture_controller_admission.rs (rust-controller/target/debug/deps/fixture_controller_admission-2b45551172cd07cc)
#9 633.1   Executable tests/fixture_daemon.rs (rust-controller/target/debug/deps/fixture_daemon-4d9736399065d6d1)
#9 633.1   Executable tests/fixture_inventory_projection.rs (rust-controller/target/debug/deps/fixture_inventory_projection-2c911ee126afbf30)
#9 633.1   Executable tests/fixture_inventory_v2.rs (rust-controller/target/debug/deps/fixture_inventory_v2-38ebcd7d9dc5855c)
#9 633.1   Executable tests/fixture_legacy_resize.rs (rust-controller/target/debug/deps/fixture_legacy_resize-a12806eb420d1da2)
#9 633.1   Executable tests/fixture_post_dispatch.rs (rust-controller/target/debug/deps/fixture_post_dispatch-5a1601779f1f887b)
#9 633.1   Executable tests/fixture_provisioning_reads.rs (rust-controller/target/debug/deps/fixture_provisioning_reads-a9a5b734db1730f1)
#9 633.1   Executable tests/fixture_read_client.rs (rust-controller/target/debug/deps/fixture_read_client-b4abd5067afffe3b)
#9 633.1   Executable tests/fixture_stage.rs (rust-controller/target/debug/deps/fixture_stage-007820741669bb51)
#9 633.1   Executable tests/fixture_stage_consumers.rs (rust-controller/target/debug/deps/fixture_stage_consumers-79048fecc2c193cd)
#9 633.1   Executable tests/fixture_task.rs (rust-controller/target/debug/deps/fixture_task-e43cedc3e1ef27e4)
#9 633.1   Executable tests/infrastructure_visibility.rs (rust-controller/target/debug/deps/infrastructure_visibility-bf6a51b110b76f2e)
#9 633.1   Executable tests/infrastructure_visibility_http.rs (rust-controller/target/debug/deps/infrastructure_visibility_http-79949864dae062a4)
#9 633.1   Executable tests/native_contract.rs (rust-controller/target/debug/deps/native_contract-9e3c6284301fef72)
#9 633.1   Executable tests/network_deny.rs (rust-controller/target/debug/deps/network_deny-204fbaa42fb8d3fb)
#9 633.1   Executable tests/preflight.rs (rust-controller/target/debug/deps/preflight-8797e35a8e45362f)
#9 633.1   Executable tests/provisioning_config.rs (rust-controller/target/debug/deps/provisioning_config-30af1c404130d5b4)
#9 633.1   Executable tests/provisioning_evaluation.rs (rust-controller/target/debug/deps/provisioning_evaluation-0efc1f307cd4260f)
#9 633.1   Executable tests/provisioning_expectations.rs (rust-controller/target/debug/deps/provisioning_expectations-90c7a208b3f32198)
#9 633.1   Executable tests/provisioning_fake.rs (rust-controller/target/debug/deps/provisioning_fake-d82c0735fe363a62)
#9 633.1   Executable tests/provisioning_requests.rs (rust-controller/target/debug/deps/provisioning_requests-99420e591684bf5a)
#9 633.1   Executable tests/visibility.rs (rust-controller/target/debug/deps/visibility-3a59ed8e79dd8e7e)
#9 633.1   Executable tests/visibility_http.rs (rust-controller/target/debug/deps/visibility_http-791b7346dcf1dea4)
#9 633.1   Executable unittests src/lib.rs (rust-controller/target/debug/deps/scheduler-e4743bfd4d9c390c)
#9 633.1   Executable tests/postgres.rs (rust-controller/target/debug/deps/postgres-4cb9b69eda1ceb1e)
#9 DONE 633.6s

#10 [ 7/12] RUN cargo test --offline --locked --manifest-path rust-controller/Cargo.toml -p pve-port && cargo test --offline --locked --manifest-path rust-controller/Cargo.toml -p operation-controller --test decision && cargo test --offline --locked --manifest-path rust-controller/Cargo.toml -p operation-controller --test postgres_native support:: -- --test-threads=1
#10 0.602    Compiling smallvec v1.15.2
#10 0.603    Compiling serde_core v1.0.229
#10 0.606    Compiling serde v1.0.229
#10 1.423    Compiling parking_lot_core v0.9.12
#10 1.564    Compiling getrandom v0.2.17
#10 2.334    Compiling parking_lot v0.12.5
#10 2.368    Compiling futures-task v0.3.33
#10 3.085    Compiling tokio v1.53.1
#10 3.379    Compiling slab v0.4.12
#10 3.623    Compiling ring v0.17.14
#10 4.081    Compiling futures-util v0.3.33
#10 5.992    Compiling icu_normalizer v2.3.0
#10 7.012    Compiling num-traits v0.2.19
#10 7.266    Compiling idna_adapter v1.2.2
#10 7.558    Compiling rustls-webpki v0.103.14
#10 7.839    Compiling futures-channel v0.3.33
#10 8.077    Compiling serde_json v1.0.151
#10 8.587    Compiling rustls v0.23.43
#10 8.689    Compiling hyper v1.11.0
#10 9.099    Compiling tracing v0.1.44
#10 9.961    Compiling idna v1.1.0
#10 10.89    Compiling memchr v2.8.3
#10 11.23    Compiling tower v0.5.3
#10 12.35    Compiling tokio-rustls v0.26.4
#10 13.01    Compiling hyper-util v0.1.20
#10 13.11    Compiling digest v0.10.7
#10 13.75    Compiling uuid v1.26.0
#10 14.90    Compiling url v2.5.8
#10 14.93    Compiling bitflags v2.13.1
#10 14.94    Compiling chrono v0.4.45
#10 15.79    Compiling sha2 v0.10.9
#10 16.36    Compiling tower-http v0.6.11
#10 16.74    Compiling serde_urlencoded v0.7.1
#10 16.88    Compiling hyper-rustls v0.27.9
#10 17.39    Compiling controller-domain v0.1.0 (/workspace/rust-controller/crates/controller-domain)
#10 17.58    Compiling reqwest v0.12.28
#10 18.28    Compiling event-journal v0.1.0 (/workspace/rust-controller/crates/event-journal)
#10 19.28    Compiling pve-port v0.1.0 (/workspace/rust-controller/crates/pve-port)
#10 43.85     Finished `test` profile [unoptimized + debuginfo] target(s) in 43.50s
#10 43.86      Running unittests src/lib.rs (rust-controller/target/debug/deps/pve_port-d1b92ee1217d95f3)
#10 43.87 
#10 43.87 running 25 tests
#10 43.89 test tests::clone_intent_rejects_a_upid_for_another_node ... ok
#10 43.91 test observer::boundary_tests::denied_production_target_never_reaches_client_builder ... ok
#10 43.91 test observer::boundary_tests::credential_denial_precedes_client_build_for_every_denied_mode ... ok
#10 43.95 test tests::contradictory_uuid_or_mac_is_never_identity_satisfied ... ok
#10 44.10 test tests::http_401_and_403_are_unauthorized_without_response_payloads ... ok
#10 44.11 test tests::http_404_and_409_remain_distinct_read_errors ... ok
#10 44.11 test tests::identifiers_and_base_urls_reject_unsafe_or_ambiguous_values ... ok
#10 44.12 test tests::combined_http_observation_evaluates_fresh_facts_after_collection ... ok
#10 44.12 test tests::late_upid_completion_is_a_new_fact_without_replaying_requests ... ok
#10 44.13 test tests::injected_evaluation_clock_runs_after_http_collection_and_rejects_old_or_future_facts ... ok
#10 44.13 test tests::not_found_and_conflict_are_unavailable_observations ... ok
#10 44.13 
#10 44.13 running 1 test
#10 44.38 test tests::observer_never_follows_a_redirect_hop ... ok
#10 44.38 test tests::old_observations_are_stale ... ok
#10 44.39 test tests::qga_ping_uses_the_typed_post_observation_endpoint ... ok
#10 44.40 test tests::redirect_to_production_is_rejected_without_a_production_attempt ... ok
#10 44.42 test tests::loopback_target_never_uses_proxy_environment ... ok
#10 44.42 
#10 44.42 test result: ok. 1 passed; 0 failed; 0 ignored; 0 measured; 24 filtered out; finished in 0.29s
#10 44.42 
#10 44.43 test tests::loopback_target_never_uses_proxy_environment ... ok
#10 44.43 test tests::sanitized_upid_fixture_decodes_as_completed_task ... ok
#10 44.44 test tests::sanitized_upid_fixture_decodes_as_failed_task ... ok
#10 44.44 test tests::stopped_failure_is_distinct_from_a_running_task ... ok
#10 44.44 test tests::task_status_rejects_route_node_mismatch_before_a_request ... ok
#10 44.45 test tests::timeout_is_timed_out_not_failed ... ok
#10 44.45 test tests::upid_requires_the_documented_proxmox_field_shape ... ok
#10 44.45 test tests::upid_success_is_not_vm_postcondition ... ok
#10 44.51 test tests::retryable_protocol_response_has_at_most_one_wire_attempt ... ok
#10 44.59 test tests::delayed_loopback_response_maps_to_timeout ... ok
#10 44.59 
#10 44.59 test result: ok. 25 passed; 0 failed; 0 ignored; 0 measured; 0 filtered out; finished in 0.72s
#10 44.59 
#10 44.60      Running tests/credentials.rs (rust-controller/target/debug/deps/credentials-9fee9f51a216fb4e)
#10 44.62 
#10 44.62 running 4 tests
#10 45.01 test default_observer_sends_no_authorization ... ok
#10 45.01 test redirect_cannot_forward_token_or_issue_second_request ... ok
#10 45.01 test token_is_sent_once_only_in_sensitive_authorization_header ... ok
#10 45.01 test token_validation_and_debug_never_echo_input ... ok
#10 45.01 
#10 45.01 test result: ok. 4 passed; 0 failed; 0 ignored; 0 measured; 0 filtered out; finished in 0.38s
#10 45.01 
#10 45.01      Running tests/durable_fixture_log.rs (rust-controller/target/debug/deps/durable_fixture_log-687de19c5640f707)
#10 45.02 
#10 45.02 running 12 tests
#10 45.28 test duplicate_attempt_cannot_accept_and_reordered_valid_frames_fail_recovery ... ok
#10 45.28 test acceptance_and_world_transition_recover_together_after_durable_attempt ... ok
#10 45.29 test effect_lookup_rejects_invalid_identity_without_appending ... ok
#10 45.29 test durable_fixture_log::power_tests::atomic_start_admission_survives_replay_without_consuming_duplicate_authority ... ok
#10 45.30 test durable_fixture_log::power_tests::power_replay_requires_exact_effect_and_fresh_observation ... ok
#10 45.30 test invalid_inputs_do_not_append_and_create_never_overwrites ... ok
#10 45.31 test rejects_trailing_garbage_oversized_lines_and_replayed_frames ... ok
#10 45.33 test stage_identity_rejects_legacy_mixing_and_invalid_authority ... ok
#10 45.33 test restart_preserves_every_duplicate_attempt_including_changed_digest ... ok
#10 45.34 test every_truncated_record_and_checksum_corruption_fail_closed ... ok
#10 45.34 test stage_replay_rejects_canonical_but_rebound_effects_and_ambiguous_legacy ... ok
#10 45.36 test stage_keys_replay_exactly_and_bind_original_authority ... ok
#10 45.36 
#10 45.36 test result: ok. 12 passed; 0 failed; 0 ignored; 0 measured; 0 filtered out; finished in 0.34s
#10 45.36 
#10 45.36      Running tests/fixture_checkpoint.rs (rust-controller/target/debug/deps/fixture_checkpoint-40f23d8d7f0d2f23)
#10 45.37 
#10 45.37 running 0 tests
#10 45.38 
#10 45.38 test result: ok. 0 passed; 0 failed; 0 ignored; 0 measured; 0 filtered out; finished in 0.00s
#10 45.38 
#10 45.38      Running tests/fixture_clone_contract.rs (rust-controller/target/debug/deps/fixture_clone_contract-480975917a3058de)
#10 45.39 
#10 45.39 running 0 tests
#10 45.39 
#10 45.39 test result: ok. 0 passed; 0 failed; 0 ignored; 0 measured; 0 filtered out; finished in 0.00s
#10 45.39 
#10 45.39      Running tests/fixture_controller_admission.rs (rust-controller/target/debug/deps/fixture_controller_admission-f902367e81ece5fd)
#10 45.40 
#10 45.40 running 0 tests
#10 45.40 
#10 45.40 test result: ok. 0 passed; 0 failed; 0 ignored; 0 measured; 0 filtered out; finished in 0.00s
#10 45.40 
#10 45.41      Running tests/fixture_daemon.rs (rust-controller/target/debug/deps/fixture_daemon-750aba1be82d4225)
#10 45.42 
#10 45.42 running 12 tests
#10 45.44 test daemon_lifetime_keeps_a_sixty_second_hard_limit ... ok
#10 45.47 test durable_fixture_log::power_tests::atomic_start_admission_survives_replay_without_consuming_duplicate_authority ... ok
#10 45.47 test delayed_payload_is_read_within_the_frame_deadline ... ok
#10 45.48 test durable_fixture_log::power_tests::power_replay_requires_exact_effect_and_fresh_observation ... ok
#10 45.52 test accepted_effect_lookup_binds_request_and_survives_restart ... ok
#10 45.53 test fixture_daemon::snapshot::tests::inventory_is_strict_and_bounded ... ok
#10 45.53 test fixture_daemon_child ... ignored, subprocess entry point only
#10 45.53 test endpoint_substitution_and_corrupt_restart_fail_closed ... ok
#10 45.59 test effects_commit_replay_and_reject_duplicates_over_ipc ... ok
#10 45.59 test oversized_and_partial_requests_cannot_mutate_or_stall_daemon ... ok
#10 45.62 test killed_daemon_rebind_requires_supervisor_cleanup_and_preserves_ledger ... ok
#10 45.65 test separate_process_enforces_control_boundary_and_durable_duplicate_ledger ... ok
#10 45.65 
#10 45.65 test result: ok. 11 passed; 0 failed; 1 ignored; 0 measured; 0 filtered out; finished in 0.23s
#10 45.65 
#10 45.65      Running tests/fixture_inventory_projection.rs (rust-controller/target/debug/deps/fixture_inventory_projection-c8d3ace9e80a4dd3)
#10 45.66 
#10 45.66 running 0 tests
#10 45.66 
#10 45.66 test result: ok. 0 passed; 0 failed; 0 ignored; 0 measured; 0 filtered out; finished in 0.00s
#10 45.66 
#10 45.66      Running tests/fixture_inventory_v2.rs (rust-controller/target/debug/deps/fixture_inventory_v2-13024e0bf47fec31)
#10 45.68 
#10 45.68 running 0 tests
#10 45.68 
#10 45.68 test result: ok. 0 passed; 0 failed; 0 ignored; 0 measured; 0 filtered out; finished in 0.00s
#10 45.68 
#10 45.68      Running tests/fixture_legacy_resize.rs (rust-controller/target/debug/deps/fixture_legacy_resize-fd071bb374a69df8)
#10 45.69 
#10 45.69 running 0 tests
#10 45.69 
#10 45.69 test result: ok. 0 passed; 0 failed; 0 ignored; 0 measured; 0 filtered out; finished in 0.00s
#10 45.69 
#10 45.69      Running tests/fixture_post_dispatch.rs (rust-controller/target/debug/deps/fixture_post_dispatch-377c61cb8bef3b51)
#10 45.70 
#10 45.70 running 0 tests
#10 45.70 
#10 45.70 test result: ok. 0 passed; 0 failed; 0 ignored; 0 measured; 0 filtered out; finished in 0.00s
#10 45.70 
#10 45.71      Running tests/fixture_provisioning_reads.rs (rust-controller/target/debug/deps/fixture_provisioning_reads-4424a9feadb6e55e)
#10 45.72 
#10 45.72 running 0 tests
#10 45.72 
#10 45.72 test result: ok. 0 passed; 0 failed; 0 ignored; 0 measured; 0 filtered out; finished in 0.00s
#10 45.72 
#10 45.72      Running tests/fixture_read_client.rs (rust-controller/target/debug/deps/fixture_read_client-d99406b0567ca48d)
#10 45.73 
#10 45.73 running 0 tests
#10 45.73 
#10 45.73 test result: ok. 0 passed; 0 failed; 0 ignored; 0 measured; 0 filtered out; finished in 0.00s
#10 45.73 
#10 45.73      Running tests/fixture_stage.rs (rust-controller/target/debug/deps/fixture_stage-0c13287b045827ea)
#10 45.75 
#10 45.75 running 0 tests
#10 45.75 
#10 45.75 test result: ok. 0 passed; 0 failed; 0 ignored; 0 measured; 0 filtered out; finished in 0.00s
#10 45.75 
#10 45.75      Running tests/fixture_stage_consumers.rs (rust-controller/target/debug/deps/fixture_stage_consumers-fe82e3f0fd8970a2)
#10 45.76 
#10 45.76 running 0 tests
#10 45.76 
#10 45.76 test result: ok. 0 passed; 0 failed; 0 ignored; 0 measured; 0 filtered out; finished in 0.00s
#10 45.76 
#10 45.76      Running tests/fixture_task.rs (rust-controller/target/debug/deps/fixture_task-bb1aa11940bfe18c)
#10 45.77 
#10 45.77 running 0 tests
#10 45.77 
#10 45.77 test result: ok. 0 passed; 0 failed; 0 ignored; 0 measured; 0 filtered out; finished in 0.00s
#10 45.77 
#10 45.78      Running tests/infrastructure_visibility.rs (rust-controller/target/debug/deps/infrastructure_visibility-269d34d9617edf56)
#10 45.79 
#10 45.79 running 26 tests
#10 45.81 test empty_network_remains_unverified ... ok
#10 45.81 test duplicate_identity_invalidates_network_report ... ok
#10 45.81 test duplicate_identity_is_detected_before_metadata_rejection ... ok
#10 45.81 test interface_activity_preserves_zero_one_and_missing ... ok
#10 45.81 test invalid_activity_is_counted ... ok
#10 45.82 test invalid_interface_identity_is_counted ... ok
#10 45.82 test malformed_rows_are_counted_without_losing_valid_rows ... ok
#10 45.82 test invalid_or_mismatched_node_binding_invalidates_node_report ... ok
#10 45.82 test matching_network_node_binding_is_retained ... ok
#10 45.82 test invalid_or_crossnode_binding_invalidates_even_otherwise_malformed_rows ... ok
#10 45.82 test missing_or_nonstring_type_is_counted ... ok
#10 45.82 test matching_node_binding_is_retained ... ok
#10 45.82 test missing_uptime_is_unknown ... ok
#10 45.82 test network_timestamp_is_preserved ... ok
#10 45.82 test network_serialization_preserves_order_and_only_sanitized_fields ... ok
#10 45.82 test node_serialization_retains_only_sanitized_visibility ... ok
#10 45.82 test nonarray_network_data_is_invalid ... ok
#10 45.82 test node_timestamp_is_preserved ... ok
#10 45.82 test nonobject_node_data_is_invalid ... ok
#10 45.82 test opaque_interface_identity_accepts_exact_byte_and_character_boundaries ... ok
#10 45.82 test ovs_and_missing_activity_remain_visible ... ok
#10 45.83 test network_row_limit_accepts_1024_and_rejects_1025 ... ok
#10 45.83 test present_invalid_uptime_invalidates_report ... ok
#10 45.83 test positive_and_maximum_uptime_are_retained ... ok
#10 45.83 test zero_uptime_is_visibility_not_online_authority ... ok
#10 45.83 test unknown_interface_types_remain_visible_without_raw_metadata ... ok
#10 45.83 
#10 45.83 test result: ok. 26 passed; 0 failed; 0 ignored; 0 measured; 0 filtered out; finished in 0.04s
#10 45.83 
#10 45.83      Running tests/infrastructure_visibility_http.rs (rust-controller/target/debug/deps/infrastructure_visibility_http-7764b080c6227c3e)
#10 45.84 
#10 45.84 running 22 tests
#10 46.06 test authenticated_network_preserves_ovs_missing_activity_and_rejected_rows ... ok
#10 46.07 test chunked_oversize_is_rejected ... ok
#10 46.07 test conflict_409_is_fixed_and_not_retried ... ok
#10 46.08 test authenticated_node_zero_uptime_is_one_timestamped_unverified_get ... ok
#10 46.08 test cross_node_network_row_rejects_report ... ok
#10 46.08 test duplicate_interface_after_rejected_metadata_rejects_report ... ok
#10 46.08 test declared_oversize_is_rejected_before_reading_body ... ok
#10 46.10 test eof_oversize_is_rejected ... ok
#10 46.10 test forbidden_403_is_fixed_and_not_retried ... ok
#10 46.10 test invalid_network_shape_is_rejected ... ok
#10 46.11 test exactly_one_mib_valid_bodies_are_accepted ... ok
#10 46.12 test invalid_node_data_is_rejected ... ok
#10 46.12 test missing_404_is_fixed_and_not_retried ... ok
#10 46.13 test network_1025_rows_is_rejected ... ok
#10 46.14 test malformed_envelopes_are_rejected ... ok
#10 46.15 
#10 46.15 running 1 test
#10 46.16 test redirects_never_contact_target_or_forward_credentials ... ok
#10 46.27 test authenticated_node_zero_uptime_is_one_timestamped_unverified_get ... ok
#10 46.27 
#10 46.27 test result: ok. 1 passed; 0 failed; 0 ignored; 0 measured; 21 filtered out; finished in 0.11s
#10 46.27 
#10 46.29 
#10 46.29 running 1 test
#10 46.35 test authenticated_network_preserves_ovs_missing_activity_and_rejected_rows ... ok
#10 46.35 
#10 46.35 test result: ok. 1 passed; 0 failed; 0 ignored; 0 measured; 21 filtered out; finished in 0.07s
#10 46.35 
#10 46.36 test proxy_environment_never_receives_node_or_network_requests ... ok
#10 46.37 test server_500_is_fixed_and_not_retried ... ok
#10 46.38 test unauthorized_401_is_fixed_and_not_retried ... ok
#10 50.17 test request_deadline_overrides_larger_client_timeout ... ok
#10 50.34 test cancelling_collection_closes_body_and_does_not_retry ... ok
#10 50.39 test whole_body_deadline_includes_time_already_spent_waiting_for_headers ... ok
#10 50.39 
#10 50.39 test result: ok. 22 passed; 0 failed; 0 ignored; 0 measured; 0 filtered out; finished in 4.55s
#10 50.39 
#10 50.39      Running tests/native_contract.rs (rust-controller/target/debug/deps/native_contract-52d95d338a1f9a56)
#10 50.42 
#10 50.42 running 16 tests
#10 50.57 test clone_outcomes_distinguish_rejection_loss_failure_and_delayed_application ... ok
#10 50.57 test configure_and_start_outcomes_preserve_their_distinct_receipt_contracts ... ok
#10 50.57 test changed_digest_alone_rejects_configure_without_refresh_or_resend ... ok
#10 50.57 test delayed_clone_cannot_overwrite_an_occupant_inserted_before_completion ... ok
#10 50.57 test historical_binding_can_be_old_but_current_identity_and_final_fields_must_match ... ok
#10 50.57 test fixed_requests_apply_identity_preserve_disk_and_provenance ... ok
#10 50.57 test every_mutable_plan_field_and_step_changes_canonical_digest ... ok
#10 50.58 test missing_or_mismatched_provenance_and_stale_or_wrong_identity_cannot_configure ... ok
#10 50.58 test immutable_plan_roundtrip_rejects_unknown_fields_and_invalid_values ... ok
#10 50.59 test request_markers_and_operation_ids_are_hashed_and_provenance_is_not_circular ... ok
#10 50.60 test retained_marker_does_not_hide_changed_intermediate_identity_or_disk ... ok
#10 50.60 test successful_clone_task_and_same_name_do_not_authorize_foreign_occupant ... ok
#10 50.60 test normal_infrastructure_reads_refresh_time_but_explicit_stale_config_does_not ... ok
#10 50.62 test typed_fake_reads_report_inventory_storage_power_and_no_guest_readiness ... ok
#10 50.63 test typed_fault_hooks_preserve_read_errors_and_gate_submission ... ok
#10 50.67 test http_observer_never_imports_fake_provenance_from_response ... ok
#10 50.67 
#10 50.67 test result: ok. 16 passed; 0 failed; 0 ignored; 0 measured; 0 filtered out; finished in 0.25s
#10 50.67 
#10 50.67      Running tests/network_deny.rs (rust-controller/target/debug/deps/network_deny-dbcb45e0b8dc0df8)
#10 50.68 
#10 50.68 running 6 tests
#10 50.71 test adapter_permission_cannot_authorize_a_non_loopback_target ... ok
#10 50.71 test every_non_loopback_target_is_denied_without_explicit_observe_permission ... ok
#10 50.71 test production_address_is_rejected_before_http_client_construction ... ok
#10 50.72 test credentials_never_authorize_denied_targets_or_send_requests ... ok
#10 50.73 test production_observe_requires_explicit_read_permission ... ok
#10 50.73 test normalized_literal_loopback_targets_remain_local_test_targets ... ok
#10 50.73 
#10 50.73 test result: ok. 6 passed; 0 failed; 0 ignored; 0 measured; 0 filtered out; finished in 0.05s
#10 50.73 
#10 50.73      Running tests/preflight.rs (rust-controller/target/debug/deps/preflight-2d2d4da2c1b3e165)
#10 50.74 
#10 50.74 running 15 tests
#10 50.80 test additional_nics_cannot_hide_malformed_identity_behind_unsupported_layout ... ok
#10 50.82 test every_snapshot_enforces_thirty_second_freshness_and_rejects_future_facts ... ok
#10 50.82 test inventory_rejects_duplicate_vmids_and_malformed_identity ... ok
#10 50.83 test lock_and_agent_state_are_preserved_and_normalized ... ok
#10 50.83 test native_config_rejects_missing_or_malformed_required_facts ... ok
#10 50.84 test node_storage_and_bridge_wire_validation_fails_closed ... ok
#10 50.84 test power_status_rejects_wrong_identity_and_unknown_states ... ok
#10 50.90 test sanitized_decoding_rejects_forged_or_malformed_fact_fields ... ok
#10 50.91 test sanitized_maps_reject_duplicate_identity_keys ... ok
#10 50.93 test sanitized_snapshots_round_trip_through_validated_deserialization ... ok
#10 51.03 test all_preflight_routes_return_bound_typed_facts ... ok
#10 51.03 test absence_does_not_accept_stale_or_future_inventory ... ok
#10 51.03 test unsupported_configuration_is_typed_and_never_copies_raw_text ... ok
#10 51.09 test target_absence_requires_inventory_exclusion_and_config_not_found ... ok
#10 51.29 test status_decode_and_timeout_failures_are_fixed_and_never_leak_body ... ok
#10 51.29 
#10 51.29 test result: ok. 15 passed; 0 failed; 0 ignored; 0 measured; 0 filtered out; finished in 0.54s
#10 51.29 
#10 51.29      Running tests/provisioning_config.rs (rust-controller/target/debug/deps/provisioning_config-75c0e0088cad60e3)
#10 51.32 
#10 51.32 running 20 tests
#10 51.35 test comma_syntax_duplicates_fail_before_unsupported_projection ... ok
#10 51.35 test capacity_is_exact_positive_checked_binary_bytes ... ok
#10 51.36 test explicit_core_fields_types_and_binding_cannot_be_defaulted ... ok
#10 51.38 test fake_provenance_object_shape_is_required_without_changing_legacy_type ... ok
#10 51.39 test fake_marker_requires_fake_source_valid_provenance_and_target_binding ... ok
#10 51.39 test media_discriminators_require_strings_standalone_and_in_snapshots ... ok
#10 51.40 test media_inventory_binds_storage_unique_bounded_volids_and_explicit_coverage ... ok
#10 51.40 test nested_persisted_fields_reject_duplicates_and_unknowns_without_payloads ... ok
#10 51.41 test old_native_parser_keeps_rejecting_rich_layout ... ok
#10 51.41 test persisted_facts_require_objects_even_when_an_array_has_valid_ordered_fields ... ok
#10 51.42 test nested_before_state_still_rejects_object_source_discriminators ... ok
#10 51.43 test persisted_sanitized_invariants_cannot_be_forged ... ok
#10 51.43 test persisted_config_exact_shape_rejects_missing_duplicate_and_unknown_fields ... ok
#10 51.43 test rich_source_discriminator_requires_strings_from_str ... ok
#10 51.43 test qga_is_a_bound_observation_and_auxiliary_persisted_shapes_validate ... ok
#10 51.43 test rich_source_discriminator_requires_strings_from_value ... ok
#10 51.43 test rich_template_and_destination_preserve_every_sanitized_field ... ok
#10 51.43 test standalone_classification_decoders_never_echo_untrusted_values ... ok
#10 51.44 test unsupported_values_are_fixed_payload_free_and_block_template_admission ... ok
#10 51.44 test template_semantic_hash_has_independent_golden_and_exact_field_binding ... ok
#10 51.44 
#10 51.44 test result: ok. 20 passed; 0 failed; 0 ignored; 0 measured; 0 filtered out; finished in 0.12s
#10 51.44 
#10 51.44      Running tests/provisioning_evaluation.rs (rust-controller/target/debug/deps/provisioning_evaluation-1556446355ca7d5e)
#10 51.45 
#10 51.45 running 25 tests
#10 51.76 test clone_outcome_source_change_and_request_provenance_are_conflicts ... ok
#10 51.77 test all_possible_send_states_never_return_ready ... ok
#10 51.80 test cancellation_ineligible_state_deadline_and_freshness_boundaries ... ok
#10 51.82 test complete_legacy_identity_projection_can_cover_shared_namespace ... ok
#10 51.85 test failed_clone_with_exact_unchanged_vacancy_is_failed ... ok
#10 51.87 test historical_owner_and_predecessor_cannot_cross_run_workflow_or_request ... ok
#10 51.90 test inventory_coverage_errors_collisions_and_legacy_projection_are_conservative ... ok
#10 51.92 test media_requires_both_exact_full_storage_catalogs ... ok
#10 51.95 test no_change_is_limited_to_capacity_and_stop_before_dispatch ... ok
#10 51.96 test outcome_cannot_use_stale_source_snapshot_in_inventory_comparison ... ok
#10 52.00 test receipt_collection_clock_and_absence_power_contradiction_are_checked ... ok
#10 52.02 test receipt_substitution_is_rejected_in_context_and_evidence ... ok
#10 52.07 test same_target_vmid_on_another_node_blocks_even_with_local_404 ... ok
#10 52.12 test seven_action_physical_chain_preserves_original_clone_proof ... ok
#10 52.12 test retained_capacity_including_nonintegral_bytes_continues_without_resize ... ok
#10 52.19 test snapshot_wrapper_and_collection_clocks_are_independent ... ok
#10 52.21 test supported_layout_lock_template_and_digest_changes_are_independent ... ok
#10 52.24 test synchronous_lost_receipt_requires_exact_original_reconciliation ... ok
#10 52.26 test task_dispatch_without_receipt_stays_unknown_even_with_desired_world ... ok
#10 52.26 test evidence_persistence_is_required_nullable_and_route_validated ... ok
#10 52.32 test task_snapshot_cannot_predate_receipt_acceptance ... ok
#10 52.32 test task_success_does_not_replace_missing_physical_postconditions ... ok
#10 52.32 test task_failure_and_running_do_not_mask_replaced_disks ... ok
#10 52.37 test wrong_identity_projection_duplicate_keys_and_incomplete_catalogs_are_rejected ... ok
#10 52.50 test unrelated_before_and_after_categories_cannot_be_hidden_by_task_success ... ok
#10 52.50 
#10 52.50 test result: ok. 25 passed; 0 failed; 0 ignored; 0 measured; 0 filtered out; finished in 1.04s
#10 52.50 
#10 52.50      Running tests/provisioning_expectations.rs (rust-controller/target/debug/deps/provisioning_expectations-3a6c125ca17e5719)
#10 52.51 
#10 52.51 running 7 tests
#10 52.53 test admits_explicit_capacity_and_normalizes_template_sha ... ok
#10 52.53 test enforces_approved_hash_serial_and_iso_token_rules ... ok
#10 52.54 test nested_vm_plan_must_keep_its_named_fields_in_new_contract ... ok
#10 52.54 test persisted_expectation_and_operation_shape_requires_an_object ... ok
#10 52.54 test rejects_invalid_growth_but_retains_exact_template_bytes ... ok
#10 52.55 test persisted_expectations_and_plans_cannot_bypass_admission ... ok
#10 52.55 test canonical_shape_roundtrips_and_all_inputs_bind_the_fingerprint ... ok
#10 52.55 
#10 52.55 test result: ok. 7 passed; 0 failed; 0 ignored; 0 measured; 0 filtered out; finished in 0.04s
#10 52.55 
#10 52.55      Running tests/provisioning_fake.rs (rust-controller/target/debug/deps/provisioning_fake-4449fb5f45b55eca)
#10 52.56 
#10 52.56 running 23 tests
#10 52.77 test accepted_task_can_physically_finish_after_strict_controller_deadline ... ok
#10 52.77 test clone_preserves_source_serials_resources_and_media_without_final_preconfiguration ... ok
#10 52.78 test delayed_clone_rejects_new_target_and_legacy_replacement_without_touching_occupants ... ok
#10 52.83 test clone_changes_the_shared_world_without_preconfiguring_final_identity ... ok
#10 53.02 test delayed_work_cannot_target_copied_replacement_or_independent_power_change ... ok
#10 53.02 test fixture_source_and_script_source_cannot_claim_live_pve ... ok
#10 53.06 test current_power_route_media_and_catalog_changes_are_rejected_at_admission ... ok
#10 53.07 test exact_before_state_rejects_tampering_even_when_digest_and_marker_are_copied ... ok
#10 53.08 test full_world_sequence_grows_80_to_120_and_preserves_power_only_fields ... ok
#10 53.11 test full_world_sequence_retains_160_for_requested_120 ... ok
#10 53.12 test full_world_sequence_retains_exact_non_whole_gib_capacity ... ok
#10 53.13 test legacy_fault_and_pause_controls_do_not_leak_into_provisioning ... ok
#10 53.14 test history_preserves_exact_ordered_forms_and_only_allowed_effects ... ok
#10 53.15 test mixed_family_inventory_downcasts_coverage_and_reserved_identity_collisions ... ok
#10 53.17 test missing_distinct_catalog_and_growth_delta_reject_without_world_change ... ok
#10 53.17 test independent_qga_survives_config_power_and_does_not_invalidate_delayed_growth ... ok
#10 53.18 test pending_resources_overlap_across_families_and_completions_keep_separate_queues ... ok
#10 53.19 test provisioning_pause_rechecks_world_and_records_only_resumed_admission ... ok
#10 53.19 test scripted_errors_and_pauses_are_independent_observations ... ok
#10 53.19 test scripts_preserve_routes_timestamps_and_unsupported_facts_without_world_effects ... ok
#10 53.20 test selector_priority_fifo_duplicate_and_failed_admission_do_not_consume_faults ... ok
#10 53.27 test pe_and_disk_faults_are_independent_despite_identical_start_forms ... ok
#10 54.06 test outcome_matrix_records_attempts_acceptance_and_actual_effects ... ok
#10 54.06 
#10 54.06 test result: ok. 23 passed; 0 failed; 0 ignored; 0 measured; 0 filtered out; finished in 1.50s
#10 54.06 
#10 54.07      Running tests/provisioning_requests.rs (rust-controller/target/debug/deps/provisioning_requests-b2a2eeec9b293255)
#10 54.08 
#10 54.08 running 12 tests
#10 54.16 test binding_rejects_invalid_full_workflow_hash ... ok
#10 54.17 test bindings_compare_attempt_identity_but_not_collection_fence ... ok
#10 54.36 test complete_request_json_and_digest_golden ... ok
#10 54.37 test constructor_serial_compatibility_is_checked_for_every_family ... ok
#10 54.42 test every_action_admits_twenty_and_rejects_twenty_one_byte_desired_serials ... ok
#10 54.47 test dispatch_and_receipt_reconstruction_enforce_full_request_and_provenance ... ok
#10 54.48 test every_closed_variant_has_a_pinned_complete_digest ... ok
#10 54.54 test every_request_hash_binds_clock_digest_operation_attempt_workflow_and_fence ... ok
#10 54.57 test persisted_owned_reference_tampering_never_recreates_historical_authority ... ok
#10 54.59 test persisted_requests_reject_missing_unknown_duplicate_and_object_discriminators ... ok
#10 54.60 test receipt_workers_nodes_and_vmids_are_closed ... ok
#10 54.64 test requests_pin_exact_forms_routes_and_distinct_start_digests ... ok
#10 54.64 
#10 54.64 test result: ok. 12 passed; 0 failed; 0 ignored; 0 measured; 0 filtered out; finished in 0.56s
#10 54.64 
#10 54.64      Running tests/visibility.rs (rust-controller/target/debug/deps/visibility-0b6f9d13f038fb7e)
#10 54.65 
#10 54.65 running 17 tests
#10 54.68 test empty_inventory_never_claims_verified_coverage ... ok
#10 54.68 test duplicate_valid_vmid_rejects_response_across_nodes_and_kinds ... ok
#10 54.68 test invalid_nodes_are_rejected_and_counted ... ok
#10 54.68 test duplicate_identity_is_detected_even_when_metadata_is_rejected ... ok
#10 54.68 test invalid_vmids_are_rejected_and_counted ... ok
#10 54.68 test missing_identity_and_non_object_rows_are_rejected_and_counted ... ok
#10 54.68 test invalid_optional_template_is_rejected_and_counted ... ok
#10 54.68 test missing_status_is_unknown ... ok
#10 54.68 test missing_or_non_string_kind_is_rejected_without_defaulting_to_qemu ... ok
#10 54.68 test mixed_inventory_preserves_lxc_and_unknown_metadata ... ok
#10 54.68 test non_array_response_is_rejected ... ok
#10 54.68 test present_non_string_status_is_rejected_and_counted ... ok
#10 54.68 test stopped_and_template_one_remain_explicit ... ok
#10 54.69 test unknown_kind_is_preserved_without_retaining_raw_type ... ok
#10 54.69 test unknown_status_is_unknown_without_retaining_raw_status ... ok
#10 54.69 test sanitization_preserves_wire_order_timestamp_and_rejection_count ... ok
#10 54.69 test row_limit_accepts_1024_and_rejects_1025_before_row_validation ... ok
#10 54.69 
#10 54.69 test result: ok. 17 passed; 0 failed; 0 ignored; 0 measured; 0 filtered out; finished in 0.04s
#10 54.69 
#10 54.69      Running tests/visibility_http.rs (rust-controller/target/debug/deps/visibility_http-b87ff9742f336c6b)
#10 54.70 
#10 54.70 running 11 tests
#10 54.92 test body_byte_limit_is_enforced_for_declared_chunked_and_eof_streams ... ok
#10 54.94 test exactly_one_mib_body_is_accepted ... ok
#10 54.95 test http_failures_are_fixed_categories_without_retry ... ok
#10 54.95 test authenticated_inventory_is_exactly_one_get_and_timestamped_after_collection ... ok
#10 54.97 test invalid_envelopes_data_and_row_limit_are_rejected ... ok
#10 54.97 test redirect_target_receives_no_request ... ok
#10 54.98 test rejected_rows_remain_successful_non_authoritative_visibility ... ok
#10 54.98 
#10 54.98 running 1 test
#10 55.09 test authenticated_inventory_is_exactly_one_get_and_timestamped_after_collection ... ok
#10 55.09 
#10 55.09 test result: ok. 1 passed; 0 failed; 0 ignored; 0 measured; 10 filtered out; finished in 0.11s
#10 55.09 
#10 55.10 test proxy_environment_canary_receives_no_request ... ok
#10 56.98 test request_deadline_also_bounds_an_unfinished_streaming_body ... ok
#10 57.02 test dropped_collection_does_not_start_another_request ... ok
#10 57.11 test request_times_out_after_two_seconds_without_retry ... ok
#10 57.11 
#10 57.11 test result: ok. 11 passed; 0 failed; 0 ignored; 0 measured; 0 filtered out; finished in 2.40s
#10 57.11 
#10 57.11    Doc-tests pve_port
#10 57.70 
#10 57.70 running 18 tests
#10 57.96 test crates/pve-port/src/infrastructure_visibility.rs - infrastructure_visibility::NodeVisibility (line 45) - compile fail ... ok
#10 58.01 test crates/pve-port/src/infrastructure_visibility.rs - infrastructure_visibility::PveInfrastructureVisibilityReadPort (line 251) - compile fail ... ok
#10 58.01 test crates/pve-port/src/infrastructure_visibility.rs - infrastructure_visibility::PveInfrastructureVisibilityReadPort (line 244) - compile fail ... ok
#10 58.26 test crates/pve-port/src/infrastructure_visibility.rs - infrastructure_visibility::PveInfrastructureVisibilityReadPort (line 258) - compile fail ... ok
#10 58.30 test crates/pve-port/src/native.rs - native::PveMutationPort (line 444) - compile fail ... ok
#10 58.30 test crates/pve-port/src/native.rs - native::PveMutationPort (line 450) - compile fail ... ok
#10 58.55 test crates/pve-port/src/native.rs - native::PveMutationPort (line 456) - compile fail ... ok
#10 58.60 test crates/pve-port/src/observer.rs - observer::ReqwestPveObserver (line 165) - compile fail ... ok
#10 58.74 test crates/pve-port/src/native.rs - native::PveMutationPort (line 462) - compile fail ... ok
#10 58.88 test crates/pve-port/src/observer.rs - observer::ReqwestPveObserver (line 171) - compile fail ... ok
#10 58.93 test crates/pve-port/src/observer.rs - observer::ReqwestPveObserver (line 177) - compile fail ... ok
#10 59.04 test crates/pve-port/src/observer.rs - observer::ReqwestPveObserver (line 183) - compile fail ... ok
#10 59.16 test crates/pve-port/src/provisioning.rs - provisioning::ProvisioningFakePort (line 23) - compile fail ... ok
#10 59.17 test crates/pve-port/src/provisioning.rs - provisioning::ProvisioningFakePort (line 16) - compile fail ... ok
#10 59.30 test crates/pve-port/src/provisioning/evaluation/context.rs - provisioning::evaluation::context::ProvisioningCloneOwnershipV1 (line 102) - compile fail ... ok
#10 59.42 test crates/pve-port/src/provisioning/evaluation/context.rs - provisioning::evaluation::context::ProvisioningStageBaselineV1 (line 180) - compile fail ... ok
#10 59.42 test crates/pve-port/src/provisioning/evidence.rs - provisioning::evidence::ProvisioningEvidenceV1 (line 233) - compile fail ... ok
#10 59.54 test crates/pve-port/src/provisioning/requests.rs - provisioning::requests::ProvisioningBeforeStateV1 (line 10) - compile fail ... ok
#10 59.54 
#10 59.54 test result: ok. 18 passed; 0 failed; 0 ignored; 0 measured; 0 filtered out; finished in 1.84s
#10 59.54 
#10 60.08    Compiling serde_core v1.0.229
#10 62.57    Compiling serde v1.0.229
#10 62.57    Compiling uuid v1.26.0
#10 62.85    Compiling serde_json v1.0.151
#10 63.64    Compiling smallvec v1.15.2
#10 63.69    Compiling chrono v0.4.45
#10 64.46    Compiling parking_lot_core v0.9.12
#10 64.51    Compiling icu_normalizer v2.3.0
#10 65.36    Compiling parking_lot v0.12.5
#10 65.59    Compiling idna_adapter v1.2.2
#10 65.79    Compiling controller-domain v0.1.0 (/workspace/rust-controller/crates/controller-domain)
#10 66.17    Compiling tokio v1.53.1
#10 66.41    Compiling idna v1.1.0
#10 66.99    Compiling event-journal v0.1.0 (/workspace/rust-controller/crates/event-journal)
#10 67.71    Compiling url v2.5.8
#10 68.36    Compiling futures-intrusive v0.5.0
#10 69.11    Compiling serde_urlencoded v0.7.1
#10 69.38    Compiling either v1.18.0
#10 69.92    Compiling hyper v1.11.0
#10 70.17    Compiling tower v0.5.3
#10 71.02    Compiling tokio-rustls v0.26.4
#10 71.26    Compiling hyper-util v0.1.20
#10 71.66    Compiling tower-http v0.6.11
#10 71.79    Compiling tokio-stream v0.1.18
#10 72.73    Compiling sqlx-core v0.8.6
#10 72.93    Compiling hyper-rustls v0.27.9
#10 73.42    Compiling artifact-index v0.1.0 (/workspace/rust-controller/crates/artifact-index)
#10 73.88    Compiling reqwest v0.12.28
#10 74.84    Compiling sqlx-postgres v0.8.6
#10 75.59    Compiling pve-port v0.1.0 (/workspace/rust-controller/crates/pve-port)
#10 78.00    Compiling sqlx v0.8.6
#10 79.69    Compiling osdeploy-adapter v0.1.0 (/workspace/rust-controller/crates/osdeploy-adapter)
#10 81.06    Compiling postgres-store v0.1.0 (/workspace/rust-controller/crates/postgres-store)
#10 87.08    Compiling scheduler v0.1.0 (/workspace/rust-controller/crates/scheduler)
#10 87.31    Compiling operation-controller v0.1.0 (/workspace/rust-controller/crates/operation-controller)
#10 91.40     Finished `test` profile [unoptimized + debuginfo] target(s) in 31.73s
#10 91.41      Running tests/decision.rs (rust-controller/target/debug/deps/decision-b5b16c6d7604f551)
#10 91.42 
#10 91.42 running 24 tests
#10 91.55 test all_execution_states_guard_preflight_and_unknown_requires_narrow_mode ... ok
#10 91.55 test coherent_receipt_and_task_substitution_cannot_replace_persisted_upid ... ok
#10 91.55 test configure_response_loss_can_reconcile_only_from_owned_exact_postconditions ... ok
#10 91.55 test additional_matrix_rows ... ok
#10 91.56 test deadline_or_transport_loss_require_reconciliation_to_settle ... ok
#10 91.58 test decision_matrix ... ok
#10 91.60 test changed_attempt_or_digest_never_authorizes ... ok
#10 91.60 test duplicate_boot_volume_cannot_establish_unique_clone_ownership ... ok
#10 91.62 test every_desired_field_is_required_for_configure_and_start_satisfaction ... ok
#10 91.62 test freshness_rejects_future_and_accepts_exact_boundary ... ok
#10 91.62 test independent_fresh_reads_can_agree_without_identical_timestamps ... ok
#10 91.62 test outcome_observations_must_postdate_dispatch_including_absence_and_power ... ok
#10 91.64 test ownership_reload_requires_full_historical_success_and_coverage ... ok
#10 91.64 test ownership_roundtrip_preserves_dispatch_before_intervening_observations ... ok
#10 91.64 test provenance_conflict_precedes_running_task_and_cancellation ... ok
#10 91.64 test receipt_requires_persisted_dispatch_and_preflight_cannot_ignore_it ... ok
#10 91.64 test receipt_survives_later_evidence_fences_but_evidence_context_does_not ... ok
#10 91.64 test running_clone_cannot_treat_unowned_occupant_as_pending_owned_work ... ok
#10 91.65 test different_vm_desired_uuid_or_mac_collision_never_authorizes ... ok
#10 91.65 test successful_proof_cannot_use_target_snapshot_from_before_dispatch ... ok
#10 91.66 test unauthorized_required_read_precedes_missing_observation ... ok
#10 91.66 test validated_roundtrip_rejects_cross_binding_and_fake_source_relabeling ... ok
#10 91.71 test stale_inventory_never_authorizes ... ok
#10 91.76 test contradictory_target_identity_never_authorizes ... ok
#10 91.76 
#10 91.76 test result: ok. 24 passed; 0 failed; 0 ignored; 0 measured; 0 filtered out; finished in 0.34s
#10 91.76 
#10 92.14    Compiling operation-controller v0.1.0 (/workspace/rust-controller/crates/operation-controller)
#10 96.77     Finished `test` profile [unoptimized + debuginfo] target(s) in 4.90s
#10 96.78      Running tests/postgres_native.rs (rust-controller/target/debug/deps/postgres_native-cd0a3cd959864ea0)
#10 96.80 
#10 96.80 running 44 tests
#10 96.80 test support::local_postgres::cleanup_tests::cancellation_before_create_receipt_recovers_owned_container ... ok
#10 96.93 test support::local_postgres::cleanup_tests::cancellation_runs_finite_drop_cleanup_and_reaps_hung_inspector ... ok
#10 102.8 test support::local_postgres::cleanup_tests::explicit_cleanup_and_drop_attempt_owned_removal_only_once ... ok
#10 102.9 test support::local_postgres::cleanup_tests::lost_create_response_recovers_only_verified_owned_id ... ok
#10 102.9 test support::local_postgres::cleanup_tests::storage_refusal_preserves_one_shot_container_only_cleanup ... ok
#10 103.0 test support::local_postgres::cleanup_tests::wrong_ownership_or_ambiguous_absence_never_removes_a_target ... ok
#10 103.2 test support::local_postgres::docker_storage_probe::tests::capacity_requires_actual_fixed_tmpfs_and_reserve ... ok
#10 103.2 test support::local_postgres::docker_storage_probe::tests::event_cutoff_preserves_subsecond_query_boundary ... ok
#10 103.2 test support::local_postgres::docker_storage_probe::tests::memory_requires_numeric_complete_non_oom_counters ... ok
#10 103.2 test support::local_postgres::docker_storage_probe::tests::retained_events_require_a_bracket_without_attributed_mounts ... ok
#10 103.2 test support::local_postgres::linux_postgres::owned_linux_tests::owned_linux_active_create_lock_refuses_even_absent_name ... ignored, requires the owned Linux fixture namespace
#10 103.2 test support::local_postgres::linux_postgres::owned_linux_tests::owned_linux_cancel_before_create_reaps_and_confirms_absence ... ignored, requires the owned Linux fixture namespace
#10 103.2 test support::local_postgres::linux_postgres::owned_linux_tests::owned_linux_cancel_unmarked_create_retains_unconfirmed_database ... ignored, requires the owned Linux fixture namespace
#10 103.2 test support::local_postgres::linux_postgres::owned_linux_tests::owned_linux_create_identity_independent_pools_and_open_pool_cleanup ... ignored, requires the owned Linux fixture namespace
#10 103.2 test support::local_postgres::linux_postgres::owned_linux_tests::owned_linux_foreign_marker_retains_database ... ignored, requires the owned Linux fixture namespace
#10 103.2 test support::local_postgres::linux_postgres::owned_linux_tests::owned_linux_foreign_receipt_and_namespace_refuse_mutation ... ignored, requires the owned Linux fixture namespace
#10 103.2 test support::local_postgres::linux_postgres::owned_linux_tests::owned_linux_lost_stamped_response_recovers_only_full_marker ... ignored, requires the owned Linux fixture namespace
#10 103.2 test support::local_postgres::linux_postgres::owned_linux_tests::owned_linux_matching_marker_wrong_oid_retains_database ... ignored, requires the owned Linux fixture namespace
#10 103.2 test support::local_postgres::linux_postgres::owned_linux_tests::owned_linux_setup_cancellation_drops_child_before_one_shot_guard_cleanup ... ignored, requires the owned Linux fixture namespace
#10 103.2 test support::local_postgres::linux_postgres::tests::cleanup_requires_exact_confirmed_absence_record ... ok
#10 103.2 test support::local_postgres::linux_postgres::tests::create_response_only_confirms_exact_identity_and_positive_oid ... ok
#10 103.2 test support::local_postgres::linux_postgres::tests::database_identity_is_generated_and_bounded ... ok
#10 103.2 test support::local_postgres::linux_postgres::tests::mode_is_explicit_and_platform_scoped ... ok
#10 103.2 test support::local_postgres::linux_postgres::tests::overrides_and_noncanonical_mode_never_select_a_backend ... ok
#10 103.2 test support::local_postgres::linux_postgres::tests::receipt_is_exact_canonical_and_duplicate_free ... ok
#10 103.2 test support::local_postgres::linux_postgres::tests::receipt_rejects_each_schema_type_identity_and_encoding_violation ... ok
#10 103.2 test support::local_postgres::process::tests::cancelled_readiness_and_caller_panic_join_and_reap_fault_supervisor ... ok
#10 103.3 test support::local_postgres::process::tests::child_hang_obeys_timeout_and_is_reaped ... ok
#10 103.4 test support::local_postgres::process::tests::cleanup_child_hang_shares_one_budget_with_reaping ... ok
#10 103.5 test support::local_postgres::process::tests::delayed_fault_startup_does_not_reset_original_deadline ... ok
#10 104.5 test support::local_postgres::process::tests::direct_drop_terminates_and_reaps_child ... ok
#10 104.6 test support::local_postgres::process::tests::expired_reap_deadline_polls_once_without_reset_or_false_success ... ok
#10 104.6 test support::local_postgres::process::tests::fault_output_overflow_after_readiness_reaps_before_owner_drop ... ok
#10 105.1 test support::local_postgres::process::tests::fault_supervision_progresses_during_synchronous_cleanup ... ok
#10 105.7 test support::local_postgres::process::tests::interpreter_startup_exhaustion_reaps_before_readiness_or_owner_drop ... ok
#10 106.3 test support::local_postgres::process::tests::linux_invocation_rejects_timeout_widening_and_invalid_protocol_without_admission ... ok
#10 106.6 test support::local_postgres::process::tests::output_is_size_bounded_and_overflow_reaps_child ... ok
#10 106.6 test support::local_postgres::process::tests::owned_log_capture_combines_streams_and_bounds_overflow_and_cancellation ... ok
#10 106.9 test support::local_postgres::process::tests::retained_ready_fault_is_reaped_before_owner_drop ... ok
#10 107.5 test support::local_postgres::process::tests::stalled_setup_child_obeys_current_thread_timeout ... ok
#10 107.6 test support::local_postgres::storage_tests::actual_launch_selects_fixed_bounded_pgdata_tmpfs ... ok
#10 107.6 test support::local_postgres::storage_tests::both_bounded_tmpfs_representations_are_admitted ... ok
#10 107.6 test support::local_postgres::storage_tests::ownership_valid_persistent_pgdata_is_refused ... ok
#10 107.6 test support::local_postgres::storage_tests::storage_projection_rejects_each_wrong_field_and_failed_output ... ok
#10 107.6 
#10 107.6 test result: ok. 35 passed; 0 failed; 9 ignored; 0 measured; 25 filtered out; finished in 10.80s
#10 107.6 
#10 DONE 108.1s

#11 [ 8/12] RUN cargo test --offline --locked --manifest-path rust-controller/Cargo.toml -p artifact-index
#11 0.425    Compiling syn v3.0.4
#11 0.425    Compiling libc v0.2.189
#11 2.322    Compiling getrandom v0.4.3
#11 2.360    Compiling serde_derive v1.0.229
#11 2.379    Compiling thiserror-impl v2.0.20
#11 3.105    Compiling uuid v1.26.0
#11 3.894    Compiling thiserror v2.0.20
#11 4.536    Compiling serde v1.0.229
#11 5.334    Compiling controller-domain v0.1.0 (/workspace/rust-controller/crates/controller-domain)
#11 5.334    Compiling chrono v0.4.45
#11 6.707    Compiling event-journal v0.1.0 (/workspace/rust-controller/crates/event-journal)
#11 7.542    Compiling artifact-index v0.1.0 (/workspace/rust-controller/crates/artifact-index)
#11 9.860     Finished `test` profile [unoptimized + debuginfo] target(s) in 9.65s
#11 9.867      Running unittests src/lib.rs (rust-controller/target/debug/deps/artifact_index-4a5605eb53d375fe)
#11 9.879 
#11 9.879 running 0 tests
#11 9.880 
#11 9.880 test result: ok. 0 passed; 0 failed; 0 ignored; 0 measured; 0 filtered out; finished in 0.00s
#11 9.880 
#11 9.881      Running tests/bytes.rs (rust-controller/target/debug/deps/bytes-5971392951f27f02)
#11 9.893 
#11 9.893 running 7 tests
#11 9.909 test empty_wim_fails_even_when_its_declared_digest_matches ... ok
#11 9.909 test iso_mismatch_is_rejected_independently ... ok
#11 9.909 test empty_iso_fails_even_when_its_declared_digest_matches ... ok
#11 9.910 test swapped_distinct_inputs_are_rejected ... ok
#11 9.910 test wim_mismatch_is_rejected_independently ... ok
#11 9.925 test matching_same_content_for_another_descriptor_changes_the_report_binding ... ok
#11 9.925 test matching_bytes_report_only_bound_fingerprint_lengths_and_limited_evidence ... ok
#11 9.927 
#11 9.927 test result: ok. 7 passed; 0 failed; 0 ignored; 0 measured; 0 filtered out; finished in 0.03s
#11 9.927 
#11 9.927      Running tests/descriptor.rs (rust-controller/target/debug/deps/descriptor-5000e4c6ca2e9ac8)
#11 9.940 
#11 9.940 running 11 tests
#11 9.946 test all_error_variants_have_fixed_payload_free_messages ... ok
#11 9.946 test architecture_accepts_only_literal_amd64 ... ok
#11 9.948 test build_label_accepts_only_fourteen_ascii_digits_without_calendar_authority ... ok
#11 9.973 test hashes_normalize_all_hex_letters_and_digits_without_changing_fingerprint ... ok
#11 9.973 test descriptor_serialization_pins_the_complete_declared_only_contract ... ok
#11 9.974 test hashes_reject_non_ascii_nonhex_and_wrong_lengths_independently ... ok
#11 9.974 test every_variable_descriptor_field_is_bound_into_the_fingerprint ... ok
#11 9.975 test nil_uuid_is_rejected_but_non_version_seven_opaque_ids_are_accepted ... ok
#11 9.976 test missing_output_falls_back_to_source_with_distinct_provenance ... ok
#11 9.976 test valid_fixture_preserves_declared_identity_and_prefers_output_index ... ok
#11 9.976 test indices_reject_zero_and_preserve_positive_u32_bounds ... ok
#11 9.976 
#11 9.976 test result: ok. 11 passed; 0 failed; 0 ignored; 0 measured; 0 filtered out; finished in 0.04s
#11 9.977 
#11 9.978      Running tests/export_gate.rs (rust-controller/target/debug/deps/export_gate-c1ded785a09bf811)
#11 9.990 
#11 9.990 running 1 test
#11 9.996 test immutable_exports_and_rollback_window_never_authorize_cutover ... ok
#11 9.997 
#11 9.997 test result: ok. 1 passed; 0 failed; 0 ignored; 0 measured; 0 filtered out; finished in 0.01s
#11 9.997 
#11 9.998    Doc-tests artifact_index
#11 10.25 
#11 10.25 running 3 tests
#11 10.50 test crates/artifact-index/src/bytes.rs - bytes::SuppliedByteMatch (line 19) - compile fail ... ok
#11 10.50 test crates/artifact-index/src/descriptor.rs - descriptor::DeclaredArtifact (line 30) - compile fail ... ok
#11 10.50 test crates/artifact-index/src/bytes.rs - bytes::SuppliedByteMatch (line 13) - compile fail ... ok
#11 10.50 
#11 10.50 test result: ok. 3 passed; 0 failed; 0 ignored; 0 measured; 0 filtered out; finished in 0.25s
#11 10.50 
#11 DONE 10.6s

#12 [ 9/12] RUN cargo test --offline --locked --manifest-path rust-controller/Cargo.toml -p pve-port --features fixture-ipc -- --test-threads=1
#12 0.431    Compiling pve-port v0.1.0 (/workspace/rust-controller/crates/pve-port)
#12 34.93     Finished `test` profile [unoptimized + debuginfo] target(s) in 34.72s
#12 34.94      Running unittests src/lib.rs (rust-controller/target/debug/deps/pve_port-de29167a4238efbd)
#12 34.96 
#12 34.96 running 36 tests
#12 34.96 test fixture_support::clone_reads::tests::legacy_inventory_does_not_relabel_opaque_configuration_digests ... ok
#12 34.97 test fixture_support::clone_reads::tests::preserves_observation_times_errors_and_identity ... ok
#12 34.97 test fixture_support::clone_reads::tests::rejects_unknown_fields_zero_time_duplicates_and_caps ... ok
#12 34.97 test fixture_support::durable_fixture_log::power_tests::atomic_start_admission_survives_replay_without_consuming_duplicate_authority ... ok
#12 35.08 test fixture_support::durable_fixture_log::power_tests::power_replay_requires_exact_effect_and_fresh_observation ... ok
#12 35.09 test fixture_support::fixture_daemon::snapshot::tests::inventory_is_strict_and_bounded ... ok
#12 35.09 test fixture_support::inventory_read::tests::projection_preserves_seed_time_and_refuses_to_invent_power ... ok
#12 35.10 test fixture_support::provisioning_port::tests::capability_is_sealed_and_unsupported_reads_are_unavailable ... ok
#12 35.11 test fixture_support::provisioning_port::tests::observations_keep_time_and_error_classes ... ok
#12 35.11 test fixture_support::provisioning_reads::tests::errors_remain_explicit_and_identity_and_unknown_fields_fail_closed ... ok
#12 35.11 test fixture_support::stage_effect::tests::legacy_clone_authorizes_only_exact_new_resize_without_reassignment ... ok
#12 35.23 test observer::boundary_tests::credential_denial_precedes_client_build_for_every_denied_mode ... ok
#12 35.23 test observer::boundary_tests::denied_production_target_never_reaches_client_builder ... ok
#12 35.23 test tests::clone_intent_rejects_a_upid_for_another_node ... ok
#12 35.23 test tests::combined_http_observation_evaluates_fresh_facts_after_collection ... ok
#12 35.31 test tests::contradictory_uuid_or_mac_is_never_identity_satisfied ... ok
#12 35.31 test tests::delayed_loopback_response_maps_to_timeout ... ok
#12 35.82 test tests::http_401_and_403_are_unauthorized_without_response_payloads ... ok
#12 35.83 test tests::http_404_and_409_remain_distinct_read_errors ... ok
#12 35.84 test tests::identifiers_and_base_urls_reject_unsafe_or_ambiguous_values ... ok
#12 35.84 test tests::injected_evaluation_clock_runs_after_http_collection_and_rejects_old_or_future_facts ... ok
#12 35.86 test tests::late_upid_completion_is_a_new_fact_without_replaying_requests ... ok
#12 35.86 test tests::loopback_target_never_uses_proxy_environment ... 
#12 35.88 running 1 test
#12 36.18 test tests::loopback_target_never_uses_proxy_environment ... ok
#12 36.18 
#12 36.18 test result: ok. 1 passed; 0 failed; 0 ignored; 0 measured; 35 filtered out; finished in 0.30s
#12 36.18 
#12 36.18 ok
#12 36.18 test tests::not_found_and_conflict_are_unavailable_observations ... ok
#12 36.18 test tests::observer_never_follows_a_redirect_hop ... ok
#12 36.45 test tests::old_observations_are_stale ... ok
#12 36.45 test tests::qga_ping_uses_the_typed_post_observation_endpoint ... ok
#12 36.45 test tests::redirect_to_production_is_rejected_without_a_production_attempt ... ok
#12 36.46 test tests::retryable_protocol_response_has_at_most_one_wire_attempt ... ok
#12 36.56 test tests::sanitized_upid_fixture_decodes_as_completed_task ... ok
#12 36.57 test tests::sanitized_upid_fixture_decodes_as_failed_task ... ok
#12 36.57 test tests::stopped_failure_is_distinct_from_a_running_task ... ok
#12 36.57 test tests::task_status_rejects_route_node_mismatch_before_a_request ... ok
#12 36.58 test tests::timeout_is_timed_out_not_failed ... ok
#12 36.58 test tests::upid_requires_the_documented_proxmox_field_shape ... ok
#12 36.58 test tests::upid_success_is_not_vm_postcondition ... ok
#12 36.58 
#12 36.58 test result: ok. 36 passed; 0 failed; 0 ignored; 0 measured; 0 filtered out; finished in 1.62s
#12 36.58 
#12 36.58      Running tests/credentials.rs (rust-controller/target/debug/deps/credentials-676816cb1741045a)
#12 36.60 
#12 36.60 running 4 tests
#12 36.60 test default_observer_sends_no_authorization ... ok
#12 36.66 test redirect_cannot_forward_token_or_issue_second_request ... ok
#12 36.66 test token_is_sent_once_only_in_sensitive_authorization_header ... ok
#12 36.67 test token_validation_and_debug_never_echo_input ... ok
#12 36.67 
#12 36.67 test result: ok. 4 passed; 0 failed; 0 ignored; 0 measured; 0 filtered out; finished in 0.07s
#12 36.67 
#12 36.67      Running tests/durable_fixture_log.rs (rust-controller/target/debug/deps/durable_fixture_log-1cd00195465159ea)
#12 36.68 
#12 36.68 running 12 tests
#12 36.68 test acceptance_and_world_transition_recover_together_after_durable_attempt ... ok
#12 36.70 test duplicate_attempt_cannot_accept_and_reordered_valid_frames_fail_recovery ... ok
#12 36.71 test durable_fixture_log::power_tests::atomic_start_admission_survives_replay_without_consuming_duplicate_authority ... ok
#12 36.72 test durable_fixture_log::power_tests::power_replay_requires_exact_effect_and_fresh_observation ... ok
#12 36.73 test effect_lookup_rejects_invalid_identity_without_appending ... ok
#12 36.73 test every_truncated_record_and_checksum_corruption_fail_closed ... ok
#12 36.74 test invalid_inputs_do_not_append_and_create_never_overwrites ... ok
#12 36.74 test rejects_trailing_garbage_oversized_lines_and_replayed_frames ... ok
#12 36.75 test restart_preserves_every_duplicate_attempt_including_changed_digest ... ok
#12 36.75 test stage_identity_rejects_legacy_mixing_and_invalid_authority ... ok
#12 36.76 test stage_keys_replay_exactly_and_bind_original_authority ... ok
#12 36.77 test stage_replay_rejects_canonical_but_rebound_effects_and_ambiguous_legacy ... ok
#12 36.78 
#12 36.78 test result: ok. 12 passed; 0 failed; 0 ignored; 0 measured; 0 filtered out; finished in 0.10s
#12 36.78 
#12 36.78      Running tests/fixture_checkpoint.rs (rust-controller/target/debug/deps/fixture_checkpoint-221d63a857da86b5)
#12 36.79 
#12 36.79 running 2 tests
#12 36.79 test missing_checkpoint_daemon_is_typed_unavailable ... ok
#12 36.81 test trait_object_checkpoint_preserves_native_pause_and_release ... ok
#12 36.81 
#12 36.81 test result: ok. 2 passed; 0 failed; 0 ignored; 0 measured; 0 filtered out; finished in 0.02s
#12 36.81 
#12 36.81      Running tests/fixture_clone_contract.rs (rust-controller/target/debug/deps/fixture_clone_contract-c1f8ca9d2c63a3bc)
#12 36.83 
#12 36.83 running 8 tests
#12 36.83 test bound_stable_read_adapter_reports_unavailable_late_transport ... ok
#12 36.86 test clone_task_receipt_requires_source_node_worker_and_synthetic_user ... ok
#12 36.87 test daemon_clone_commits_receipt_and_rejects_duplicate_after_restart ... ok
#12 38.91 test late_authorization_candidate_requires_exact_dispatch_and_entered_owner ... ok
#12 38.93 test late_resize_requires_original_clone_and_never_submits_before_checkpoint ... ok
#12 39.02 test receipt_rejects_mismatched_fixture_request_sequence_and_extra_fields ... ok
#12 39.02 test request_and_original_task_receipt_round_trip_without_identity_loss ... ok
#12 39.03 test request_rejects_unknown_fields_versions_nil_fixture_and_invalid_typed_clone ... ok
#12 39.03 
#12 39.03 test result: ok. 8 passed; 0 failed; 0 ignored; 0 measured; 0 filtered out; finished in 2.20s
#12 39.03 
#12 39.03      Running tests/fixture_controller_admission.rs (rust-controller/target/debug/deps/fixture_controller_admission-a701a0c6eac83071)
#12 39.04 
#12 39.04 running 5 tests
#12 39.04 test clone_admission_requires_each_daemon_read_family ... ok
#12 39.14 test clone_vacancy_does_not_require_power_for_an_absent_target ... ok
#12 39.18 test complete_inventory_does_not_upgrade_partial_identity_coverage ... ok
#12 39.23 test node_inventory_cannot_be_promoted_to_global_identity_coverage ... ok
#12 39.28 test source_power_without_explicit_unlocked_observation_blocks_clone ... ok
#12 39.33 
#12 39.33 test result: ok. 5 passed; 0 failed; 0 ignored; 0 measured; 0 filtered out; finished in 0.28s
#12 39.33 
#12 39.33      Running tests/fixture_daemon.rs (rust-controller/target/debug/deps/fixture_daemon-f2013948a187c6df)
#12 39.34 
#12 39.34 running 22 tests
#12 39.34 test accepted_effect_lookup_binds_request_and_survives_restart ... ok
#12 39.46 test bound_late_clone_consumes_exact_authorization_once ... ok
#12 39.70 test bound_late_clone_persistence_failure_creates_no_effect ... ok
#12 39.83 test clone_reads_preserve_seed_errors_identity_and_restart_observations ... ok
#12 40.00 test daemon_lifetime_keeps_a_sixty_second_hard_limit ... ok
#12 40.01 test delayed_payload_is_read_within_the_frame_deadline ... ok
#12 40.06 test durable_fixture_log::power_tests::atomic_start_admission_survives_replay_without_consuming_duplicate_authority ... ok
#12 40.08 test durable_fixture_log::power_tests::power_replay_requires_exact_effect_and_fresh_observation ... ok
#12 40.08 test effects_commit_replay_and_reject_duplicates_over_ipc ... ok
#12 40.21 test endpoint_substitution_and_corrupt_restart_fail_closed ... ok
#12 40.26 test fixture_daemon_child ... ignored, subprocess entry point only
#12 40.26 test killed_daemon_rebind_requires_supervisor_cleanup_and_preserves_ledger ... ok
#12 40.38 test late_authorization_is_supervisor_owned_atomic_and_invalidated_on_restart ... ok
#12 41.71 test missing_lock_or_invalid_coverage_prevents_daemon_startup ... ok
#12 41.84 test oversized_and_partial_requests_cannot_mutate_or_stall_daemon ... ok
#12 42.10 test provisioning_reads_preserve_populated_facts_errors_and_restart_identity ... ok
#12 42.32 test read_client_observes_daemon_owned_effect_without_writing ... ok
#12 42.39 test separate_process_enforces_control_boundary_and_durable_duplicate_ledger ... ok
#12 42.45 test snapshot_is_daemon_owned_and_survives_restart ... ok
#12 42.58 test stable_v2_collection_is_versioned_and_survives_restart_without_request_digest ... ok
#12 42.77 test supervisor_checkpoint_release_timeout_and_restart_are_owned ... ok
#12 42.96 test target_presence_and_power_survive_restart_without_mutation ... ok
#12 43.21 
#12 43.21 test result: ok. 21 passed; 0 failed; 1 ignored; 0 measured; 0 filtered out; finished in 3.87s
#12 43.21 
#12 43.21      Running tests/fixture_inventory_projection.rs (rust-controller/target/debug/deps/fixture_inventory_projection-f673781011ec2782)
#12 43.23 
#12 43.23 running 3 tests
#12 43.23 test inventory_status_requires_explicit_valid_snapshot_bound_observation ... ok
#12 43.24 test seeded_inventory_status_supplies_its_own_power_observation ... ok
#12 43.24 test unrelated_inventory_identity_preserves_its_own_configuration_coverage ... ok
#12 43.25 
#12 43.25 test result: ok. 3 passed; 0 failed; 0 ignored; 0 measured; 0 filtered out; finished in 0.02s
#12 43.25 
#12 43.25      Running tests/fixture_inventory_v2.rs (rust-controller/target/debug/deps/fixture_inventory_v2-93ffd9b23fa9f590)
#12 43.26 
#12 43.26 running 1 test
#12 43.26 test inventory_v2_preserves_opaque_identity_and_rejects_rebinding_and_partial_facts ... ok
#12 43.40 
#12 43.40 test result: ok. 1 passed; 0 failed; 0 ignored; 0 measured; 0 filtered out; finished in 0.14s
#12 43.40 
#12 43.40      Running tests/fixture_legacy_resize.rs (rust-controller/target/debug/deps/fixture_legacy_resize-51a4f1ba23194c47)
#12 43.41 
#12 43.41 running 1 test
#12 43.41 test legacy_clone_bridge_requires_original_receipt_across_daemon_restarts ... ok
#12 43.78 
#12 43.78 test result: ok. 1 passed; 0 failed; 0 ignored; 0 measured; 0 filtered out; finished in 0.37s
#12 43.78 
#12 43.78      Running tests/fixture_post_dispatch.rs (rust-controller/target/debug/deps/fixture_post_dispatch-8f682520fbcc9ea0)
#12 43.80 
#12 43.80 running 12 tests
#12 43.80 test every_observation_is_bounded_by_independent_acceptance_and_collection_times ... ok
#12 43.89 test exact_receipt_request_and_vm_identity_cannot_be_substituted ... ok
#12 43.90 test full_start_pe_worker_death_preserves_exact_publication_and_ledger ... ok
#12 45.47 test stage_publication_binds_owner_attempt_and_restart_for_clone_and_resize ... ok
#12 45.83 test stage_resize_observations_require_exact_digest_and_resize_receipt ... ok
#12 45.90 test start_full_process::daemon_child ... ok
#12 45.90 test start_full_process::restoration_child ... ok
#12 45.90 test strict_wire_rejects_missing_extra_duplicate_and_oversized_fields ... ok
#12 45.90 test supervisor_publication_requires_accepted_effect_and_invalidates_on_restart ... ok
#12 46.06 test synchronous_configure_publication_requires_resize_and_invalidates_on_restart ... ok
#12 47.23 test synchronous_contract_requires_configure_receipt_and_rejects_task_fields ... ok
#12 47.29 test typed_observations_preserve_task_states_absence_errors_and_partial_coverage ... ok
#12 47.29 
#12 47.29 test result: ok. 12 passed; 0 failed; 0 ignored; 0 measured; 0 filtered out; finished in 3.50s
#12 47.29 
#12 47.30      Running tests/fixture_provisioning_reads.rs (rust-controller/target/debug/deps/fixture_provisioning_reads-919a016bcabfca4c)
#12 47.31 
#12 47.31 running 5 tests
#12 47.31 test lock_and_coverage_are_explicit_strict_and_never_upgraded ... ok
#12 47.34 test populated_config_and_media_reject_wrong_identity_time_and_invalid_content ... ok
#12 47.35 test populated_config_media_and_explicit_errors_round_trip_without_refresh ... ok
#12 47.35 test target_config_identity_time_and_power_envelopes_are_strict ... ok
#12 47.35 test target_presence_and_absence_keep_independent_power_observations ... ok
#12 47.35 
#12 47.35 test result: ok. 5 passed; 0 failed; 0 ignored; 0 measured; 0 filtered out; finished in 0.05s
#12 47.35 
#12 47.36      Running tests/fixture_read_client.rs (rust-controller/target/debug/deps/fixture_read_client-21a5b1c422de7fd4)
#12 47.37 
#12 47.37 running 2 tests
#12 47.37 test stalled_peer_and_input_bounds ... ok
#12 47.42 test status_and_invalid_replies ... ok
#12 47.43 
#12 47.43 test result: ok. 2 passed; 0 failed; 0 ignored; 0 measured; 0 filtered out; finished in 0.06s
#12 47.43 
#12 47.43      Running tests/fixture_stage.rs (rust-controller/target/debug/deps/fixture_stage-9242188a2e304a35)
#12 47.44 
#12 47.44 running 5 tests
#12 47.44 test controller_request_checkpoint_rejects_unbound_and_unsupported_stages ... ok
#12 47.54 test first_four_stage_contracts_bind_exact_request_and_receipt_kind ... ok
#12 47.62 test stage_transport_rejects_without_attempts_or_effects_across_restart ... ok
#12 49.65 test start_pe_requires_exact_configure_predecessor_and_target_start_receipt ... ok
#12 49.69 test start_validation_rejects_adapter_identity_before_socket_io ... ok
#12 49.74 
#12 49.74 test result: ok. 5 passed; 0 failed; 0 ignored; 0 measured; 0 filtered out; finished in 2.30s
#12 49.74 
#12 49.75      Running tests/fixture_stage_consumers.rs (rust-controller/target/debug/deps/fixture_stage_consumers-953992f482cef7aa)
#12 49.76 
#12 49.76 running 2 tests
#12 49.76 test durable_clone_resize_configure_requires_exact_accepted_predecessor ... ok
#12 50.38 test stage_consumers_bind_all_fields_and_restart_without_mutation ... ok
#12 50.69 
#12 50.69 test result: ok. 2 passed; 0 failed; 0 ignored; 0 measured; 0 filtered out; finished in 0.94s
#12 50.70 
#12 50.70      Running tests/fixture_task.rs (rust-controller/target/debug/deps/fixture_task-62ccd373bacdd19d)
#12 50.71 
#12 50.71 running 2 tests
#12 50.71 test task_envelope_rejects_unknown_and_invalid_data ... ok
#12 50.72 test task_observation_survives_restart_and_binds_all_identity_fields ... ok
#12 51.76 
#12 51.76 test result: ok. 2 passed; 0 failed; 0 ignored; 0 measured; 0 filtered out; finished in 1.05s
#12 51.76 
#12 51.77      Running tests/infrastructure_visibility.rs (rust-controller/target/debug/deps/infrastructure_visibility-781a9e260cf2e35e)
#12 51.79 
#12 51.79 running 26 tests
#12 51.79 test duplicate_identity_invalidates_network_report ... ok
#12 51.80 test duplicate_identity_is_detected_before_metadata_rejection ... ok
#12 51.80 test empty_network_remains_unverified ... ok
#12 51.80 test interface_activity_preserves_zero_one_and_missing ... ok
#12 51.80 test invalid_activity_is_counted ... ok
#12 51.80 test invalid_interface_identity_is_counted ... ok
#12 51.80 test invalid_or_crossnode_binding_invalidates_even_otherwise_malformed_rows ... ok
#12 51.80 test invalid_or_mismatched_node_binding_invalidates_node_report ... ok
#12 51.80 test malformed_rows_are_counted_without_losing_valid_rows ... ok
#12 51.80 test matching_network_node_binding_is_retained ... ok
#12 51.80 test matching_node_binding_is_retained ... ok
#12 51.80 test missing_or_nonstring_type_is_counted ... ok
#12 51.80 test missing_uptime_is_unknown ... ok
#12 51.80 test network_row_limit_accepts_1024_and_rejects_1025 ... ok
#12 51.81 test network_serialization_preserves_order_and_only_sanitized_fields ... ok
#12 51.81 test network_timestamp_is_preserved ... ok
#12 51.81 test node_serialization_retains_only_sanitized_visibility ... ok
#12 51.81 test node_timestamp_is_preserved ... ok
#12 51.81 test nonarray_network_data_is_invalid ... ok
#12 51.81 test nonobject_node_data_is_invalid ... ok
#12 51.81 test opaque_interface_identity_accepts_exact_byte_and_character_boundaries ... ok
#12 51.81 test ovs_and_missing_activity_remain_visible ... ok
#12 51.81 test positive_and_maximum_uptime_are_retained ... ok
#12 51.81 test present_invalid_uptime_invalidates_report ... ok
#12 51.81 test unknown_interface_types_remain_visible_without_raw_metadata ... ok
#12 51.81 test zero_uptime_is_visibility_not_online_authority ... ok
#12 51.82 
#12 51.82 test result: ok. 26 passed; 0 failed; 0 ignored; 0 measured; 0 filtered out; finished in 0.03s
#12 51.82 
#12 51.82      Running tests/infrastructure_visibility_http.rs (rust-controller/target/debug/deps/infrastructure_visibility_http-f3f6e68b3366f797)
#12 51.83 
#12 51.83 running 22 tests
#12 51.83 test authenticated_network_preserves_ovs_missing_activity_and_rejected_rows ... ok
#12 51.89 test authenticated_node_zero_uptime_is_one_timestamped_unverified_get ... ok
#12 51.95 test cancelling_collection_closes_body_and_does_not_retry ... ok
#12 56.28 test chunked_oversize_is_rejected ... ok
#12 56.30 test conflict_409_is_fixed_and_not_retried ... ok
#12 56.31 test cross_node_network_row_rejects_report ... ok
#12 56.31 test declared_oversize_is_rejected_before_reading_body ... ok
#12 56.32 test duplicate_interface_after_rejected_metadata_rejects_report ... ok
#12 56.33 test eof_oversize_is_rejected ... ok
#12 56.35 test exactly_one_mib_valid_bodies_are_accepted ... ok
#12 56.39 test forbidden_403_is_fixed_and_not_retried ... ok
#12 56.40 test invalid_network_shape_is_rejected ... ok
#12 56.40 test invalid_node_data_is_rejected ... ok
#12 56.41 test malformed_envelopes_are_rejected ... ok
#12 56.44 test missing_404_is_fixed_and_not_retried ... ok
#12 56.45 test network_1025_rows_is_rejected ... ok
#12 56.46 test proxy_environment_never_receives_node_or_network_requests ... 
#12 56.49 running 1 test
#12 56.60 test authenticated_node_zero_uptime_is_one_timestamped_unverified_get ... ok
#12 56.60 
#12 56.60 test result: ok. 1 passed; 0 failed; 0 ignored; 0 measured; 21 filtered out; finished in 0.11s
#12 56.60 
#12 56.62 
#12 56.62 running 1 test
#12 56.68 test authenticated_network_preserves_ovs_missing_activity_and_rejected_rows ... ok
#12 56.68 
#12 56.68 test result: ok. 1 passed; 0 failed; 0 ignored; 0 measured; 21 filtered out; finished in 0.06s
#12 56.68 
#12 56.69 ok
#12 56.69 test redirects_never_contact_target_or_forward_credentials ... ok
#12 56.70 test request_deadline_overrides_larger_client_timeout ... ok
#12 60.71 test server_500_is_fixed_and_not_retried ... ok
#12 60.72 test unauthorized_401_is_fixed_and_not_retried ... ok
#12 60.74 test whole_body_deadline_includes_time_already_spent_waiting_for_headers ... ok
#12 64.76 
#12 64.76 test result: ok. 22 passed; 0 failed; 0 ignored; 0 measured; 0 filtered out; finished in 12.93s
#12 64.76 
#12 64.76      Running tests/native_contract.rs (rust-controller/target/debug/deps/native_contract-f0b07b5967ac6579)
#12 64.79 
#12 64.79 running 16 tests
#12 64.79 test changed_digest_alone_rejects_configure_without_refresh_or_resend ... ok
#12 64.82 test clone_outcomes_distinguish_rejection_loss_failure_and_delayed_application ... ok
#12 64.83 test configure_and_start_outcomes_preserve_their_distinct_receipt_contracts ... ok
#12 64.83 test delayed_clone_cannot_overwrite_an_occupant_inserted_before_completion ... ok
#12 64.83 test every_mutable_plan_field_and_step_changes_canonical_digest ... ok
#12 64.84 test fixed_requests_apply_identity_preserve_disk_and_provenance ... ok
#12 64.84 test historical_binding_can_be_old_but_current_identity_and_final_fields_must_match ... ok
#12 64.84 test http_observer_never_imports_fake_provenance_from_response ... ok
#12 64.89 test immutable_plan_roundtrip_rejects_unknown_fields_and_invalid_values ... ok
#12 64.89 test missing_or_mismatched_provenance_and_stale_or_wrong_identity_cannot_configure ... ok
#12 64.89 test normal_infrastructure_reads_refresh_time_but_explicit_stale_config_does_not ... ok
#12 64.90 test request_markers_and_operation_ids_are_hashed_and_provenance_is_not_circular ... ok
#12 64.90 test retained_marker_does_not_hide_changed_intermediate_identity_or_disk ... ok
#12 64.90 test successful_clone_task_and_same_name_do_not_authorize_foreign_occupant ... ok
#12 64.90 test typed_fake_reads_report_inventory_storage_power_and_no_guest_readiness ... ok
#12 64.91 test typed_fault_hooks_preserve_read_errors_and_gate_submission ... ok
#12 64.91 
#12 64.91 test result: ok. 16 passed; 0 failed; 0 ignored; 0 measured; 0 filtered out; finished in 0.12s
#12 64.91 
#12 64.91      Running tests/network_deny.rs (rust-controller/target/debug/deps/network_deny-0b4dc9799107d7a6)
#12 64.92 
#12 64.92 running 6 tests
#12 64.92 test adapter_permission_cannot_authorize_a_non_loopback_target ... ok
#12 64.93 test credentials_never_authorize_denied_targets_or_send_requests ... ok
#12 64.93 test every_non_loopback_target_is_denied_without_explicit_observe_permission ... ok
#12 64.93 test normalized_literal_loopback_targets_remain_local_test_targets ... ok
#12 64.94 test production_address_is_rejected_before_http_client_construction ... ok
#12 64.94 test production_observe_requires_explicit_read_permission ... ok
#12 64.94 
#12 64.94 test result: ok. 6 passed; 0 failed; 0 ignored; 0 measured; 0 filtered out; finished in 0.02s
#12 64.94 
#12 64.94      Running tests/preflight.rs (rust-controller/target/debug/deps/preflight-92d393aef615b624)
#12 64.95 
#12 64.95 running 15 tests
#12 64.95 test absence_does_not_accept_stale_or_future_inventory ... ok
#12 65.03 test additional_nics_cannot_hide_malformed_identity_behind_unsupported_layout ... ok
#12 65.03 test all_preflight_routes_return_bound_typed_facts ... ok
#12 65.06 test every_snapshot_enforces_thirty_second_freshness_and_rejects_future_facts ... ok
#12 65.07 test inventory_rejects_duplicate_vmids_and_malformed_identity ... ok
#12 65.07 test lock_and_agent_state_are_preserved_and_normalized ... ok
#12 65.07 test native_config_rejects_missing_or_malformed_required_facts ... ok
#12 65.07 test node_storage_and_bridge_wire_validation_fails_closed ... ok
#12 65.07 test power_status_rejects_wrong_identity_and_unknown_states ... ok
#12 65.07 test sanitized_decoding_rejects_forged_or_malformed_fact_fields ... ok
#12 65.08 test sanitized_maps_reject_duplicate_identity_keys ... ok
#12 65.08 test sanitized_snapshots_round_trip_through_validated_deserialization ... ok
#12 65.08 test status_decode_and_timeout_failures_are_fixed_and_never_leak_body ... ok
#12 65.37 test target_absence_requires_inventory_exclusion_and_config_not_found ... ok
#12 65.46 test unsupported_configuration_is_typed_and_never_copies_raw_text ... ok
#12 65.47 
#12 65.47 test result: ok. 15 passed; 0 failed; 0 ignored; 0 measured; 0 filtered out; finished in 0.52s
#12 65.47 
#12 65.47      Running tests/provisioning_config.rs (rust-controller/target/debug/deps/provisioning_config-47901d986ad301fc)
#12 65.49 
#12 65.49 running 20 tests
#12 65.49 test capacity_is_exact_positive_checked_binary_bytes ... ok
#12 65.51 test comma_syntax_duplicates_fail_before_unsupported_projection ... ok
#12 65.51 test explicit_core_fields_types_and_binding_cannot_be_defaulted ... ok
#12 65.51 test fake_marker_requires_fake_source_valid_provenance_and_target_binding ... ok
#12 65.52 test fake_provenance_object_shape_is_required_without_changing_legacy_type ... ok
#12 65.52 test media_discriminators_require_strings_standalone_and_in_snapshots ... ok
#12 65.52 test media_inventory_binds_storage_unique_bounded_volids_and_explicit_coverage ... ok
#12 65.53 test nested_before_state_still_rejects_object_source_discriminators ... ok
#12 65.53 test nested_persisted_fields_reject_duplicates_and_unknowns_without_payloads ... ok
#12 65.54 test old_native_parser_keeps_rejecting_rich_layout ... ok
#12 65.54 test persisted_config_exact_shape_rejects_missing_duplicate_and_unknown_fields ... ok
#12 65.54 test persisted_facts_require_objects_even_when_an_array_has_valid_ordered_fields ... ok
#12 65.54 test persisted_sanitized_invariants_cannot_be_forged ... ok
#12 65.54 test qga_is_a_bound_observation_and_auxiliary_persisted_shapes_validate ... ok
#12 65.55 test rich_source_discriminator_requires_strings_from_str ... ok
#12 65.55 test rich_source_discriminator_requires_strings_from_value ... ok
#12 65.55 test rich_template_and_destination_preserve_every_sanitized_field ... ok
#12 65.55 test standalone_classification_decoders_never_echo_untrusted_values ... ok
#12 65.55 test template_semantic_hash_has_independent_golden_and_exact_field_binding ... ok
#12 65.56 test unsupported_values_are_fixed_payload_free_and_block_template_admission ... ok
#12 65.56 
#12 65.56 test result: ok. 20 passed; 0 failed; 0 ignored; 0 measured; 0 filtered out; finished in 0.07s
#12 65.56 
#12 65.56      Running tests/provisioning_evaluation.rs (rust-controller/target/debug/deps/provisioning_evaluation-820e9b2e79856ced)
#12 65.57 
#12 65.57 running 25 tests
#12 65.57 test all_possible_send_states_never_return_ready ... ok
#12 65.67 test cancellation_ineligible_state_deadline_and_freshness_boundaries ... ok
#12 65.75 test clone_outcome_source_change_and_request_provenance_are_conflicts ... ok
#12 65.79 test complete_legacy_identity_projection_can_cover_shared_namespace ... ok
#12 65.84 test evidence_persistence_is_required_nullable_and_route_validated ... ok
#12 66.30 test failed_clone_with_exact_unchanged_vacancy_is_failed ... ok
#12 66.35 test historical_owner_and_predecessor_cannot_cross_run_workflow_or_request ... ok
#12 66.40 test inventory_coverage_errors_collisions_and_legacy_projection_are_conservative ... ok
#12 66.44 test media_requires_both_exact_full_storage_catalogs ... ok
#12 66.49 test no_change_is_limited_to_capacity_and_stop_before_dispatch ... ok
#12 66.53 test outcome_cannot_use_stale_source_snapshot_in_inventory_comparison ... ok
#12 66.58 test receipt_collection_clock_and_absence_power_contradiction_are_checked ... ok
#12 66.62 test receipt_substitution_is_rejected_in_context_and_evidence ... ok
#12 66.67 test retained_capacity_including_nonintegral_bytes_continues_without_resize ... ok
#12 66.78 test same_target_vmid_on_another_node_blocks_even_with_local_404 ... ok
#12 66.83 test seven_action_physical_chain_preserves_original_clone_proof ... ok
#12 66.87 test snapshot_wrapper_and_collection_clocks_are_independent ... ok
#12 66.94 test supported_layout_lock_template_and_digest_changes_are_independent ... ok
#12 67.02 test synchronous_lost_receipt_requires_exact_original_reconciliation ... ok
#12 67.07 test task_dispatch_without_receipt_stays_unknown_even_with_desired_world ... ok
#12 67.12 test task_failure_and_running_do_not_mask_replaced_disks ... ok
#12 67.20 test task_snapshot_cannot_predate_receipt_acceptance ... ok
#12 67.25 test task_success_does_not_replace_missing_physical_postconditions ... ok
#12 67.31 test unrelated_before_and_after_categories_cannot_be_hidden_by_task_success ... ok
#12 67.49 test wrong_identity_projection_duplicate_keys_and_incomplete_catalogs_are_rejected ... ok
#12 67.53 
#12 67.53 test result: ok. 25 passed; 0 failed; 0 ignored; 0 measured; 0 filtered out; finished in 1.96s
#12 67.53 
#12 67.53      Running tests/provisioning_expectations.rs (rust-controller/target/debug/deps/provisioning_expectations-acfa78220becdc67)
#12 67.54 
#12 67.54 running 7 tests
#12 67.54 test admits_explicit_capacity_and_normalizes_template_sha ... ok
#12 67.55 test canonical_shape_roundtrips_and_all_inputs_bind_the_fingerprint ... ok
#12 67.56 test enforces_approved_hash_serial_and_iso_token_rules ... ok
#12 67.56 test nested_vm_plan_must_keep_its_named_fields_in_new_contract ... ok
#12 67.56 test persisted_expectation_and_operation_shape_requires_an_object ... ok
#12 67.56 test persisted_expectations_and_plans_cannot_bypass_admission ... ok
#12 67.57 test rejects_invalid_growth_but_retains_exact_template_bytes ... ok
#12 67.57 
#12 67.57 test result: ok. 7 passed; 0 failed; 0 ignored; 0 measured; 0 filtered out; finished in 0.02s
#12 67.57 
#12 67.57      Running tests/provisioning_fake.rs (rust-controller/target/debug/deps/provisioning_fake-8bcb22af9f3997f1)
#12 67.58 
#12 67.58 running 23 tests
#12 67.58 test accepted_task_can_physically_finish_after_strict_controller_deadline ... ok
#12 67.64 test clone_changes_the_shared_world_without_preconfiguring_final_identity ... ok
#12 67.69 test clone_preserves_source_serials_resources_and_media_without_final_preconfiguration ... ok
#12 67.69 test current_power_route_media_and_catalog_changes_are_rejected_at_admission ... ok
#12 67.96 test delayed_clone_rejects_new_target_and_legacy_replacement_without_touching_occupants ... ok
#12 67.97 test delayed_work_cannot_target_copied_replacement_or_independent_power_change ... ok
#12 68.20 test exact_before_state_rejects_tampering_even_when_digest_and_marker_are_copied ... ok
#12 68.42 test fixture_source_and_script_source_cannot_claim_live_pve ... ok
#12 68.43 test full_world_sequence_grows_80_to_120_and_preserves_power_only_fields ... ok
#12 68.48 test full_world_sequence_retains_160_for_requested_120 ... ok
#12 68.52 test full_world_sequence_retains_exact_non_whole_gib_capacity ... ok
#12 68.57 test history_preserves_exact_ordered_forms_and_only_allowed_effects ... ok
#12 68.62 test independent_qga_survives_config_power_and_does_not_invalidate_delayed_growth ... ok
#12 68.67 test legacy_fault_and_pause_controls_do_not_leak_into_provisioning ... ok
#12 68.68 test missing_distinct_catalog_and_growth_delta_reject_without_world_change ... ok
#12 68.71 test mixed_family_inventory_downcasts_coverage_and_reserved_identity_collisions ... ok
#12 68.71 test outcome_matrix_records_attempts_acceptance_and_actual_effects ... ok
#12 69.58 test pe_and_disk_faults_are_independent_despite_identical_start_forms ... ok
#12 69.68 test pending_resources_overlap_across_families_and_completions_keep_separate_queues ... ok
#12 69.69 test provisioning_pause_rechecks_world_and_records_only_resumed_admission ... ok
#12 69.69 test scripted_errors_and_pauses_are_independent_observations ... ok
#12 69.69 test scripts_preserve_routes_timestamps_and_unsupported_facts_without_world_effects ... ok
#12 69.69 test selector_priority_fifo_duplicate_and_failed_admission_do_not_consume_faults ... ok
#12 69.70 
#12 69.70 test result: ok. 23 passed; 0 failed; 0 ignored; 0 measured; 0 filtered out; finished in 2.12s
#12 69.70 
#12 69.70      Running tests/provisioning_requests.rs (rust-controller/target/debug/deps/provisioning_requests-963f5a0d585a7b7a)
#12 69.72 
#12 69.72 running 12 tests
#12 69.72 test binding_rejects_invalid_full_workflow_hash ... ok
#12 69.74 test bindings_compare_attempt_identity_but_not_collection_fence ... ok
#12 69.74 test complete_request_json_and_digest_golden ... ok
#12 69.81 test constructor_serial_compatibility_is_checked_for_every_family ... ok
#12 69.86 test dispatch_and_receipt_reconstruction_enforce_full_request_and_provenance ... ok
#12 70.01 test every_action_admits_twenty_and_rejects_twenty_one_byte_desired_serials ... ok
#12 70.07 test every_closed_variant_has_a_pinned_complete_digest ... ok
#12 70.18 test every_request_hash_binds_clock_digest_operation_attempt_workflow_and_fence ... ok
#12 70.28 test persisted_owned_reference_tampering_never_recreates_historical_authority ... ok
#12 70.38 test persisted_requests_reject_missing_unknown_duplicate_and_object_discriminators ... ok
#12 70.49 test receipt_workers_nodes_and_vmids_are_closed ... ok
#12 70.54 test requests_pin_exact_forms_routes_and_distinct_start_digests ... ok
#12 70.60 
#12 70.60 test result: ok. 12 passed; 0 failed; 0 ignored; 0 measured; 0 filtered out; finished in 0.88s
#12 70.60 
#12 70.60      Running tests/visibility.rs (rust-controller/target/debug/deps/visibility-fcc36fdc5feb58b2)
#12 70.61 
#12 70.61 running 17 tests
#12 70.61 test duplicate_identity_is_detected_even_when_metadata_is_rejected ... ok
#12 70.62 test duplicate_valid_vmid_rejects_response_across_nodes_and_kinds ... ok
#12 70.62 test empty_inventory_never_claims_verified_coverage ... ok
#12 70.62 test invalid_nodes_are_rejected_and_counted ... ok
#12 70.62 test invalid_optional_template_is_rejected_and_counted ... ok
#12 70.62 test invalid_vmids_are_rejected_and_counted ... ok
#12 70.62 test missing_identity_and_non_object_rows_are_rejected_and_counted ... ok
#12 70.62 test missing_or_non_string_kind_is_rejected_without_defaulting_to_qemu ... ok
#12 70.62 test missing_status_is_unknown ... ok
#12 70.62 test mixed_inventory_preserves_lxc_and_unknown_metadata ... ok
#12 70.62 test non_array_response_is_rejected ... ok
#12 70.62 test present_non_string_status_is_rejected_and_counted ... ok
#12 70.62 test row_limit_accepts_1024_and_rejects_1025_before_row_validation ... ok
#12 70.63 test sanitization_preserves_wire_order_timestamp_and_rejection_count ... ok
#12 70.63 test stopped_and_template_one_remain_explicit ... ok
#12 70.63 test unknown_kind_is_preserved_without_retaining_raw_type ... ok
#12 70.63 test unknown_status_is_unknown_without_retaining_raw_status ... ok
#12 70.63 
#12 70.63 test result: ok. 17 passed; 0 failed; 0 ignored; 0 measured; 0 filtered out; finished in 0.02s
#12 70.63 
#12 70.63      Running tests/visibility_http.rs (rust-controller/target/debug/deps/visibility_http-d32ed6faf701d279)
#12 70.65 
#12 70.65 running 11 tests
#12 70.65 test authenticated_inventory_is_exactly_one_get_and_timestamped_after_collection ... ok
#12 70.76 test body_byte_limit_is_enforced_for_declared_chunked_and_eof_streams ... ok
#12 70.77 test dropped_collection_does_not_start_another_request ... ok
#12 72.88 test exactly_one_mib_body_is_accepted ... ok
#12 72.89 test http_failures_are_fixed_categories_without_retry ... ok
#12 72.92 test invalid_envelopes_data_and_row_limit_are_rejected ... ok
#12 72.94 test proxy_environment_canary_receives_no_request ... 
#12 72.99 running 1 test
#12 73.11 test authenticated_inventory_is_exactly_one_get_and_timestamped_after_collection ... ok
#12 73.11 
#12 73.11 test result: ok. 1 passed; 0 failed; 0 ignored; 0 measured; 10 filtered out; finished in 0.12s
#12 73.11 
#12 73.12 ok
#12 73.12 test redirect_target_receives_no_request ... ok
#12 73.13 test rejected_rows_remain_successful_non_authoritative_visibility ... ok
#12 73.13 test request_deadline_also_bounds_an_unfinished_streaming_body ... ok
#12 75.14 test request_times_out_after_two_seconds_without_retry ... ok
#12 77.15 
#12 77.15 test result: ok. 11 passed; 0 failed; 0 ignored; 0 measured; 0 filtered out; finished in 6.50s
#12 77.15 
#12 77.15    Doc-tests pve_port
#12 79.33 
#12 79.33 running 1 test
#12 79.33 test crates/pve-port/src/fixture_support/provisioning_port.rs - fixture_support::provisioning_port::FixtureProvisioningPort (line 16) ... ok
#12 79.34 
#12 79.34 test result: ok. 1 passed; 0 failed; 0 ignored; 0 measured; 0 filtered out; finished in 0.02s
#12 79.34 
#12 79.35 
#12 79.35 running 22 tests
#12 79.35 test crates/pve-port/src/fixture_ipc.rs - fixture_ipc::ControllerFixturePort (line 24) - compile fail ... ok
#12 79.60 test crates/pve-port/src/fixture_support/read_client.rs - fixture_support::read_client::FixtureReadClient (line 23) - compile fail ... ok
#12 79.83 test crates/pve-port/src/fixture_support/read_client.rs - fixture_support::read_client::FixtureReadClient (line 30) - compile fail ... ok
#12 80.06 test crates/pve-port/src/fixture_support/read_client.rs - fixture_support::read_client::FixtureReadClient (line 37) - compile fail ... ok
#12 80.29 test crates/pve-port/src/infrastructure_visibility.rs - infrastructure_visibility::NodeVisibility (line 45) - compile fail ... ok
#12 80.52 test crates/pve-port/src/infrastructure_visibility.rs - infrastructure_visibility::PveInfrastructureVisibilityReadPort (line 244) - compile fail ... ok
#12 80.81 test crates/pve-port/src/infrastructure_visibility.rs - infrastructure_visibility::PveInfrastructureVisibilityReadPort (line 251) - compile fail ... ok
#12 81.11 test crates/pve-port/src/infrastructure_visibility.rs - infrastructure_visibility::PveInfrastructureVisibilityReadPort (line 258) - compile fail ... ok
#12 81.40 test crates/pve-port/src/native.rs - native::PveMutationPort (line 444) - compile fail ... ok
#12 81.67 test crates/pve-port/src/native.rs - native::PveMutationPort (line 450) - compile fail ... ok
#12 81.96 test crates/pve-port/src/native.rs - native::PveMutationPort (line 456) - compile fail ... ok
#12 82.25 test crates/pve-port/src/native.rs - native::PveMutationPort (line 462) - compile fail ... ok
#12 82.67 test crates/pve-port/src/observer.rs - observer::ReqwestPveObserver (line 165) - compile fail ... ok
#12 82.96 test crates/pve-port/src/observer.rs - observer::ReqwestPveObserver (line 171) - compile fail ... ok
#12 83.26 test crates/pve-port/src/observer.rs - observer::ReqwestPveObserver (line 177) - compile fail ... ok
#12 83.54 test crates/pve-port/src/observer.rs - observer::ReqwestPveObserver (line 183) - compile fail ... ok
#12 83.83 test crates/pve-port/src/provisioning.rs - provisioning::ProvisioningFakePort (line 16) - compile fail ... ok
#12 84.97 test crates/pve-port/src/provisioning.rs - provisioning::ProvisioningFakePort (line 23) - compile fail ... ok
#12 85.22 test crates/pve-port/src/provisioning/evaluation/context.rs - provisioning::evaluation::context::ProvisioningCloneOwnershipV1 (line 102) - compile fail ... ok
#12 85.54 test crates/pve-port/src/provisioning/evaluation/context.rs - provisioning::evaluation::context::ProvisioningStageBaselineV1 (line 180) - compile fail ... ok
#12 85.82 test crates/pve-port/src/provisioning/evidence.rs - provisioning::evidence::ProvisioningEvidenceV1 (line 233) - compile fail ... ok
#12 86.07 test crates/pve-port/src/provisioning/requests.rs - provisioning::requests::ProvisioningBeforeStateV1 (line 10) - compile fail ... ok
#12 86.31 
#12 86.31 test result: ok. 22 passed; 0 failed; 0 ignored; 0 measured; 0 filtered out; finished in 6.94s
#12 86.31 
#12 86.31 all doctests ran in 8.24s; merged doctests compilation took 1.27s
#12 DONE 86.4s

#13 [10/12] RUN cargo test --offline --locked --manifest-path rust-controller/Cargo.toml -p osdeploy-adapter
#13 0.644    Compiling artifact-index v0.1.0 (/workspace/rust-controller/crates/artifact-index)
#13 1.445    Compiling osdeploy-adapter v0.1.0 (/workspace/rust-controller/crates/osdeploy-adapter)
#13 13.51     Finished `test` profile [unoptimized + debuginfo] target(s) in 13.19s
#13 13.52      Running unittests src/lib.rs (rust-controller/target/debug/deps/osdeploy_adapter-4103817ab0eb30e3)
#13 13.53 
#13 13.53 running 0 tests
#13 13.53 
#13 13.53 test result: ok. 0 passed; 0 failed; 0 ignored; 0 measured; 0 filtered out; finished in 0.00s
#13 13.53 
#13 13.54      Running tests/disk_boot_boundary.rs (rust-controller/target/debug/deps/disk_boot_boundary-9667a4890d8f06d4)
#13 13.55 
#13 13.55 running 2 tests
#13 13.56 test both_stages_refuse_even_matching_claims_and_repeated_reads ... ok
#13 13.56 test substitutions_and_invalid_evidence_fail_closed ... ok
#13 13.56 
#13 13.56 test result: ok. 2 passed; 0 failed; 0 ignored; 0 measured; 0 filtered out; finished in 0.01s
#13 13.56 
#13 13.56      Running tests/guest_action.rs (rust-controller/target/debug/deps/guest_action-a3a932090db09c09)
#13 13.57 
#13 13.57 running 3 tests
#13 13.58 test non_guest_stage_and_nil_identities_fail_closed ... ok
#13 13.58 test identity_uses_operation_as_stable_step_and_zero_retry ... ok
#13 13.58 test only_the_five_guest_stages_admit_identity ... ok
#13 13.58 
#13 13.58 test result: ok. 3 passed; 0 failed; 0 ignored; 0 measured; 0 filtered out; finished in 0.01s
#13 13.58 
#13 13.58      Running tests/heartbeat_boundary.rs (rust-controller/target/debug/deps/heartbeat_boundary-2fa2970d8c827fa5)
#13 13.59 
#13 13.59 running 1 test
#13 13.60 test fresh_heartbeat_claims_never_authenticate_and_stale_or_replayed_claims_refuse ... ok
#13 13.60 
#13 13.60 test result: ok. 1 passed; 0 failed; 0 ignored; 0 measured; 0 filtered out; finished in 0.01s
#13 13.60 
#13 13.60      Running tests/input_values.rs (rust-controller/target/debug/deps/input_values-8b55447d49ae5bcc)
#13 13.61 
#13 13.61 running 12 tests
#13 13.62 test disk_capacity_is_grow_only_and_preserves_exact_template_bytes ... ok
#13 13.62 test disk_capacity_rejects_subminimum_requests_and_empty_templates ... ok
#13 13.62 test disk_capacity_checks_binary_gib_overflow_before_comparing_template ... ok
#13 13.62 test every_phase_duration_independently_enforces_inclusive_bounds ... ok
#13 13.62 test freshness_is_positive_at_most_300_and_no_larger_than_mutation_budget ... ok
#13 13.62 test equivalent_normalized_names_share_agent_id_without_claiming_uniqueness ... ok
#13 13.62 test legacy_normalization_uses_literal_ascii_golden_examples ... ok
#13 13.62 test names_preserve_requested_and_independent_pve_identity_and_derive_agent_id ... ok
#13 13.62 test names_reject_invalid_original_utf8_byte_length_and_controls ... ok
#13 13.62 test native_names_reject_unsupported_normalized_outputs ... ok
#13 13.63 test policy_retains_short_phase_budgets_independently_of_freshness ... ok
#13 13.63 test production_defaults_pin_all_budgets_and_preserve_force_stop_choice ... ok
#13 13.63 
#13 13.63 test result: ok. 12 passed; 0 failed; 0 ignored; 0 measured; 0 filtered out; finished in 0.01s
#13 13.63 
#13 13.63      Running tests/install_agent_boundary.rs (rust-controller/target/debug/deps/install_agent_boundary-203ea7ecbcc694f9)
#13 13.64 
#13 13.64 running 1 test
#13 13.64 test package_and_predecessor_claims_cannot_authorize_agent_installation ... ok
#13 13.65 
#13 13.65 test result: ok. 1 passed; 0 failed; 0 ignored; 0 measured; 0 filtered out; finished in 0.01s
#13 13.65 
#13 13.65      Running tests/install_qga_boundary.rs (rust-controller/target/debug/deps/install_qga_boundary-734279d052bb8a7e)
#13 13.66 
#13 13.66 running 1 test
#13 13.66 test host_claims_never_authenticate_agent_or_authorize_installation ... ok
#13 13.66 
#13 13.66 test result: ok. 1 passed; 0 failed; 0 ignored; 0 measured; 0 filtered out; finished in 0.01s
#13 13.67 
#13 13.67      Running tests/operational_boundary.rs (rust-controller/target/debug/deps/operational_boundary-16c69b71d8445869)
#13 13.68 
#13 13.68 running 1 test
#13 13.68 test aggregate_claims_never_establish_operational_acceptance ... ok
#13 13.69 
#13 13.69 test result: ok. 1 passed; 0 failed; 0 ignored; 0 measured; 0 filtered out; finished in 0.01s
#13 13.69 
#13 13.69      Running tests/pe_complete_boundary.rs (rust-controller/target/debug/deps/pe_complete_boundary-620ffcbb7182769d)
#13 13.70 
#13 13.70 running 2 tests
#13 13.72 test complete_looking_report_cannot_replace_authenticated_registration_predecessor ... ok
#13 13.72 test malformed_and_incomplete_reports_are_refused ... ok
#13 13.72 
#13 13.72 test result: ok. 2 passed; 0 failed; 0 ignored; 0 measured; 0 filtered out; finished in 0.02s
#13 13.72 
#13 13.72      Running tests/pe_register_authority.rs (rust-controller/target/debug/deps/pe_register_authority-6fbcbea1f5822e63)
#13 13.73 
#13 13.73 running 1 test
#13 13.74 test verifier_authority_checks_exact_fence_and_result_revision_without_authentication_success ... ok
#13 13.74 
#13 13.74 test result: ok. 1 passed; 0 failed; 0 ignored; 0 measured; 0 filtered out; finished in 0.01s
#13 13.74 
#13 13.74      Running tests/pe_register_callback.rs (rust-controller/target/debug/deps/pe_register_callback-be7cbfed06cf15b1)
#13 13.75 
#13 13.75 running 1 test
#13 13.76 test callback_witness_stays_unavailable_and_replay_conflicts_keep_original_deadline ... ok
#13 13.76 
#13 13.76 test result: ok. 1 passed; 0 failed; 0 ignored; 0 measured; 0 filtered out; finished in 0.01s
#13 13.77 
#13 13.77      Running tests/pe_registration_precision.rs (rust-controller/target/debug/deps/pe_registration_precision-e401af785bbb61b5)
#13 13.78 
#13 13.78 running 1 test
#13 13.79 test microsecond_anchor_preserves_original_deadline_and_refuses_lossy_v1_conversion ... ok
#13 13.79 
#13 13.79 test result: ok. 1 passed; 0 failed; 0 ignored; 0 measured; 0 filtered out; finished in 0.01s
#13 13.79 
#13 13.79      Running tests/pe_shutdown_boundary.rs (rust-controller/target/debug/deps/pe_shutdown_boundary-85ef8e1a565c4cb5)
#13 13.80 
#13 13.80 running 2 tests
#13 13.81 test malformed_scope_is_not_constructible ... ok
#13 13.81 test stopped_claim_and_expiry_never_grant_shutdown_or_force_stop ... ok
#13 13.81 
#13 13.81 test result: ok. 2 passed; 0 failed; 0 ignored; 0 measured; 0 filtered out; finished in 0.01s
#13 13.81 
#13 13.81      Running tests/plan.rs (rust-controller/target/debug/deps/plan-4cb0bb0e98f983e5)
#13 13.82 
#13 13.82 running 15 tests
#13 13.84 test both_serials_require_bounded_ascii_tokens_with_alphanumeric_endpoints ... ok
#13 13.84 test both_media_fields_admit_only_narrow_native_iso_references ... ok
#13 13.84 test artifact_apply_index_fits_signed_guest_consumer_and_retains_source_provenance ... ok
#13 13.86 test complete_snapshot_pins_all_inputs_fixed_native_fields_and_nested_claims ... ok
#13 13.88 test equivalent_hash_case_normalizes_before_complete_fingerprinting ... ok
#13 13.88 test canonical_fingerprint_matches_independently_hashed_literal_snapshot_on_reconstruction ... ok
#13 13.88 test fingerprint_binds_every_artifact_input_and_output_index_provenance ... ok
#13 13.89 test fingerprint_binds_every_media_payload_serial_os_and_profile_reference ... ok
#13 13.89 test fingerprint_binds_every_vm_identity_resource_and_free_storage_field ... ok
#13 13.89 test payload_and_template_hashes_reject_length_nonhex_unicode_and_controls ... ok
#13 13.89 test fingerprint_binds_names_capacity_every_phase_and_force_stop_policy ... ok
#13 13.89 test payload_hash_presence_controls_only_declared_or_unverified_claim ... ok
#13 13.89 test profile_references_are_required_non_nil_opaque_ids ... ok
#13 13.89 test vm_admission_requires_four_gib_and_consistent_independent_pve_name ... ok
#13 13.89 test os_labels_and_language_are_bounded_declarations_without_commands_or_paths ... ok
#13 13.89 
#13 13.89 test result: ok. 15 passed; 0 failed; 0 ignored; 0 measured; 0 filtered out; finished in 0.07s
#13 13.89 
#13 13.89      Running tests/provisioning.rs (rust-controller/target/debug/deps/provisioning-e7572a1b5c60ea66)
#13 13.90 
#13 13.90 running 3 tests
#13 13.93 test derives_every_pve_field_and_retains_effective_capacity ... ok
#13 13.93 test serial_20_succeeds_and_21_fails_without_narrowing_declarations ... ok
#13 13.94 test non_pve_inputs_change_workflow_digest_without_changing_pve_subset ... ok
#13 13.94 
#13 13.94 test result: ok. 3 passed; 0 failed; 0 ignored; 0 measured; 0 filtered out; finished in 0.04s
#13 13.94 
#13 13.94      Running tests/restore.rs (rust-controller/target/debug/deps/restore-0729e2d8a051344c)
#13 13.95 
#13 13.95 running 14 tests
#13 14.03 test broad_serial_declaration_restores_but_does_not_grant_dispatch_compatibility ... ok
#13 14.03 test equivalent_json_layout_roundtrips_but_wrong_or_noncanonical_hashes_do_not ... ok
#13 14.05 test constructors_revalidate_identities_resources_and_input_limits ... ok
#13 14.06 test every_object_rejects_unknown_fields_scalars_null_and_positional_arrays ... ok
#13 14.07 test fixed_fields_cannot_be_changed_even_with_a_matching_forged_digest ... ok
#13 14.08 test input_limit_counts_utf8_bytes_and_accepts_exactly_65536 ... ok
#13 14.08 test nonintegral_retained_capacity_and_phase_policy_boundaries_roundtrip ... ok
#13 14.09 test normalized_and_derived_claims_cannot_be_forged ... ok
#13 14.09 test rejects_duplicate_fields_before_value_normalization ... ok
#13 14.09 test rejects_malformed_trailing_and_deep_json_with_payload_free_errors ... ok
#13 14.09 test restores_complete_admitted_plan ... ok
#13 14.10 test valid_source_fallback_and_all_required_null_payloads_roundtrip ... ok
#13 14.13 test every_string_field_rejects_enum_objects_numbers_booleans_and_null ... ok
#13 14.14 test every_top_level_and_nested_field_is_required_unique_and_typed ... ok
#13 14.14 
#13 14.14 test result: ok. 14 passed; 0 failed; 0 ignored; 0 measured; 0 filtered out; finished in 0.19s
#13 14.14 
#13 14.14      Running tests/stages.rs (rust-controller/target/debug/deps/stages-c4eb203200bb9436)
#13 14.16 
#13 14.16 running 4 tests
#13 14.16 test only_ensure_stopped_has_the_guarded_escalation_dependency ... ok
#13 14.16 test fixed_manifest_preserves_all_sixteen_operation_identities_in_order ... ok
#13 14.16 test stage_kinds_preserve_mutation_callback_observation_and_guest_boundaries ... ok
#13 14.17 test serialization_pins_every_stage_kind_and_dependency_encoding ... ok
#13 14.17 
#13 14.17 test result: ok. 4 passed; 0 failed; 0 ignored; 0 measured; 0 filtered out; finished in 0.01s
#13 14.17 
#13 14.17      Running tests/start_pe_arming.rs (rust-controller/target/debug/deps/start_pe_arming-dc975f0c206b9a32)
#13 14.18 
#13 14.18 running 1 test
#13 14.19 test arming_preserves_original_deadline_and_never_invents_authenticated_witness ... ok
#13 14.19 
#13 14.19 test result: ok. 1 passed; 0 failed; 0 ignored; 0 measured; 0 filtered out; finished in 0.01s
#13 14.19 
#13 14.20      Running tests/verify_qga_boundary.rs (rust-controller/target/debug/deps/verify_qga_boundary-6794d61ebc9f1670)
#13 14.21 
#13 14.21 running 1 test
#13 14.21 test reports_cannot_forge_host_authentication_or_replace_receipt_binding ... ok
#13 14.21 
#13 14.21 test result: ok. 1 passed; 0 failed; 0 ignored; 0 measured; 0 filtered out; finished in 0.01s
#13 14.21 
#13 14.22      Running tests/watchdog_boundary.rs (rust-controller/target/debug/deps/watchdog_boundary-3b9a5a9f645ab61c)
#13 14.23 
#13 14.23 running 1 test
#13 14.23 test watchdog_claims_cannot_replace_authenticated_predecessor_or_agent ... ok
#13 14.23 
#13 14.23 test result: ok. 1 passed; 0 failed; 0 ignored; 0 measured; 0 filtered out; finished in 0.01s
#13 14.23 
#13 14.24    Doc-tests osdeploy_adapter
#13 14.57 
#13 14.57 running 6 tests
#13 14.83 test crates/osdeploy-adapter/src/input_values.rs - input_values::DiskCapacity (line 9) - compile fail ... ok
#13 14.83 test crates/osdeploy-adapter/src/input_values.rs - input_values::PhasePolicy (line 124) - compile fail ... ok
#13 14.83 test crates/osdeploy-adapter/src/plan.rs - plan::OsDeployPlanV1 (line 87) - compile fail ... ok
#13 15.07 test crates/osdeploy-adapter/src/plan.rs - plan::OsDeployPlanV1 (line 94) - compile fail ... ok
#13 15.08 test crates/osdeploy-adapter/src/plan.rs - plan::PayloadDeclaration (line 24) - compile fail ... ok
#13 15.08 test crates/osdeploy-adapter/src/plan.rs - plan::PayloadDeclaration (line 17) - compile fail ... ok
#13 15.08 
#13 15.08 test result: ok. 6 passed; 0 failed; 0 ignored; 0 measured; 0 filtered out; finished in 0.51s
#13 15.08 
#13 DONE 15.6s

#14 [11/12] RUN cargo test --offline --locked --manifest-path rust-controller/Cargo.toml -p controller-service --bin controller-service config:: && cargo test --offline --locked --manifest-path rust-controller/Cargo.toml -p controller-service --bin controller-service health:: && cargo test --offline --locked --manifest-path rust-controller/Cargo.toml -p controller-service --bin controller-service pve_credentials:: && cargo test --offline --locked --manifest-path rust-controller/Cargo.toml -p controller-service --bin controller-service pve_observation:: && cargo test --offline --locked --manifest-path rust-controller/Cargo.toml -p controller-service --bin controller-service infrastructure_ && cargo test --offline --locked --manifest-path rust-controller/Cargo.toml -p controller-service --bin controller-service runtime::tests::observation_loop && cargo test --offline --locked --manifest-path rust-controller/Cargo.toml -p controller-service --bin controller-service runtime::tests::runtime_defensively && cargo test --offline --locked --manifest-path rust-controller/Cargo.toml -p controller-service --test service -- --skip observation_service::authenticated_service_is_visible_but_never_execution_ready_or_a_writer --skip observation_service::infrastructure_service::selected_node_service_is_independent_and_never_a_writer
#14 0.479    Compiling pve-port v0.1.0 (/workspace/rust-controller/crates/pve-port)
#14 4.370    Compiling osdeploy-adapter v0.1.0 (/workspace/rust-controller/crates/osdeploy-adapter)
#14 5.760    Compiling postgres-store v0.1.0 (/workspace/rust-controller/crates/postgres-store)
#14 9.326    Compiling scheduler v0.1.0 (/workspace/rust-controller/crates/scheduler)
#14 9.535    Compiling ansible-adapter v0.1.0 (/workspace/rust-controller/crates/ansible-adapter)
#14 11.61    Compiling controller-service v0.1.0 (/workspace/rust-controller/crates/controller-service)
#14 16.41     Finished `test` profile [unoptimized + debuginfo] target(s) in 16.21s
#14 16.42      Running unittests src/main.rs (rust-controller/target/debug/deps/controller_service-4f03e6f5d6263209)
#14 16.44 
#14 16.44 running 11 tests
#14 16.47 test config::tests::explicit_remote_reads_are_limited_to_observe_mode ... ok
#14 16.47 test config::tests::observation_fake_defaults_without_file_and_http_requires_nonempty_file ... ok
#14 16.47 test config::tests::normalized_literal_loopback_endpoints_are_allowed_without_opt_in ... ok
#14 16.48 test config::tests::observation_rechecks_database_boundary_before_file_reference ... ok
#14 16.48 test config::tests::observe_requires_explicit_production_read_permission ... ok
#14 16.48 test config::tests::rejects_production_controller_in_adapter_mode ... ok
#14 16.48 test config::tests::selected_node_factory_preserves_selection_and_absence ... ok
#14 16.48 test config::tests::selected_node_presence_is_rejected_under_fake ... ok
#14 16.48 test config::tests::unapproved_observe_rejects_database_and_pve_aliases_before_construction ... ok
#14 16.48 test config::tests::selected_node_rejects_invalid_values_before_token_reference ... ok
#14 16.49 test config::tests::observation_gates_before_loader_matrix ... ok
#14 16.49 
#14 16.49 test result: ok. 11 passed; 0 failed; 0 ignored; 0 measured; 47 filtered out; finished in 0.05s
#14 16.49 
#14 16.84     Finished `test` profile [unoptimized + debuginfo] target(s) in 0.25s
#14 16.84      Running unittests src/main.rs (rust-controller/target/debug/deps/controller_service-4f03e6f5d6263209)
#14 16.86 
#14 16.86 running 9 tests
#14 16.89 test health::tests::observation_freshness_expires_monotonically_and_failure_cannot_reuse_last_success ... ok
#14 16.93 test health::tests::fresh_http_observation_cannot_mask_execution_failure_or_database_failure ... ok
#14 16.93 test infrastructure_health::tests::component_freshness_has_exact_boundary_and_snapshots_do_not_refresh_it ... ok
#14 16.94 test infrastructure_health::tests::each_failed_component_retains_last_success_without_granting_readiness ... ok
#14 16.94 test infrastructure_health::tests::missing_component_fields_cannot_set_success_or_readiness ... ok
#14 16.94 test infrastructure_health::tests::node_ages_independently_of_later_network_completion ... ok
#14 16.95 test infrastructure_health::tests::serialized_health_contains_only_sanitized_components_and_fixed_coverage ... ok
#14 16.96 test health::tests::readiness_requires_current_dependencies_and_real_sweep_progress ... ok
#14 16.96 test health::tests::readiness_exposes_only_sanitized_operational_facts ... ok
#14 16.96 
#14 16.96 test result: ok. 9 passed; 0 failed; 0 ignored; 0 measured; 49 filtered out; finished in 0.10s
#14 16.96 
#14 17.29     Finished `test` profile [unoptimized + debuginfo] target(s) in 0.23s
#14 17.29      Running unittests src/main.rs (rust-controller/target/debug/deps/controller_service-4f03e6f5d6263209)
#14 17.31 
#14 17.31 running 6 tests
#14 17.33 test pve_credentials::tests::credential_metadata_rejects_effective_owner_mismatch_without_chown ... ok
#14 17.33 test pve_credentials::tests::credential_read_cap_rejects_growth_after_metadata_check ... ok
#14 17.35 test pve_credentials::tests::credential_rejects_missing_symlink_directory_and_exposed_permissions ... ok
#14 17.35 test pve_credentials::tests::credential_valid_0600_redacts_token_and_accepts_exact_size_limit ... ok
#14 17.35 test pve_credentials::tests::credential_rejects_oversize_and_strict_json_or_token_failures ... ok
#14 17.36 test pve_credentials::tests::credential_fifo_is_nonblocking_and_errors_do_not_leak_to_stderr ... ok
#14 17.36 
#14 17.36 test result: ok. 6 passed; 0 failed; 0 ignored; 0 measured; 52 filtered out; finished in 0.05s
#14 17.36 
#14 17.69     Finished `test` profile [unoptimized + debuginfo] target(s) in 0.24s
#14 17.70      Running unittests src/main.rs (rust-controller/target/debug/deps/controller_service-4f03e6f5d6263209)
#14 17.71 
#14 17.71 running 5 tests
#14 17.77 test pve_observation::tests::caller_cancellation_drops_the_only_inflight_read ... ok
#14 17.92 test pve_observation::tests::errors_have_fixed_status_with_no_timestamp_or_counts ... ok
#14 17.94 test pve_observation::tests::summaries_serialize_only_classified_counts_and_unverified_coverage ... ok
#14 19.83 test pve_observation::tests::production_constructor_enforces_two_second_request_timeout ... ok
#14 20.75 test pve_observation::tests::collection_deadline_drops_pending_read_at_three_seconds ... ok
#14 20.75 
#14 20.75 test result: ok. 5 passed; 0 failed; 0 ignored; 0 measured; 53 filtered out; finished in 3.04s
#14 20.75 
#14 21.10     Finished `test` profile [unoptimized + debuginfo] target(s) in 0.24s
#14 21.11      Running unittests src/main.rs (rust-controller/target/debug/deps/controller_service-4f03e6f5d6263209)
#14 21.12 
#14 21.12 running 19 tests
#14 21.14 test infrastructure_health::tests::component_freshness_has_exact_boundary_and_snapshots_do_not_refresh_it ... ok
#14 21.15 test infrastructure_health::tests::node_ages_independently_of_later_network_completion ... ok
#14 21.15 test infrastructure_health::tests::each_failed_component_retains_last_success_without_granting_readiness ... ok
#14 21.15 test infrastructure_health::tests::missing_component_fields_cannot_set_success_or_readiness ... ok
#14 21.15 test infrastructure_health::tests::serialized_health_contains_only_sanitized_components_and_fixed_coverage ... ok
#14 21.25 test infrastructure_observation::tests::cancellation_drops_active_read_and_starts_no_later_read ... ok
#14 21.25 test infrastructure_observation::tests::delayed_repoll_respects_each_call_deadline ... ok
#14 21.25 test infrastructure_observation::tests::constructor_requires_explicit_selection ... ok
#14 21.25 test infrastructure_observation::tests::each_pending_call_is_dropped_at_two_seconds ... ok
#14 21.25 test infrastructure_observation::tests::each_error_is_fixed_and_independent_of_the_other_component ... ok
#14 21.25 test infrastructure_observation::tests::expired_whole_deadline_cancels_without_starting_network ... ok
#14 21.26 test infrastructure_observation::tests::network_degrades_only_for_rejected_rows ... ok
#14 21.26 test infrastructure_observation::tests::expired_whole_deadline_discards_an_earlier_success ... ok
#14 21.26 test infrastructure_observation::tests::two_pending_reads_finish_in_four_seconds_without_retry ... ok
#14 21.26 test infrastructure_observation::tests::zero_and_missing_uptime_are_fresh_with_distinct_knowledge ... ok
#14 21.27 test infrastructure_observation::tests::successful_pair_sanitizes_counts_and_captures_each_completion ... ok
#14 21.27 test runtime::tests::infrastructure_loop_shutdown_before_start_issues_no_request ... ok
#14 21.28 test runtime::tests::infrastructure_loop_is_immediate_ten_second_skip_and_joins_cancelled_read ... ok
#14 21.31 test infrastructure_observation::tests::production_constructor_uses_only_authenticated_selected_node_gets ... ok
#14 21.31 
#14 21.31 test result: ok. 19 passed; 0 failed; 0 ignored; 0 measured; 39 filtered out; finished in 0.18s
#14 21.31 
#14 21.65     Finished `test` profile [unoptimized + debuginfo] target(s) in 0.24s
#14 21.66      Running unittests src/main.rs (rust-controller/target/debug/deps/controller_service-4f03e6f5d6263209)
#14 21.67 
#14 21.67 running 1 test
#14 21.69 test runtime::tests::observation_loop_bounds_cadence_skips_missed_ticks_and_cancels_inflight_read ... ok
#14 21.69 
#14 21.69 test result: ok. 1 passed; 0 failed; 0 ignored; 0 measured; 57 filtered out; finished in 0.02s
#14 21.69 
#14 22.02     Finished `test` profile [unoptimized + debuginfo] target(s) in 0.24s
#14 22.03      Running unittests src/main.rs (rust-controller/target/debug/deps/controller_service-4f03e6f5d6263209)
#14 22.04 
#14 22.04 running 1 test
#14 22.06 test runtime::tests::runtime_defensively_denies_observation_in_adapter_before_credential_io ... ok
#14 22.06 
#14 22.06 test result: ok. 1 passed; 0 failed; 0 ignored; 0 measured; 57 filtered out; finished in 0.02s
#14 22.06 
#14 22.40    Compiling controller-service v0.1.0 (/workspace/rust-controller/crates/controller-service)
#14 26.85     Finished `test` profile [unoptimized + debuginfo] target(s) in 4.69s
#14 26.86      Running tests/service.rs (rust-controller/target/debug/deps/service-13027c76d142c8ad)
#14 26.87 
#14 26.87 running 52 tests
#14 26.97 test native_startup_fails_before_local_io_even_with_read_permission ... ok
#14 26.99 test http_observe_missing_credentials_fails_before_local_io ... ok
#14 29.04 test live_server_survives_database_failure_and_sanitizes_readiness ... ok
#14 29.21 test observation_service::infrastructure_service::selected_node_startup_denials_precede_owned_canaries_and_listener ... ok
#14 29.28 test observation_service::http_observation_remains_fresh_when_database_is_unavailable ... ok
#14 29.31 test observation_service::local_postgres::cleanup_tests::cancellation_before_create_receipt_recovers_owned_container ... ok
#14 29.41 test observation_service::local_postgres::cleanup_tests::explicit_cleanup_and_drop_attempt_owned_removal_only_once ... ok
#14 29.48 test observation_service::local_postgres::cleanup_tests::lost_create_response_recovers_only_verified_owned_id ... ok
#14 29.56 test observation_service::local_postgres::cleanup_tests::storage_refusal_preserves_one_shot_container_only_cleanup ... ok
#14 29.74 test observation_service::local_postgres::cleanup_tests::wrong_ownership_or_ambiguous_absence_never_removes_a_target ... ok
#14 29.74 test observation_service::local_postgres::docker_storage_probe::tests::capacity_requires_actual_fixed_tmpfs_and_reserve ... ok
#14 29.74 test observation_service::local_postgres::docker_storage_probe::tests::event_cutoff_preserves_subsecond_query_boundary ... ok
#14 29.74 test observation_service::local_postgres::docker_storage_probe::tests::memory_requires_numeric_complete_non_oom_counters ... ok
#14 29.74 test observation_service::local_postgres::docker_storage_probe::tests::retained_events_require_a_bracket_without_attributed_mounts ... ok
#14 29.74 test observation_service::local_postgres::linux_postgres::owned_linux_tests::owned_linux_active_create_lock_refuses_even_absent_name ... ignored, requires the owned Linux fixture namespace
#14 29.74 test observation_service::local_postgres::linux_postgres::owned_linux_tests::owned_linux_cancel_before_create_reaps_and_confirms_absence ... ignored, requires the owned Linux fixture namespace
#14 29.74 test observation_service::local_postgres::linux_postgres::owned_linux_tests::owned_linux_cancel_unmarked_create_retains_unconfirmed_database ... ignored, requires the owned Linux fixture namespace
#14 29.74 test observation_service::local_postgres::linux_postgres::owned_linux_tests::owned_linux_create_identity_independent_pools_and_open_pool_cleanup ... ignored, requires the owned Linux fixture namespace
#14 29.74 test observation_service::local_postgres::linux_postgres::owned_linux_tests::owned_linux_foreign_marker_retains_database ... ignored, requires the owned Linux fixture namespace
#14 29.74 test observation_service::local_postgres::linux_postgres::owned_linux_tests::owned_linux_foreign_receipt_and_namespace_refuse_mutation ... ignored, requires the owned Linux fixture namespace
#14 29.74 test observation_service::local_postgres::linux_postgres::owned_linux_tests::owned_linux_lost_stamped_response_recovers_only_full_marker ... ignored, requires the owned Linux fixture namespace
#14 29.74 test observation_service::local_postgres::linux_postgres::owned_linux_tests::owned_linux_matching_marker_wrong_oid_retains_database ... ignored, requires the owned Linux fixture namespace
#14 29.74 test observation_service::local_postgres::linux_postgres::owned_linux_tests::owned_linux_setup_cancellation_drops_child_before_one_shot_guard_cleanup ... ignored, requires the owned Linux fixture namespace
#14 29.75 test observation_service::local_postgres::linux_postgres::tests::cleanup_requires_exact_confirmed_absence_record ... ok
#14 29.75 test observation_service::local_postgres::linux_postgres::tests::create_response_only_confirms_exact_identity_and_positive_oid ... ok
#14 29.75 test observation_service::local_postgres::linux_postgres::tests::database_identity_is_generated_and_bounded ... ok
#14 29.75 test observation_service::local_postgres::linux_postgres::tests::mode_is_explicit_and_platform_scoped ... ok
#14 29.75 test observation_service::local_postgres::linux_postgres::tests::overrides_and_noncanonical_mode_never_select_a_backend ... ok
#14 29.75 test observation_service::local_postgres::linux_postgres::tests::receipt_is_exact_canonical_and_duplicate_free ... ok
#14 29.75 test observation_service::local_postgres::linux_postgres::tests::receipt_rejects_each_schema_type_identity_and_encoding_violation ... ok
#14 29.88 test observation_service::local_postgres::process::tests::cancelled_readiness_and_caller_panic_join_and_reap_fault_supervisor ... ok
#14 29.97 test observation_service::local_postgres::process::tests::child_hang_obeys_timeout_and_is_reaped ... ok
#14 30.09 test observation_service::infrastructure_service::selected_node_service_stays_fresh_without_database ... ok
#14 30.10 test observation_service::local_postgres::process::tests::cleanup_child_hang_shares_one_budget_with_reaping ... ok
#14 30.14 test observation_service::local_postgres::process::tests::direct_drop_terminates_and_reaps_child ... ok
#14 30.14 test observation_service::local_postgres::process::tests::expired_reap_deadline_polls_once_without_reset_or_false_success ... ok
#14 30.65 test observation_service::local_postgres::process::tests::fault_output_overflow_after_readiness_reaps_before_owner_drop ... ok
#14 31.13 test observation_service::local_postgres::process::tests::delayed_fault_startup_does_not_reset_original_deadline ... ok
#14 31.29 test observation_service::local_postgres::process::tests::fault_supervision_progresses_during_synchronous_cleanup ... ok
#14 31.54 test observation_service::local_postgres::process::tests::linux_invocation_rejects_timeout_widening_and_invalid_protocol_without_admission ... ok
#14 31.60 test observation_service::local_postgres::process::tests::output_is_size_bounded_and_overflow_reaps_child ... ok
#14 31.67 test observation_service::local_postgres::process::tests::interpreter_startup_exhaustion_reaps_before_readiness_or_owner_drop ... ok
#14 31.88 test observation_service::local_postgres::process::tests::owned_log_capture_combines_streams_and_bounds_overflow_and_cancellation ... ok
#14 31.96 test observation_service::local_postgres::process::tests::stalled_setup_child_obeys_current_thread_timeout ... ok
#14 31.96 test observation_service::local_postgres::storage_tests::actual_launch_selects_fixed_bounded_pgdata_tmpfs ... ok
#14 31.96 test observation_service::local_postgres::storage_tests::both_bounded_tmpfs_representations_are_admitted ... ok
#14 31.96 test observation_service::local_postgres::storage_tests::ownership_valid_persistent_pgdata_is_refused ... ok
#14 31.96 test observation_service::local_postgres::storage_tests::storage_projection_rejects_each_wrong_field_and_failed_output ... ok
#14 32.07 test real_transport_startup_fails_before_local_io_even_with_read_permission ... ok
#14 32.30 test observation_service::local_postgres::process::tests::retained_ready_fault_is_reaped_before_owner_drop ... ok
#14 33.19 test remote_pve_and_database_startup_targets_are_denied ... ok
#14 35.08 test observation_service::local_postgres::cleanup_tests::cancellation_runs_finite_drop_cleanup_and_reaps_hung_inspector ... ok
#14 35.08 
#14 35.08 test result: ok. 43 passed; 0 failed; 9 ignored; 0 measured; 2 filtered out; finished in 8.21s
#14 35.09 
#14 DONE 35.4s

#15 [12/12] RUN sed -i '1s|^#! */usr/bin/python3$|#!/usr/bin/python3|' /usr/bin/ansible-playbook
#15 DONE 0.2s

#16 exporting to image
#16 exporting layers
#16 exporting layers 176.6s done
#16 exporting manifest sha256:a0df802fe3f4eac0d74224e364111503006afd1bc88a425d5e22b16901425db7
#16 exporting manifest sha256:a0df802fe3f4eac0d74224e364111503006afd1bc88a425d5e22b16901425db7 0.0s done
#16 exporting config sha256:367a514ff0196d7d92dc0e0d177ac7c6b35ffb6e982a256a117c775f4670b160 done
#16 exporting attestation manifest sha256:8e4636f9ee1023ec31354bedc5768e6cb8ce666e1ad40c9188581ba18ed2a7a8 0.0s done
#16 exporting manifest list sha256:5f5ddae5dd93381cc02d944d8ae397bb0b1a085f65623499122fb0f798b1caa6 done
#16 naming to docker.io/library/rust-controller-task9:f92a6287 done
#16 DONE 176.7s
