#0 building with "default" instance using docker driver

#1 [internal] load build definition from Dockerfile.test
#1 transferring dockerfile: 3.65kB done
#1 DONE 0.0s

#2 [internal] load metadata for docker.io/library/rust:1.92-bookworm@sha256:e90e846de4124376164ddfbaab4b0774c7bdeef5e738866295e5a90a34a307a2
#2 DONE 0.0s

#3 [ 1/12] FROM docker.io/library/rust:1.92-bookworm@sha256:e90e846de4124376164ddfbaab4b0774c7bdeef5e738866295e5a90a34a307a2
#3 resolve docker.io/library/rust:1.92-bookworm@sha256:e90e846de4124376164ddfbaab4b0774c7bdeef5e738866295e5a90a34a307a2 0.0s done
#3 DONE 0.0s

#4 [internal] load build context
#4 transferring context: 1.44MB 0.0s done
#4 DONE 0.1s

#5 [ 2/12] RUN apt-get update -qq && apt-get install -y --no-install-recommends ansible-core=2.14.18-0+deb12u2 python3-psycopg2=2.9.5-1+b1 procps curl && rm -rf /var/lib/apt/lists/*
#5 CACHED

#6 [ 3/12] WORKDIR /workspace
#6 CACHED

#7 [ 4/12] COPY rust-controller ./rust-controller
#7 DONE 0.2s

#8 [ 5/12] COPY autopilot-proxmox/playbooks/_test_long_sleep.yml ./autopilot-proxmox/playbooks/_test_long_sleep.yml
#8 DONE 0.1s

#9 [ 6/12] RUN cargo build --locked --manifest-path rust-controller/Cargo.toml --workspace --examples --release && cargo build --locked --manifest-path rust-controller/Cargo.toml -p controller-service --release && cargo test --locked --manifest-path rust-controller/Cargo.toml --workspace --all-features --no-run
#9 0.647     Updating crates.io index
#9 1.690  Downloading crates ...
#9 1.775   Downloaded generic-array v0.14.7
#9 1.787   Downloaded futures-sink v0.3.33
#9 1.793   Downloaded itoa v1.0.18
#9 1.796   Downloaded pkcs8 v0.10.2
#9 1.799   Downloaded md-5 v0.10.6
#9 1.802   Downloaded ppv-lite86 v0.2.21
#9 1.804   Downloaded num-iter v0.1.46
#9 1.805   Downloaded parking_lot v0.12.5
#9 1.809   Downloaded webpki-roots v0.26.11
#9 1.811   Downloaded hex v0.4.3
#9 1.813   Downloaded hashlink v0.10.0
#9 1.816   Downloaded tokio-macros v2.7.2
#9 1.817   Downloaded matchit v0.8.4
#9 1.822   Downloaded version_check v0.9.5
#9 1.823   Downloaded anyhow v1.0.104
#9 1.827   Downloaded rustc-hash v2.1.3
#9 1.828   Downloaded litemap v0.8.3
#9 1.831   Downloaded ipnet v2.12.1
#9 1.833   Downloaded http-body-util v0.1.4
#9 1.836   Downloaded hmac v0.12.1
#9 1.839   Downloaded writeable v0.6.4
#9 1.841   Downloaded tempfile v3.27.0
#9 1.844   Downloaded signature v2.2.0
#9 1.846   Downloaded spki v0.7.3
#9 1.848   Downloaded tower-layer v0.3.3
#9 1.850   Downloaded scopeguard v1.2.0
#9 1.851   Downloaded sha1 v0.10.7
#9 1.854   Downloaded yoke-derive v0.8.2
#9 1.856   Downloaded zerofrom v0.1.8
#9 1.859   Downloaded zmij v1.0.23
#9 1.861   Downloaded zerovec-derive v0.11.6
#9 1.864   Downloaded zeroize v1.9.0
#9 1.866   Downloaded utf8_iter v1.0.4
#9 1.867   Downloaded percent-encoding v2.3.2
#9 1.868   Downloaded hyper v1.11.0
#9 1.877   Downloaded try-lock v0.2.5
#9 1.879   Downloaded parking v2.2.1
#9 1.880   Downloaded webpki-roots v1.0.9
#9 1.885   Downloaded unarray v0.1.4
#9 1.886   Downloaded tower-service v0.3.3
#9 1.887   Downloaded serde_urlencoded v0.7.1
#9 1.889   Downloaded chrono v0.4.45
#9 1.900   Downloaded untrusted v0.9.0
#9 1.904   Downloaded wait-timeout v0.2.1
#9 1.908   Downloaded sync_wrapper v1.0.2
#9 1.910   Downloaded sqlx-macros v0.8.6
#9 1.912   Downloaded stable_deref_trait v1.2.1
#9 1.913   Downloaded synstructure v0.13.2
#9 1.916   Downloaded serde_path_to_error v0.1.20
#9 1.918   Downloaded rand_core v0.6.4
#9 1.920   Downloaded zerocopy v0.8.56
#9 1.944   Downloaded tinystr v0.8.4
#9 1.946   Downloaded sha2 v0.10.9
#9 1.951   Downloaded slab v0.4.12
#9 1.951   Downloaded pin-project-lite v0.2.17
#9 1.956   Downloaded sqlx-macros-core v0.8.6
#9 1.959   Downloaded rusty-fork v0.3.1
#9 1.961   Downloaded thiserror-impl v2.0.20
#9 1.962   Downloaded libc v0.2.189
#9 2.002   Downloaded tracing-attributes v0.1.31
#9 2.005   Downloaded stringprep v0.1.5
#9 2.006   Downloaded pkcs1 v0.7.5
#9 2.009   Downloaded rustls-pki-types v1.15.1
#9 2.011   Downloaded quinn-udp v0.5.14
#9 2.013   Downloaded parking_lot_core v0.9.12
#9 2.016   Downloaded spin v0.9.9
#9 2.019   Downloaded zerotrie v0.2.5
#9 2.022   Downloaded thiserror v2.0.20
#9 2.027   Downloaded unicode-properties v0.1.4
#9 2.029   Downloaded serde_derive v1.0.229
#9 2.033   Downloaded ryu v1.0.23
#9 2.036   Downloaded serde_core v1.0.229
#9 2.039   Downloaded uuid v1.26.0
#9 2.042   Downloaded tracing-core v0.1.36
#9 2.045   Downloaded proc-macro2 v1.0.107
#9 2.048   Downloaded once_cell v1.21.4
#9 2.051   Downloaded tinyvec v1.12.0
#9 2.054   Downloaded tokio-stream v0.1.18
#9 2.058   Downloaded num-traits v0.2.19
#9 2.060   Downloaded unicode-ident v1.0.24
#9 2.063   Downloaded tokio-rustls v0.26.4
#9 2.065   Downloaded smallvec v1.15.2
#9 2.067   Downloaded quote v1.0.47
#9 2.069   Downloaded rand_core v0.9.5
#9 2.071   Downloaded zerovec v0.11.8
#9 2.076   Downloaded rand_chacha v0.9.0
#9 2.077   Downloaded pem-rfc7468 v0.7.0
#9 2.079   Downloaded signal-hook-registry v1.4.8
#9 2.080   Downloaded shlex v2.0.1
#9 2.081   Downloaded pkg-config v0.3.34
#9 2.083   Downloaded icu_normalizer v2.3.0
#9 2.094   Downloaded unicode-bidi v0.3.18
#9 2.097   Downloaded socket2 v0.6.5
#9 2.099   Downloaded url v2.5.8
#9 2.102   Downloaded sqlx-mysql v0.8.6
#9 2.107   Downloaded rand v0.8.8
#9 2.110   Downloaded quinn v0.11.9
#9 2.113   Downloaded serde v1.0.229
#9 2.116   Downloaded rustls-webpki v0.103.14
#9 2.119   Downloaded rand v0.9.5
#9 2.122   Downloaded sqlx-sqlite v0.8.6
#9 2.126   Downloaded rsa v0.9.10
#9 2.131   Downloaded tower v0.5.3
#9 2.139   Downloaded sqlx-core v0.8.6
#9 2.146   Downloaded typenum v1.20.1
#9 2.150   Downloaded subtle v2.6.1
#9 2.151   Downloaded rand_chacha v0.3.1
#9 2.152   Downloaded hkdf v0.12.4
#9 2.154   Downloaded unicode-normalization v0.1.25
#9 2.158   Downloaded futures-util v0.3.33
#9 2.169   Downloaded idna v1.1.0
#9 2.173   Downloaded tower-http v0.6.11
#9 2.181   Downloaded serde_json v1.0.151
#9 2.189   Downloaded sqlx-postgres v0.8.6
#9 2.196   Downloaded reqwest v0.12.28
#9 2.202   Downloaded proptest v1.11.0
#9 2.210   Downloaded sqlx v0.8.6
#9 2.222   Downloaded icu_properties_data v2.3.0
#9 2.230   Downloaded vcpkg v0.2.15
#9 2.269   Downloaded hashbrown v0.17.1
#9 2.274   Downloaded libm v0.2.16
#9 2.283   Downloaded quinn-proto v0.11.15
#9 2.288   Downloaded syn v3.0.4
#9 2.298   Downloaded syn v2.0.119
#9 2.308   Downloaded rustls v0.23.43
#9 2.318   Downloaded hashbrown v0.15.5
#9 2.323   Downloaded num-bigint-dig v0.8.6
#9 2.327   Downloaded regex-syntax v0.8.11
#9 2.334   Downloaded rustix v1.1.4
#9 2.356   Downloaded indexmap v2.14.1
#9 2.359   Downloaded icu_properties v2.3.0
#9 2.362   Downloaded tracing v0.1.44
#9 2.378   Downloaded linux-raw-sys v0.12.1
#9 2.436   Downloaded hyper-util v0.1.20
#9 2.440   Downloaded axum v0.8.9
#9 2.447   Downloaded mio v1.2.2
#9 2.452   Downloaded memchr v2.8.3
#9 2.456   Downloaded http v1.5.0
#9 2.460   Downloaded flume v0.11.1
#9 2.463   Downloaded zerofrom-derive v0.1.7
#9 2.464   Downloaded yoke v0.8.3
#9 2.465   Downloaded potential_utf v0.1.6
#9 2.466   Downloaded icu_locale_core v2.3.0
#9 2.472   Downloaded icu_collections v2.3.0
#9 2.477   Downloaded futures-intrusive v0.5.0
#9 2.480   Downloaded der v0.7.10
#9 2.485   Downloaded cc v1.4.4
#9 2.487   Downloaded bytes v1.12.1
#9 2.490   Downloaded rand_xorshift v0.4.0
#9 2.491   Downloaded icu_normalizer_data v2.3.0
#9 2.493   Downloaded getrandom v0.4.3
#9 2.496   Downloaded getrandom v0.3.4
#9 2.499   Downloaded allocator-api2 v0.2.21
#9 2.501   Downloaded tinyvec_macros v0.1.1
#9 2.501   Downloaded log v0.4.34
#9 2.503   Downloaded icu_provider v2.3.1
#9 2.505   Downloaded tokio v1.53.1
#9 2.540   Downloaded httparse v1.10.1
#9 2.543   Downloaded base64 v0.22.1
#9 2.546   Downloaded quick-error v1.2.3
#9 2.548   Downloaded getrandom v0.2.17
#9 2.551   Downloaded futures-channel v0.3.33
#9 2.554   Downloaded whoami v1.6.1
#9 2.556   Downloaded event-listener v5.4.1
#9 2.558   Downloaded displaydoc v0.2.7
#9 2.560   Downloaded async-trait v0.1.89
#9 2.563   Downloaded iana-time-zone v0.1.65
#9 2.565   Downloaded hyper-rustls v0.27.9
#9 2.566   Downloaded either v1.18.0
#9 2.567   Downloaded dotenvy v0.15.7
#9 2.569   Downloaded crossbeam-utils v0.8.22
#9 2.571   Downloaded const-oid v0.9.6
#9 2.573   Downloaded num-integer v0.1.47
#9 2.574   Downloaded autocfg v1.5.1
#9 2.575   Downloaded futures-executor v0.3.32
#9 2.576   Downloaded foldhash v0.1.5
#9 2.577   Downloaded bitflags v2.13.1
#9 2.580   Downloaded digest v0.10.7
#9 2.582   Downloaded cfg-if v1.0.4
#9 2.583   Downloaded byteorder v1.5.0
#9 2.584   Downloaded base64ct v1.8.3
#9 2.586   Downloaded axum-core v0.5.6
#9 2.587   Downloaded want v0.3.1
#9 2.588   Downloaded lock_api v0.4.14
#9 2.589   Downloaded ring v0.17.14
#9 2.624   Downloaded find-msvc-tools v0.1.11
#9 2.625   Downloaded fastrand v2.5.0
#9 2.626   Downloaded atoi v2.0.0
#9 2.627   Downloaded crc-catalog v2.4.0
#9 2.628   Downloaded errno v0.3.14
#9 2.629   Downloaded equivalent v1.0.2
#9 2.630   Downloaded idna_adapter v1.2.2
#9 2.631   Downloaded http-body v1.1.0
#9 2.631   Downloaded form_urlencoded v1.2.2
#9 2.632   Downloaded crc v3.4.0
#9 2.633   Downloaded concurrent-queue v2.5.0
#9 2.634   Downloaded bit-vec v0.8.0
#9 2.635   Downloaded lazy_static v1.5.0
#9 2.636   Downloaded httpdate v1.0.3
#9 2.637   Downloaded futures-task v0.3.33
#9 2.638   Downloaded fnv v1.0.7
#9 2.639   Downloaded mime v0.3.17
#9 2.640   Downloaded lru-slab v0.1.2
#9 2.640   Downloaded home v0.5.12
#9 2.641   Downloaded heck v0.5.0
#9 2.642   Downloaded futures-io v0.3.33
#9 2.643   Downloaded futures-core v0.3.33
#9 2.644   Downloaded cpufeatures v0.2.17
#9 2.645   Downloaded crypto-common v0.1.7
#9 2.646   Downloaded cfg_aliases v0.2.2
#9 2.646   Downloaded atomic-waker v1.1.2
#9 2.647   Downloaded crossbeam-queue v0.3.12
#9 2.648   Downloaded block-buffer v0.10.4
#9 2.649   Downloaded bit-set v0.8.0
#9 2.653   Downloaded libsqlite3-sys v0.30.1
#9 2.884    Compiling proc-macro2 v1.0.107
#9 2.885    Compiling quote v1.0.47
#9 2.885    Compiling unicode-ident v1.0.24
#9 3.497    Compiling libc v0.2.189
#9 3.823    Compiling cfg-if v1.0.4
#9 4.029    Compiling serde_core v1.0.229
#9 6.206    Compiling serde v1.0.229
#9 7.129    Compiling syn v3.0.4
#9 7.138    Compiling syn v2.0.119
#9 8.551    Compiling itoa v1.0.18
#9 9.681    Compiling pin-project-lite v0.2.17
#9 10.10    Compiling stable_deref_trait v1.2.1
#9 10.35    Compiling synstructure v0.13.2
#9 11.13    Compiling serde_derive v1.0.229
#9 11.47    Compiling once_cell v1.21.4
#9 11.71    Compiling zerofrom-derive v0.1.7
#9 12.83    Compiling yoke-derive v0.8.2
#9 13.67    Compiling zerofrom v0.1.8
#9 14.25    Compiling bytes v1.12.1
#9 14.71    Compiling yoke v0.8.3
#9 15.81    Compiling futures-core v0.3.33
#9 17.00    Compiling smallvec v1.15.2
#9 17.17    Compiling parking_lot_core v0.9.12
#9 17.20    Compiling zerovec-derive v0.11.6
#9 18.06    Compiling version_check v0.9.5
#9 18.49    Compiling scopeguard v1.2.0
#9 19.05    Compiling lock_api v0.4.14
#9 19.15    Compiling zerovec v0.11.8
#9 19.19    Compiling generic-array v0.14.7
#9 20.14    Compiling displaydoc v0.2.7
#9 21.11    Compiling subtle v2.6.1
#9 21.47    Compiling parking_lot v0.12.5
#9 21.76    Compiling errno v0.3.14
#9 21.87    Compiling typenum v1.20.1
#9 22.72    Compiling memchr v2.8.3
#9 23.70    Compiling signal-hook-registry v1.4.8
#9 24.42    Compiling tokio-macros v2.7.2
#9 25.30    Compiling mio v1.2.2
#9 25.59    Compiling socket2 v0.6.5
#9 25.83    Compiling find-msvc-tools v0.1.11
#9 26.91    Compiling getrandom v0.4.3
#9 27.44    Compiling shlex v2.0.1
#9 27.70    Compiling tokio v1.53.1
#9 28.05    Compiling tinystr v0.8.4
#9 28.31    Compiling cc v1.4.4
#9 29.10    Compiling getrandom v0.2.17
#9 30.38    Compiling futures-sink v0.3.33
#9 30.49    Compiling autocfg v1.5.1
#9 30.88    Compiling writeable v0.6.4
#9 31.68    Compiling litemap v0.8.3
#9 32.28    Compiling num-traits v0.2.19
#9 32.77    Compiling icu_locale_core v2.3.0
#9 32.83    Compiling ring v0.17.14
#9 35.24    Compiling crypto-common v0.1.7
#9 35.89    Compiling block-buffer v0.10.4
#9 36.70    Compiling zerotrie v0.2.5
#9 37.05    Compiling potential_utf v0.1.6
#9 38.10    Compiling tracing-core v0.1.36
#9 38.28    Compiling tracing-attributes v0.1.31
#9 40.03    Compiling zeroize v1.9.0
#9 40.32    Compiling percent-encoding v2.3.2
#9 40.42    Compiling zmij v1.0.23
#9 40.97    Compiling utf8_iter v1.0.4
#9 41.17    Compiling icu_properties_data v2.3.0
#9 41.61    Compiling icu_normalizer_data v2.3.0
#9 41.83    Compiling log v0.4.34
#9 42.07    Compiling icu_collections v2.3.0
#9 42.44    Compiling rustls-pki-types v1.15.1
#9 43.25    Compiling tracing v0.1.44
#9 44.55    Compiling icu_provider v2.3.1
#9 44.92    Compiling digest v0.10.7
#9 46.35    Compiling serde_json v1.0.151
#9 46.48    Compiling slab v0.4.12
#9 47.00    Compiling futures-task v0.3.33
#9 47.38    Compiling futures-io v0.3.33
#9 48.41    Compiling futures-util v0.3.33
#9 51.36    Compiling http v1.5.0
#9 51.81    Compiling untrusted v0.9.0
#9 52.49    Compiling thiserror v2.0.20
#9 53.79    Compiling http-body v1.1.0
#9 54.46    Compiling icu_properties v2.3.0
#9 54.58    Compiling icu_normalizer v2.3.0
#9 57.14    Compiling form_urlencoded v1.2.2
#9 58.59    Compiling thiserror-impl v2.0.20
#9 60.46    Compiling rustls v0.23.43
#9 61.00    Compiling base64 v0.22.1
#9 61.60    Compiling bitflags v2.13.1
#9 62.44    Compiling rustls-webpki v0.103.14
#9 62.71    Compiling idna_adapter v1.2.2
#9 63.12    Compiling uuid v1.26.0
#9 63.32    Compiling futures-channel v0.3.33
#9 64.43    Compiling zerocopy v0.8.56
#9 65.23    Compiling cpufeatures v0.2.17
#9 65.42    Compiling httparse v1.10.1
#9 65.46    Compiling iana-time-zone v0.1.65
#9 66.36    Compiling tower-service v0.3.3
#9 66.64    Compiling chrono v0.4.45
#9 66.86    Compiling sha2 v0.10.9
#9 69.09    Compiling idna v1.1.0
#9 71.80    Compiling webpki-roots v1.0.9
#9 72.19    Compiling crossbeam-utils v0.8.22
#9 72.98    Compiling try-lock v0.2.5
#9 73.16    Compiling url v2.5.8
#9 73.64    Compiling want v0.3.1
#9 78.53    Compiling sync_wrapper v1.0.2
#9 78.99    Compiling tower-layer v0.3.3
#9 79.07    Compiling atomic-waker v1.1.2
#9 79.77    Compiling hex v0.4.3
#9 79.92    Compiling httpdate v1.0.3
#9 80.80    Compiling hyper v1.11.0
#9 81.35    Compiling ppv-lite86 v0.2.21
#9 83.92    Compiling equivalent v1.0.2
#9 84.25    Compiling ipnet v2.12.1
#9 85.40    Compiling hyper-util v0.1.20
#9 85.88    Compiling tower v0.5.3
#9 86.91    Compiling controller-domain v0.1.0 (/workspace/rust-controller/crates/controller-domain)
#9 87.61    Compiling http-body-util v0.1.4
#9 88.47    Compiling allocator-api2 v0.2.21
#9 88.56    Compiling ryu v1.0.23
#9 89.45    Compiling tinyvec_macros v0.1.1
#9 89.63    Compiling foldhash v0.1.5
#9 89.64    Compiling tinyvec v1.12.0
#9 89.68    Compiling serde_urlencoded v0.7.1
#9 90.60    Compiling hashbrown v0.15.5
#9 90.71    Compiling event-journal v0.1.0 (/workspace/rust-controller/crates/event-journal)
#9 90.77    Compiling concurrent-queue v2.5.0
#9 91.70    Compiling tokio-rustls v0.26.4
#9 92.10    Compiling hmac v0.12.1
#9 92.56    Compiling rand_core v0.6.4
#9 92.77    Compiling parking v2.2.1
#9 93.15    Compiling hashbrown v0.17.1
#9 93.72    Compiling crc-catalog v2.4.0
#9 93.75    Compiling event-listener v5.4.1
#9 94.01    Compiling crc v3.4.0
#9 94.58    Compiling indexmap v2.14.1
#9 94.70    Compiling rand_chacha v0.3.1
#9 94.90    Compiling hyper-rustls v0.27.9
#9 96.08    Compiling hashlink v0.10.0
#9 96.26    Compiling unicode-normalization v0.1.25
#9 96.56    Compiling tower-http v0.6.11
#9 96.94    Compiling crossbeam-queue v0.3.12
#9 97.66    Compiling webpki-roots v0.26.11
#9 97.76    Compiling tokio-stream v0.1.18
#9 97.86    Compiling futures-intrusive v0.5.0
#9 98.53    Compiling either v1.18.0
#9 99.16    Compiling unicode-properties v0.1.4
#9 99.32    Compiling unicode-bidi v0.3.18
#9 99.43    Compiling sqlx-core v0.8.6
#9 100.1    Compiling reqwest v0.12.28
#9 101.7    Compiling stringprep v0.1.5
#9 104.6    Compiling rand v0.8.8
#9 104.7    Compiling hkdf v0.12.4
#9 105.4    Compiling atoi v2.0.0
#9 106.0    Compiling md-5 v0.10.6
#9 106.4    Compiling async-trait v0.1.89
#9 106.7    Compiling rustix v1.1.4
#9 107.6    Compiling dotenvy v0.15.7
#9 107.8    Compiling byteorder v1.5.0
#9 108.7    Compiling whoami v1.6.1
#9 109.6    Compiling home v0.5.12
#9 110.3    Compiling sqlx-postgres v0.8.6
#9 110.5    Compiling pve-port v0.1.0 (/workspace/rust-controller/crates/pve-port)
#9 113.2    Compiling artifact-index v0.1.0 (/workspace/rust-controller/crates/artifact-index)
#9 115.0    Compiling getrandom v0.3.4
#9 115.9    Compiling linux-raw-sys v0.12.1
#9 120.3    Compiling osdeploy-adapter v0.1.0 (/workspace/rust-controller/crates/osdeploy-adapter)
#9 127.1    Compiling sqlx v0.8.6
#9 127.3    Compiling fastrand v2.5.0
#9 128.5    Compiling tempfile v3.27.0
#9 130.5    Compiling postgres-store v0.1.0 (/workspace/rust-controller/crates/postgres-store)
#9 131.8    Compiling rand_core v0.9.5
#9 132.9    Compiling mime v0.3.17
#9 134.2    Compiling anyhow v1.0.104
#9 134.6    Compiling axum-core v0.5.6
#9 135.0    Compiling scheduler v0.1.0 (/workspace/rust-controller/crates/scheduler)
#9 135.6    Compiling api-compat v0.1.0 (/workspace/rust-controller/crates/api-compat)
#9 138.1    Compiling serde_path_to_error v0.1.20
#9 139.6    Compiling wait-timeout v0.2.1
#9 140.9    Compiling matchit v0.8.4
#9 141.3    Compiling fnv v1.0.7
#9 141.7    Compiling bit-vec v0.8.0
#9 142.8    Compiling controller-service v0.1.0 (/workspace/rust-controller/crates/controller-service)
#9 143.1    Compiling quick-error v1.2.3
#9 143.5    Compiling rusty-fork v0.3.1
#9 143.6    Compiling bit-set v0.8.0
#9 144.1    Compiling axum v0.8.9
#9 144.4    Compiling ansible-adapter v0.1.0 (/workspace/rust-controller/crates/ansible-adapter)
#9 147.4    Compiling rand v0.9.5
#9 148.9    Compiling rand_chacha v0.9.0
#9 150.2    Compiling rand_xorshift v0.4.0
#9 150.5    Compiling regex-syntax v0.8.11
#9 151.1    Compiling unarray v0.1.4
#9 151.7    Compiling operation-controller v0.1.0 (/workspace/rust-controller/crates/operation-controller)
#9 154.7    Compiling proptest v1.11.0
#9 173.2     Finished `release` profile [optimized] target(s) in 2m 52s
#9 173.6    Compiling tokio v1.53.1
#9 177.7    Compiling hyper v1.11.0
#9 177.7    Compiling tower v0.5.3
#9 179.5    Compiling tokio-rustls v0.26.4
#9 180.4    Compiling hyper-util v0.1.20
#9 182.7    Compiling hyper-rustls v0.27.9
#9 184.5    Compiling tower-http v0.6.11
#9 184.5    Compiling tokio-stream v0.1.18
#9 184.9    Compiling axum v0.8.9
#9 185.9    Compiling sqlx-core v0.8.6
#9 186.4    Compiling reqwest v0.12.28
#9 191.0    Compiling sqlx-postgres v0.8.6
#9 191.1    Compiling pve-port v0.1.0 (/workspace/rust-controller/crates/pve-port)
#9 200.1    Compiling osdeploy-adapter v0.1.0 (/workspace/rust-controller/crates/osdeploy-adapter)
#9 206.8    Compiling sqlx v0.8.6
#9 207.0    Compiling postgres-store v0.1.0 (/workspace/rust-controller/crates/postgres-store)
#9 212.4    Compiling scheduler v0.1.0 (/workspace/rust-controller/crates/scheduler)
#9 212.7    Compiling ansible-adapter v0.1.0 (/workspace/rust-controller/crates/ansible-adapter)
#9 219.8    Compiling controller-service v0.1.0 (/workspace/rust-controller/crates/controller-service)
#9 229.6     Finished `release` profile [optimized] target(s) in 56.25s
#9 230.1    Compiling proc-macro2 v1.0.107
#9 230.1    Compiling unicode-ident v1.0.24
#9 230.1    Compiling quote v1.0.47
#9 230.6    Compiling libc v0.2.189
#9 230.9    Compiling cfg-if v1.0.4
#9 231.1    Compiling serde_core v1.0.229
#9 233.0    Compiling serde v1.0.229
#9 233.6    Compiling syn v3.0.4
#9 233.8    Compiling itoa v1.0.18
#9 234.1    Compiling syn v2.0.119
#9 234.5    Compiling version_check v0.9.5
#9 235.3    Compiling memchr v2.8.3
#9 236.6    Compiling generic-array v0.14.7
#9 236.9    Compiling serde_derive v1.0.229
#9 237.2    Compiling subtle v2.6.1
#9 237.8    Compiling getrandom v0.4.3
#9 238.0    Compiling autocfg v1.5.1
#9 238.6    Compiling typenum v1.20.1
#9 239.2    Compiling num-traits v0.2.19
#9 240.6    Compiling zmij v1.0.23
#9 241.2    Compiling serde_json v1.0.151
#9 241.9    Compiling block-buffer v0.10.4
#9 242.4    Compiling crypto-common v0.1.7
#9 242.4    Compiling synstructure v0.13.2
#9 242.5    Compiling once_cell v1.21.4
#9 242.9    Compiling thiserror v2.0.20
#9 243.3    Compiling digest v0.10.7
#9 244.2    Compiling smallvec v1.15.2
#9 244.2    Compiling thiserror-impl v2.0.20
#9 245.1    Compiling zerofrom-derive v0.1.7
#9 245.7    Compiling uuid v1.26.0
#9 246.5    Compiling yoke-derive v0.8.2
#9 246.7    Compiling zerofrom v0.1.8
#9 247.0    Compiling pin-project-lite v0.2.17
#9 247.2    Compiling stable_deref_trait v1.2.1
#9 247.4    Compiling cpufeatures v0.2.17
#9 247.4    Compiling iana-time-zone v0.1.65
#9 247.6    Compiling futures-core v0.3.33
#9 248.1    Compiling yoke v0.8.3
#9 248.4    Compiling parking_lot_core v0.9.12
#9 248.4    Compiling bytes v1.12.1
#9 248.8    Compiling chrono v0.4.45
#9 249.1    Compiling sha2 v0.10.9
#9 249.7    Compiling zerovec-derive v0.11.6
#9 250.1    Compiling scopeguard v1.2.0
#9 250.6    Compiling lock_api v0.4.14
#9 251.3    Compiling zerovec v0.11.8
#9 251.4    Compiling displaydoc v0.2.7
#9 252.2    Compiling hex v0.4.3
#9 252.7    Compiling parking_lot v0.12.5
#9 252.8    Compiling controller-domain v0.1.0 (/workspace/rust-controller/crates/controller-domain)
#9 253.1    Compiling errno v0.3.14
#9 253.9    Compiling signal-hook-registry v1.4.8
#9 254.0    Compiling tokio-macros v2.7.2
#9 254.4    Compiling socket2 v0.6.5
#9 255.0    Compiling mio v1.2.2
#9 255.5    Compiling shlex v2.0.1
#9 255.8    Compiling find-msvc-tools v0.1.11
#9 256.5    Compiling tokio v1.53.1
#9 256.6    Compiling tinystr v0.8.4
#9 256.9    Compiling cc v1.4.4
#9 257.5    Compiling getrandom v0.2.17
#9 258.4    Compiling bitflags v2.13.1
#9 258.9    Compiling futures-sink v0.3.33
#9 259.3    Compiling writeable v0.6.4
#9 259.4    Compiling litemap v0.8.3
#9 260.1    Compiling icu_locale_core v2.3.0
#9 260.2    Compiling ring v0.17.14
#9 261.2    Compiling event-journal v0.1.0 (/workspace/rust-controller/crates/event-journal)
#9 261.8    Compiling zerotrie v0.2.5
#9 262.3    Compiling potential_utf v0.1.6
#9 262.7    Compiling tracing-core v0.1.36
#9 262.8    Compiling tracing-attributes v0.1.31
#9 263.1    Compiling utf8_iter v1.0.4
#9 263.8    Compiling log v0.4.34
#9 264.1    Compiling icu_properties_data v2.3.0
#9 264.6    Compiling zeroize v1.9.0
#9 264.7    Compiling icu_normalizer_data v2.3.0
#9 264.8    Compiling percent-encoding v2.3.2
#9 265.3    Compiling base64 v0.22.1
#9 265.4    Compiling rustls-pki-types v1.15.1
#9 265.6    Compiling tracing v0.1.44
#9 266.4    Compiling icu_collections v2.3.0
#9 266.7    Compiling icu_provider v2.3.1
#9 267.7    Compiling slab v0.4.12
#9 267.7    Compiling futures-task v0.3.33
#9 268.4    Compiling futures-io v0.3.33
#9 268.9    Compiling futures-util v0.3.33
#9 269.0    Compiling http v1.5.0
#9 270.8    Compiling untrusted v0.9.0
#9 271.4    Compiling http-body v1.1.0
#9 271.7    Compiling icu_normalizer v2.3.0
#9 272.1    Compiling icu_properties v2.3.0
#9 273.2    Compiling form_urlencoded v1.2.2
#9 274.0    Compiling rustls v0.23.43
#9 274.1    Compiling idna_adapter v1.2.2
#9 274.5    Compiling rustls-webpki v0.103.14
#9 274.6    Compiling futures-channel v0.3.33
#9 275.1    Compiling tower-service v0.3.3
#9 275.4    Compiling httparse v1.10.1
#9 275.4    Compiling idna v1.1.0
#9 276.4    Compiling webpki-roots v1.0.9
#9 276.7    Compiling try-lock v0.2.5
#9 277.3    Compiling want v0.3.1
#9 278.0    Compiling url v2.5.8
#9 278.1    Compiling sync_wrapper v1.0.2
#9 278.5    Compiling httpdate v1.0.3
#9 279.4    Compiling atomic-waker v1.1.2
#9 279.6    Compiling tower-layer v0.3.3
#9 280.1    Compiling hyper v1.11.0
#9 280.3    Compiling ipnet v2.12.1
#9 281.6    Compiling tower v0.5.3
#9 281.7    Compiling http-body-util v0.1.4
#9 282.5    Compiling hyper-util v0.1.20
#9 282.6    Compiling ryu v1.0.23
#9 282.9    Compiling tokio-rustls v0.26.4
#9 283.4    Compiling serde_urlencoded v0.7.1
#9 283.8    Compiling tower-http v0.6.11
#9 284.2    Compiling async-trait v0.1.89
#9 284.8    Compiling hyper-rustls v0.27.9
#9 284.9    Compiling artifact-index v0.1.0 (/workspace/rust-controller/crates/artifact-index)
#9 285.5    Compiling zerocopy v0.8.56
#9 285.8    Compiling reqwest v0.12.28
#9 286.0    Compiling crossbeam-utils v0.8.22
#9 286.8    Compiling hmac v0.12.1
#9 288.5    Compiling pve-port v0.1.0 (/workspace/rust-controller/crates/pve-port)
#9 289.1    Compiling equivalent v1.0.2
#9 289.3    Compiling ppv-lite86 v0.2.21
#9 289.4    Compiling allocator-api2 v0.2.21
#9 290.1    Compiling foldhash v0.1.5
#9 290.5    Compiling tinyvec_macros v0.1.1
#9 290.7    Compiling tinyvec v1.12.0
#9 291.0    Compiling hashbrown v0.15.5
#9 291.6    Compiling concurrent-queue v2.5.0
#9 292.3    Compiling rand_core v0.6.4
#9 292.5    Compiling hashbrown v0.17.1
#9 293.3    Compiling parking v2.2.1
#9 293.9    Compiling crc-catalog v2.4.0
#9 294.1    Compiling event-listener v5.4.1
#9 294.1    Compiling crc v3.4.0
#9 294.8    Compiling indexmap v2.14.1
#9 295.0    Compiling rand_chacha v0.3.1
#9 295.9    Compiling hashlink v0.10.0
#9 296.0    Compiling unicode-normalization v0.1.25
#9 296.5    Compiling crossbeam-queue v0.3.12
#9 296.9    Compiling webpki-roots v0.26.11
#9 297.1    Compiling tokio-stream v0.1.18
#9 297.1    Compiling futures-intrusive v0.5.0
#9 298.2    Compiling osdeploy-adapter v0.1.0 (/workspace/rust-controller/crates/osdeploy-adapter)
#9 298.3    Compiling either v1.18.0
#9 299.1    Compiling unicode-bidi v0.3.18
#9 300.5    Compiling unicode-properties v0.1.4
#9 300.9    Compiling sqlx-core v0.8.6
#9 301.2    Compiling stringprep v0.1.5
#9 302.3    Compiling rand v0.8.8
#9 303.6    Compiling hkdf v0.12.4
#9 304.0    Compiling api-compat v0.1.0 (/workspace/rust-controller/crates/api-compat)
#9 304.3    Compiling md-5 v0.10.6
#9 304.8    Compiling atoi v2.0.0
#9 304.9    Compiling byteorder v1.5.0
#9 305.4    Compiling dotenvy v0.15.7
#9 305.6    Compiling whoami v1.6.1
#9 306.3    Compiling home v0.5.12
#9 306.5    Compiling rustix v1.1.4
#9 306.7    Compiling linux-raw-sys v0.12.1
#9 307.0    Compiling sqlx-postgres v0.8.6
#9 307.6    Compiling fastrand v2.5.0
#9 308.4    Compiling getrandom v0.3.4
#9 310.2    Compiling tempfile v3.27.0
#9 310.4    Compiling rand_core v0.9.5
#9 311.4    Compiling sqlx v0.8.6
#9 311.6    Compiling postgres-store v0.1.0 (/workspace/rust-controller/crates/postgres-store)
#9 311.7    Compiling wait-timeout v0.2.1
#9 312.8    Compiling quick-error v1.2.3
#9 313.2    Compiling bit-vec v0.8.0
#9 314.2    Compiling fnv v1.0.7
#9 314.3    Compiling bit-set v0.8.0
#9 314.6    Compiling rusty-fork v0.3.1
#9 315.0    Compiling rand_chacha v0.9.0
#9 315.8    Compiling rand v0.9.5
#9 316.0    Compiling rand_xorshift v0.4.0
#9 316.8    Compiling regex-syntax v0.8.11
#9 317.3    Compiling unarray v0.1.4
#9 317.9    Compiling anyhow v1.0.104
#9 318.8    Compiling scheduler v0.1.0 (/workspace/rust-controller/crates/scheduler)
#9 319.1    Compiling proptest v1.11.0
#9 320.0    Compiling ansible-adapter v0.1.0 (/workspace/rust-controller/crates/ansible-adapter)
#9 320.0    Compiling operation-controller v0.1.0 (/workspace/rust-controller/crates/operation-controller)
#9 322.1    Compiling mime v0.3.17
#9 323.0    Compiling axum-core v0.5.6
#9 323.1    Compiling serde_path_to_error v0.1.20
#9 323.5    Compiling matchit v0.8.4
#9 324.2    Compiling controller-service v0.1.0 (/workspace/rust-controller/crates/controller-service)
#9 325.1    Compiling axum v0.8.9
#9 421.5     Finished `test` profile [unoptimized + debuginfo] target(s) in 3m 11s
#9 421.6   Executable unittests src/lib.rs (rust-controller/target/debug/deps/ansible_adapter-831b8a8554d554f8)
#9 421.6   Executable tests/allowlist.rs (rust-controller/target/debug/deps/allowlist-772c50c718301438)
#9 421.6   Executable tests/binding.rs (rust-controller/target/debug/deps/binding-56c8aa0a062fa92d)
#9 421.6   Executable tests/native.rs (rust-controller/target/debug/deps/native-0b5443c0fa3ad049)
#9 421.6   Executable unittests src/lib.rs (rust-controller/target/debug/deps/api_compat-f7a6cb686d8d2ee4)
#9 421.6   Executable tests/callback_contract.rs (rust-controller/target/debug/deps/callback_contract-e72bdd543c47f17e)
#9 421.6   Executable unittests src/lib.rs (rust-controller/target/debug/deps/artifact_index-63818e4721638896)
#9 421.6   Executable tests/bytes.rs (rust-controller/target/debug/deps/bytes-4d858471b5558cc3)
#9 421.6   Executable tests/descriptor.rs (rust-controller/target/debug/deps/descriptor-3213f32ddee71c19)
#9 421.6   Executable tests/export_gate.rs (rust-controller/target/debug/deps/export_gate-1f5a980ce5cb096b)
#9 421.6   Executable unittests src/lib.rs (rust-controller/target/debug/deps/controller_domain-4a5e0650162472e6)
#9 421.6   Executable unittests src/main.rs (rust-controller/target/debug/deps/controller_service-db73366610925dc9)
#9 421.6   Executable tests/service.rs (rust-controller/target/debug/deps/service-093211ac0bd85cb4)
#9 421.6   Executable unittests src/lib.rs (rust-controller/target/debug/deps/event_journal-3faae7ed719e660b)
#9 421.6   Executable unittests src/lib.rs (rust-controller/target/debug/deps/operation_controller-f2f5f08ba8a06eaf)
#9 421.6   Executable tests/decision.rs (rust-controller/target/debug/deps/decision-b0ed18cb61356b33)
#9 421.6   Executable tests/postgres_fixture_clone.rs (rust-controller/target/debug/deps/postgres_fixture_clone-d31c370fed7675c1)
#9 421.6   Executable tests/postgres_fixture_workers.rs (rust-controller/target/debug/deps/postgres_fixture_workers-dfa48522693cf1e1)
#9 421.6   Executable tests/postgres_native.rs (rust-controller/target/debug/deps/postgres_native-954b02adb2ac1c94)
#9 421.6   Executable tests/postgres_osdeploy.rs (rust-controller/target/debug/deps/postgres_osdeploy-8d8ed69d86ebf7df)
#9 421.6   Executable unittests src/lib.rs (rust-controller/target/debug/deps/osdeploy_adapter-9aeb308c34072bab)
#9 421.6   Executable tests/disk_boot_boundary.rs (rust-controller/target/debug/deps/disk_boot_boundary-2d302eb5d02a9b05)
#9 421.6   Executable tests/guest_action.rs (rust-controller/target/debug/deps/guest_action-36429deb92ac1622)
#9 421.6   Executable tests/heartbeat_boundary.rs (rust-controller/target/debug/deps/heartbeat_boundary-b8a8bbbd8510b33a)
#9 421.6   Executable tests/input_values.rs (rust-controller/target/debug/deps/input_values-f7c1786984b23ac1)
#9 421.6   Executable tests/install_agent_boundary.rs (rust-controller/target/debug/deps/install_agent_boundary-ee4e2feb1a2b4c06)
#9 421.6   Executable tests/install_qga_boundary.rs (rust-controller/target/debug/deps/install_qga_boundary-2a07cc1142aa309a)
#9 421.6   Executable tests/operational_boundary.rs (rust-controller/target/debug/deps/operational_boundary-67bcffdbce45d20a)
#9 421.6   Executable tests/pe_complete_boundary.rs (rust-controller/target/debug/deps/pe_complete_boundary-c06e65b8e3f5a2c7)
#9 421.6   Executable tests/pe_register_authority.rs (rust-controller/target/debug/deps/pe_register_authority-35c2df9bfa03f12e)
#9 421.6   Executable tests/pe_register_callback.rs (rust-controller/target/debug/deps/pe_register_callback-eb873658b4584499)
#9 421.6   Executable tests/pe_registration_precision.rs (rust-controller/target/debug/deps/pe_registration_precision-1d528b825728d574)
#9 421.6   Executable tests/pe_shutdown_boundary.rs (rust-controller/target/debug/deps/pe_shutdown_boundary-434ce3e254febe84)
#9 421.6   Executable tests/plan.rs (rust-controller/target/debug/deps/plan-6f464d857dd9a903)
#9 421.6   Executable tests/provisioning.rs (rust-controller/target/debug/deps/provisioning-cd8af899984ebfd5)
#9 421.6   Executable tests/restore.rs (rust-controller/target/debug/deps/restore-e8e96cb56f0a2172)
#9 421.6   Executable tests/stages.rs (rust-controller/target/debug/deps/stages-abcdde2bc608ae67)
#9 421.6   Executable tests/start_pe_arming.rs (rust-controller/target/debug/deps/start_pe_arming-78842bef505a4a89)
#9 421.6   Executable tests/verify_qga_boundary.rs (rust-controller/target/debug/deps/verify_qga_boundary-2775ba81d4c617c2)
#9 421.6   Executable tests/watchdog_boundary.rs (rust-controller/target/debug/deps/watchdog_boundary-495db04d132a7e21)
#9 421.6   Executable unittests src/lib.rs (rust-controller/target/debug/deps/postgres_store-94cd21d1a85fcfe3)
#9 421.6   Executable tests/docker_fixture_storage.rs (rust-controller/target/debug/deps/docker_fixture_storage-0665765806fb6db3)
#9 421.6   Executable tests/native.rs (rust-controller/target/debug/deps/native-f6f6309177babd8f)
#9 421.6   Executable tests/osdeploy_durability.rs (rust-controller/target/debug/deps/osdeploy_durability-b969fedd88bf467f)
#9 421.6   Executable tests/osdeploy_permit_seam.rs (rust-controller/target/debug/deps/osdeploy_permit_seam-2db3cee3699af039)
#9 421.6   Executable tests/osdeploy_registration.rs (rust-controller/target/debug/deps/osdeploy_registration-9b6c48204f23a8e7)
#9 421.6   Executable tests/pe_register_result_gate.rs (rust-controller/target/debug/deps/pe_register_result_gate-7dd9a5973ad6bd01)
#9 421.6   Executable tests/pe_register_result_transaction.rs (rust-controller/target/debug/deps/pe_register_result_transaction-5aa2efc075ccdecd)
#9 421.6   Executable tests/postgres.rs (rust-controller/target/debug/deps/postgres-62b8cbf6150b4759)
#9 421.6   Executable tests/start_pe_arming_gate.rs (rust-controller/target/debug/deps/start_pe_arming_gate-f0fba3a5e55d6f9b)
#9 421.6   Executable unittests src/lib.rs (rust-controller/target/debug/deps/pve_port-29f3ce4605601174)
#9 421.6   Executable tests/credentials.rs (rust-controller/target/debug/deps/credentials-4b491f5b0efaddf9)
#9 421.6   Executable tests/durable_fixture_log.rs (rust-controller/target/debug/deps/durable_fixture_log-b0e28dc796062326)
#9 421.6   Executable tests/fixture_checkpoint.rs (rust-controller/target/debug/deps/fixture_checkpoint-7254fb5d44ef758a)
#9 421.6   Executable tests/fixture_clone_contract.rs (rust-controller/target/debug/deps/fixture_clone_contract-ea3f286db3660290)
#9 421.6   Executable tests/fixture_controller_admission.rs (rust-controller/target/debug/deps/fixture_controller_admission-2b45551172cd07cc)
#9 421.6   Executable tests/fixture_daemon.rs (rust-controller/target/debug/deps/fixture_daemon-4d9736399065d6d1)
#9 421.6   Executable tests/fixture_inventory_projection.rs (rust-controller/target/debug/deps/fixture_inventory_projection-2c911ee126afbf30)
#9 421.6   Executable tests/fixture_inventory_v2.rs (rust-controller/target/debug/deps/fixture_inventory_v2-38ebcd7d9dc5855c)
#9 421.6   Executable tests/fixture_legacy_resize.rs (rust-controller/target/debug/deps/fixture_legacy_resize-a12806eb420d1da2)
#9 421.6   Executable tests/fixture_post_dispatch.rs (rust-controller/target/debug/deps/fixture_post_dispatch-5a1601779f1f887b)
#9 421.6   Executable tests/fixture_provisioning_reads.rs (rust-controller/target/debug/deps/fixture_provisioning_reads-a9a5b734db1730f1)
#9 421.6   Executable tests/fixture_read_client.rs (rust-controller/target/debug/deps/fixture_read_client-b4abd5067afffe3b)
#9 421.6   Executable tests/fixture_stage.rs (rust-controller/target/debug/deps/fixture_stage-007820741669bb51)
#9 421.6   Executable tests/fixture_stage_consumers.rs (rust-controller/target/debug/deps/fixture_stage_consumers-79048fecc2c193cd)
#9 421.6   Executable tests/fixture_task.rs (rust-controller/target/debug/deps/fixture_task-e43cedc3e1ef27e4)
#9 421.6   Executable tests/infrastructure_visibility.rs (rust-controller/target/debug/deps/infrastructure_visibility-bf6a51b110b76f2e)
#9 421.6   Executable tests/infrastructure_visibility_http.rs (rust-controller/target/debug/deps/infrastructure_visibility_http-79949864dae062a4)
#9 421.6   Executable tests/native_contract.rs (rust-controller/target/debug/deps/native_contract-9e3c6284301fef72)
#9 421.6   Executable tests/network_deny.rs (rust-controller/target/debug/deps/network_deny-204fbaa42fb8d3fb)
#9 421.6   Executable tests/preflight.rs (rust-controller/target/debug/deps/preflight-8797e35a8e45362f)
#9 421.6   Executable tests/provisioning_config.rs (rust-controller/target/debug/deps/provisioning_config-30af1c404130d5b4)
#9 421.6   Executable tests/provisioning_evaluation.rs (rust-controller/target/debug/deps/provisioning_evaluation-0efc1f307cd4260f)
#9 421.6   Executable tests/provisioning_expectations.rs (rust-controller/target/debug/deps/provisioning_expectations-90c7a208b3f32198)
#9 421.6   Executable tests/provisioning_fake.rs (rust-controller/target/debug/deps/provisioning_fake-d82c0735fe363a62)
#9 421.6   Executable tests/provisioning_requests.rs (rust-controller/target/debug/deps/provisioning_requests-99420e591684bf5a)
#9 421.6   Executable tests/visibility.rs (rust-controller/target/debug/deps/visibility-3a59ed8e79dd8e7e)
#9 421.6   Executable tests/visibility_http.rs (rust-controller/target/debug/deps/visibility_http-791b7346dcf1dea4)
#9 421.6   Executable unittests src/lib.rs (rust-controller/target/debug/deps/scheduler-46842d7647407c35)
#9 421.6   Executable tests/postgres.rs (rust-controller/target/debug/deps/postgres-3fec882ba258390c)
#9 DONE 422.1s

#10 [ 7/12] RUN cargo test --offline --locked --manifest-path rust-controller/Cargo.toml -p pve-port && cargo test --offline --locked --manifest-path rust-controller/Cargo.toml -p operation-controller --test decision && cargo test --offline --locked --manifest-path rust-controller/Cargo.toml -p operation-controller --test postgres_native support:: -- --test-threads=1
#10 0.703    Compiling smallvec v1.15.2
#10 0.703    Compiling serde_core v1.0.229
#10 0.704    Compiling serde v1.0.229
#10 1.512    Compiling parking_lot_core v0.9.12
#10 1.645    Compiling getrandom v0.2.17
#10 2.467    Compiling parking_lot v0.12.5
#10 2.498    Compiling futures-task v0.3.33
#10 3.258    Compiling tokio v1.53.1
#10 3.579    Compiling slab v0.4.12
#10 4.264    Compiling futures-util v0.3.33
#10 5.017    Compiling ring v0.17.14
#10 6.223    Compiling icu_normalizer v2.3.0
#10 7.631    Compiling num-traits v0.2.19
#10 7.663    Compiling idna_adapter v1.2.2
#10 8.162    Compiling rustls-webpki v0.103.14
#10 8.231    Compiling futures-channel v0.3.33
#10 8.736    Compiling serde_json v1.0.151
#10 9.002    Compiling hyper v1.11.0
#10 9.355    Compiling rustls v0.23.43
#10 9.758    Compiling tracing v0.1.44
#10 10.85    Compiling idna v1.1.0
#10 11.16    Compiling memchr v2.8.3
#10 12.19    Compiling hyper-util v0.1.20
#10 12.48    Compiling tokio-rustls v0.26.4
#10 13.32    Compiling tower v0.5.3
#10 14.25    Compiling url v2.5.8
#10 14.44    Compiling digest v0.10.7
#10 15.14    Compiling uuid v1.26.0
#10 15.77    Compiling bitflags v2.13.1
#10 16.34    Compiling controller-domain v0.1.0 (/workspace/rust-controller/crates/controller-domain)
#10 16.58    Compiling chrono v0.4.45
#10 16.74    Compiling tower-http v0.6.11
#10 17.61    Compiling sha2 v0.10.9
#10 17.85    Compiling serde_urlencoded v0.7.1
#10 18.68    Compiling hyper-rustls v0.27.9
#10 18.70    Compiling event-journal v0.1.0 (/workspace/rust-controller/crates/event-journal)
#10 19.40    Compiling reqwest v0.12.28
#10 20.98    Compiling pve-port v0.1.0 (/workspace/rust-controller/crates/pve-port)
#10 45.65     Finished `test` profile [unoptimized + debuginfo] target(s) in 45.24s
#10 45.66      Running unittests src/lib.rs (rust-controller/target/debug/deps/pve_port-d1b92ee1217d95f3)
#10 45.67 
#10 45.67 running 25 tests
#10 45.70 test tests::clone_intent_rejects_a_upid_for_another_node ... ok
#10 45.70 test observer::boundary_tests::credential_denial_precedes_client_build_for_every_denied_mode ... ok
#10 45.70 test observer::boundary_tests::denied_production_target_never_reaches_client_builder ... ok
#10 45.79 test tests::contradictory_uuid_or_mac_is_never_identity_satisfied ... ok
#10 45.93 test tests::http_401_and_403_are_unauthorized_without_response_payloads ... ok
#10 45.93 test tests::http_404_and_409_remain_distinct_read_errors ... ok
#10 45.93 test tests::identifiers_and_base_urls_reject_unsafe_or_ambiguous_values ... ok
#10 45.94 test tests::combined_http_observation_evaluates_fresh_facts_after_collection ... ok
#10 45.94 test tests::late_upid_completion_is_a_new_fact_without_replaying_requests ... ok
#10 45.95 test tests::injected_evaluation_clock_runs_after_http_collection_and_rejects_old_or_future_facts ... ok
#10 45.95 test tests::not_found_and_conflict_are_unavailable_observations ... ok
#10 45.95 
#10 45.95 running 1 test
#10 46.21 test tests::observer_never_follows_a_redirect_hop ... ok
#10 46.21 test tests::old_observations_are_stale ... ok
#10 46.23 test tests::qga_ping_uses_the_typed_post_observation_endpoint ... ok
#10 46.23 test tests::redirect_to_production_is_rejected_without_a_production_attempt ... ok
#10 46.25 test tests::loopback_target_never_uses_proxy_environment ... ok
#10 46.25 
#10 46.25 test result: ok. 1 passed; 0 failed; 0 ignored; 0 measured; 24 filtered out; finished in 0.29s
#10 46.25 
#10 46.25 test tests::loopback_target_never_uses_proxy_environment ... ok
#10 46.26 test tests::sanitized_upid_fixture_decodes_as_completed_task ... ok
#10 46.26 test tests::sanitized_upid_fixture_decodes_as_failed_task ... ok
#10 46.26 test tests::stopped_failure_is_distinct_from_a_running_task ... ok
#10 46.27 test tests::task_status_rejects_route_node_mismatch_before_a_request ... ok
#10 46.27 test tests::timeout_is_timed_out_not_failed ... ok
#10 46.27 test tests::upid_requires_the_documented_proxmox_field_shape ... ok
#10 46.27 test tests::upid_success_is_not_vm_postcondition ... ok
#10 46.35 test tests::retryable_protocol_response_has_at_most_one_wire_attempt ... ok
#10 46.41 test tests::delayed_loopback_response_maps_to_timeout ... ok
#10 46.41 
#10 46.41 test result: ok. 25 passed; 0 failed; 0 ignored; 0 measured; 0 filtered out; finished in 0.74s
#10 46.41 
#10 46.41      Running tests/credentials.rs (rust-controller/target/debug/deps/credentials-9fee9f51a216fb4e)
#10 46.45 
#10 46.45 running 4 tests
#10 46.83 test redirect_cannot_forward_token_or_issue_second_request ... ok
#10 46.83 test token_is_sent_once_only_in_sensitive_authorization_header ... ok
#10 46.83 test default_observer_sends_no_authorization ... ok
#10 46.83 test token_validation_and_debug_never_echo_input ... ok
#10 46.83 
#10 46.83 test result: ok. 4 passed; 0 failed; 0 ignored; 0 measured; 0 filtered out; finished in 0.38s
#10 46.83 
#10 46.83      Running tests/durable_fixture_log.rs (rust-controller/target/debug/deps/durable_fixture_log-687de19c5640f707)
#10 46.84 
#10 46.84 running 13 tests
#10 47.05 test duplicate_attempt_cannot_accept_and_reordered_valid_frames_fail_recovery ... ok
#10 47.05 test acceptance_and_world_transition_recover_together_after_durable_attempt ... ok
#10 47.06 test durable_fixture_log::power_tests::atomic_start_admission_survives_replay_without_consuming_duplicate_authority ... ok
#10 47.07 test effect_lookup_rejects_invalid_identity_without_appending ... ok
#10 47.07 test durable_fixture_log::power_tests::power_replay_requires_exact_effect_and_fresh_observation ... ok
#10 47.08 test invalid_inputs_do_not_append_and_create_never_overwrites ... ok
#10 47.09 test rejects_trailing_garbage_oversized_lines_and_replayed_frames ... ok
#10 47.09 test durable_fixture_log::power_tests::stop_admission_requires_completed_start_and_preserves_clocks_on_replay ... ok
#10 47.10 test every_truncated_record_and_checksum_corruption_fail_closed ... ok
#10 47.10 test restart_preserves_every_duplicate_attempt_including_changed_digest ... ok
#10 47.10 test stage_identity_rejects_legacy_mixing_and_invalid_authority ... ok
#10 47.11 test stage_replay_rejects_canonical_but_rebound_effects_and_ambiguous_legacy ... ok
#10 47.13 test stage_keys_replay_exactly_and_bind_original_authority ... ok
#10 47.13 
#10 47.13 test result: ok. 13 passed; 0 failed; 0 ignored; 0 measured; 0 filtered out; finished in 0.29s
#10 47.13 
#10 47.13      Running tests/fixture_checkpoint.rs (rust-controller/target/debug/deps/fixture_checkpoint-40f23d8d7f0d2f23)
#10 47.15 
#10 47.15 running 0 tests
#10 47.15 
#10 47.15 test result: ok. 0 passed; 0 failed; 0 ignored; 0 measured; 0 filtered out; finished in 0.00s
#10 47.15 
#10 47.15      Running tests/fixture_clone_contract.rs (rust-controller/target/debug/deps/fixture_clone_contract-480975917a3058de)
#10 47.16 
#10 47.16 running 0 tests
#10 47.16 
#10 47.16 test result: ok. 0 passed; 0 failed; 0 ignored; 0 measured; 0 filtered out; finished in 0.00s
#10 47.16 
#10 47.16      Running tests/fixture_controller_admission.rs (rust-controller/target/debug/deps/fixture_controller_admission-f902367e81ece5fd)
#10 47.17 
#10 47.17 running 0 tests
#10 47.18 
#10 47.18 test result: ok. 0 passed; 0 failed; 0 ignored; 0 measured; 0 filtered out; finished in 0.00s
#10 47.18 
#10 47.18      Running tests/fixture_daemon.rs (rust-controller/target/debug/deps/fixture_daemon-750aba1be82d4225)
#10 47.19 
#10 47.19 running 13 tests
#10 47.22 test daemon_lifetime_keeps_a_sixty_second_hard_limit ... ok
#10 47.29 test durable_fixture_log::power_tests::atomic_start_admission_survives_replay_without_consuming_duplicate_authority ... ok
#10 47.29 test delayed_payload_is_read_within_the_frame_deadline ... ok
#10 47.30 test durable_fixture_log::power_tests::power_replay_requires_exact_effect_and_fresh_observation ... ok
#10 47.34 test durable_fixture_log::power_tests::stop_admission_requires_completed_start_and_preserves_clocks_on_replay ... ok
#10 47.35 test accepted_effect_lookup_binds_request_and_survives_restart ... ok
#10 47.35 test fixture_daemon::snapshot::tests::inventory_is_strict_and_bounded ... ok
#10 47.35 test fixture_daemon_child ... ignored, subprocess entry point only
#10 47.41 test endpoint_substitution_and_corrupt_restart_fail_closed ... ok
#10 47.44 test effects_commit_replay_and_reject_duplicates_over_ipc ... ok
#10 47.51 test killed_daemon_rebind_requires_supervisor_cleanup_and_preserves_ledger ... ok
#10 47.53 test separate_process_enforces_control_boundary_and_durable_duplicate_ledger ... ok
#10 47.59 test oversized_and_partial_requests_cannot_mutate_or_stall_daemon ... ok
#10 47.59 
#10 47.59 test result: ok. 12 passed; 0 failed; 1 ignored; 0 measured; 0 filtered out; finished in 0.40s
#10 47.59 
#10 47.59      Running tests/fixture_inventory_projection.rs (rust-controller/target/debug/deps/fixture_inventory_projection-c8d3ace9e80a4dd3)
#10 47.60 
#10 47.60 running 0 tests
#10 47.60 
#10 47.60 test result: ok. 0 passed; 0 failed; 0 ignored; 0 measured; 0 filtered out; finished in 0.00s
#10 47.60 
#10 47.61      Running tests/fixture_inventory_v2.rs (rust-controller/target/debug/deps/fixture_inventory_v2-13024e0bf47fec31)
#10 47.62 
#10 47.62 running 0 tests
#10 47.62 
#10 47.62 test result: ok. 0 passed; 0 failed; 0 ignored; 0 measured; 0 filtered out; finished in 0.00s
#10 47.62 
#10 47.62      Running tests/fixture_legacy_resize.rs (rust-controller/target/debug/deps/fixture_legacy_resize-fd071bb374a69df8)
#10 47.63 
#10 47.63 running 0 tests
#10 47.63 
#10 47.63 test result: ok. 0 passed; 0 failed; 0 ignored; 0 measured; 0 filtered out; finished in 0.00s
#10 47.64 
#10 47.64      Running tests/fixture_post_dispatch.rs (rust-controller/target/debug/deps/fixture_post_dispatch-377c61cb8bef3b51)
#10 47.65 
#10 47.65 running 0 tests
#10 47.65 
#10 47.65 test result: ok. 0 passed; 0 failed; 0 ignored; 0 measured; 0 filtered out; finished in 0.00s
#10 47.65 
#10 47.65      Running tests/fixture_provisioning_reads.rs (rust-controller/target/debug/deps/fixture_provisioning_reads-4424a9feadb6e55e)
#10 47.67 
#10 47.67 running 0 tests
#10 47.67 
#10 47.67 test result: ok. 0 passed; 0 failed; 0 ignored; 0 measured; 0 filtered out; finished in 0.00s
#10 47.67 
#10 47.67      Running tests/fixture_read_client.rs (rust-controller/target/debug/deps/fixture_read_client-d99406b0567ca48d)
#10 47.68 
#10 47.68 running 0 tests
#10 47.68 
#10 47.68 test result: ok. 0 passed; 0 failed; 0 ignored; 0 measured; 0 filtered out; finished in 0.00s
#10 47.68 
#10 47.69      Running tests/fixture_stage.rs (rust-controller/target/debug/deps/fixture_stage-0c13287b045827ea)
#10 47.70 
#10 47.70 running 0 tests
#10 47.70 
#10 47.70 test result: ok. 0 passed; 0 failed; 0 ignored; 0 measured; 0 filtered out; finished in 0.00s
#10 47.70 
#10 47.70      Running tests/fixture_stage_consumers.rs (rust-controller/target/debug/deps/fixture_stage_consumers-fe82e3f0fd8970a2)
#10 47.71 
#10 47.71 running 0 tests
#10 47.72 
#10 47.72 test result: ok. 0 passed; 0 failed; 0 ignored; 0 measured; 0 filtered out; finished in 0.00s
#10 47.72 
#10 47.72      Running tests/fixture_task.rs (rust-controller/target/debug/deps/fixture_task-bb1aa11940bfe18c)
#10 47.73 
#10 47.73 running 0 tests
#10 47.73 
#10 47.73 test result: ok. 0 passed; 0 failed; 0 ignored; 0 measured; 0 filtered out; finished in 0.00s
#10 47.73 
#10 47.73      Running tests/infrastructure_visibility.rs (rust-controller/target/debug/deps/infrastructure_visibility-269d34d9617edf56)
#10 47.74 
#10 47.74 running 26 tests
#10 47.75 test empty_network_remains_unverified ... ok
#10 47.76 test duplicate_identity_is_detected_before_metadata_rejection ... ok
#10 47.76 test duplicate_identity_invalidates_network_report ... ok
#10 47.76 test interface_activity_preserves_zero_one_and_missing ... ok
#10 47.76 test invalid_interface_identity_is_counted ... ok
#10 47.76 test invalid_activity_is_counted ... ok
#10 47.76 test invalid_or_mismatched_node_binding_invalidates_node_report ... ok
#10 47.76 test matching_network_node_binding_is_retained ... ok
#10 47.76 test invalid_or_crossnode_binding_invalidates_even_otherwise_malformed_rows ... ok
#10 47.76 test malformed_rows_are_counted_without_losing_valid_rows ... ok
#10 47.76 test matching_node_binding_is_retained ... ok
#10 47.76 test missing_or_nonstring_type_is_counted ... ok
#10 47.76 test missing_uptime_is_unknown ... ok
#10 47.76 test network_timestamp_is_preserved ... ok
#10 47.77 test network_row_limit_accepts_1024_and_rejects_1025 ... ok
#10 47.77 test node_timestamp_is_preserved ... ok
#10 47.77 test network_serialization_preserves_order_and_only_sanitized_fields ... ok
#10 47.77 test node_serialization_retains_only_sanitized_visibility ... ok
#10 47.77 test nonobject_node_data_is_invalid ... ok
#10 47.77 test opaque_interface_identity_accepts_exact_byte_and_character_boundaries ... ok
#10 47.77 test nonarray_network_data_is_invalid ... ok
#10 47.77 test present_invalid_uptime_invalidates_report ... ok
#10 47.77 test positive_and_maximum_uptime_are_retained ... ok
#10 47.77 test zero_uptime_is_visibility_not_online_authority ... ok
#10 47.77 test ovs_and_missing_activity_remain_visible ... ok
#10 47.77 test unknown_interface_types_remain_visible_without_raw_metadata ... ok
#10 47.77 
#10 47.77 test result: ok. 26 passed; 0 failed; 0 ignored; 0 measured; 0 filtered out; finished in 0.03s
#10 47.77 
#10 47.78      Running tests/infrastructure_visibility_http.rs (rust-controller/target/debug/deps/infrastructure_visibility_http-7764b080c6227c3e)
#10 47.79 
#10 47.79 running 22 tests
#10 48.02 test authenticated_network_preserves_ovs_missing_activity_and_rejected_rows ... ok
#10 48.03 test chunked_oversize_is_rejected ... ok
#10 48.04 test conflict_409_is_fixed_and_not_retried ... ok
#10 48.04 test authenticated_node_zero_uptime_is_one_timestamped_unverified_get ... ok
#10 48.05 test cross_node_network_row_rejects_report ... ok
#10 48.05 test declared_oversize_is_rejected_before_reading_body ... ok
#10 48.05 test duplicate_interface_after_rejected_metadata_rejects_report ... ok
#10 48.06 test eof_oversize_is_rejected ... ok
#10 48.07 test forbidden_403_is_fixed_and_not_retried ... ok
#10 48.07 test invalid_network_shape_is_rejected ... ok
#10 48.08 test exactly_one_mib_valid_bodies_are_accepted ... ok
#10 48.08 test invalid_node_data_is_rejected ... ok
#10 48.09 test missing_404_is_fixed_and_not_retried ... ok
#10 48.10 test network_1025_rows_is_rejected ... ok
#10 48.11 test malformed_envelopes_are_rejected ... ok
#10 48.12 test redirects_never_contact_target_or_forward_credentials ... ok
#10 48.12 
#10 48.12 running 1 test
#10 48.24 test authenticated_node_zero_uptime_is_one_timestamped_unverified_get ... ok
#10 48.24 
#10 48.24 test result: ok. 1 passed; 0 failed; 0 ignored; 0 measured; 21 filtered out; finished in 0.11s
#10 48.24 
#10 48.26 
#10 48.26 running 1 test
#10 48.32 test authenticated_network_preserves_ovs_missing_activity_and_rejected_rows ... ok
#10 48.32 
#10 48.32 test result: ok. 1 passed; 0 failed; 0 ignored; 0 measured; 21 filtered out; finished in 0.06s
#10 48.32 
#10 48.33 test proxy_environment_never_receives_node_or_network_requests ... ok
#10 48.34 test server_500_is_fixed_and_not_retried ... ok
#10 48.35 test unauthorized_401_is_fixed_and_not_retried ... ok
#10 52.13 test request_deadline_overrides_larger_client_timeout ... ok
#10 52.30 test cancelling_collection_closes_body_and_does_not_retry ... ok
#10 52.35 test whole_body_deadline_includes_time_already_spent_waiting_for_headers ... ok
#10 52.36 
#10 52.36 test result: ok. 22 passed; 0 failed; 0 ignored; 0 measured; 0 filtered out; finished in 4.57s
#10 52.36 
#10 52.36      Running tests/native_contract.rs (rust-controller/target/debug/deps/native_contract-52d95d338a1f9a56)
#10 52.39 
#10 52.39 running 16 tests
#10 52.55 test clone_outcomes_distinguish_rejection_loss_failure_and_delayed_application ... ok
#10 52.55 test changed_digest_alone_rejects_configure_without_refresh_or_resend ... ok
#10 52.55 test configure_and_start_outcomes_preserve_their_distinct_receipt_contracts ... ok
#10 52.56 test delayed_clone_cannot_overwrite_an_occupant_inserted_before_completion ... ok
#10 52.56 test fixed_requests_apply_identity_preserve_disk_and_provenance ... ok
#10 52.56 test every_mutable_plan_field_and_step_changes_canonical_digest ... ok
#10 52.56 test historical_binding_can_be_old_but_current_identity_and_final_fields_must_match ... ok
#10 52.56 test missing_or_mismatched_provenance_and_stale_or_wrong_identity_cannot_configure ... ok
#10 52.57 test immutable_plan_roundtrip_rejects_unknown_fields_and_invalid_values ... ok
#10 52.57 test request_markers_and_operation_ids_are_hashed_and_provenance_is_not_circular ... ok
#10 52.58 test retained_marker_does_not_hide_changed_intermediate_identity_or_disk ... ok
#10 52.58 test successful_clone_task_and_same_name_do_not_authorize_foreign_occupant ... ok
#10 52.59 test normal_infrastructure_reads_refresh_time_but_explicit_stale_config_does_not ... ok
#10 52.60 test typed_fake_reads_report_inventory_storage_power_and_no_guest_readiness ... ok
#10 52.60 test typed_fault_hooks_preserve_read_errors_and_gate_submission ... ok
#10 52.64 test http_observer_never_imports_fake_provenance_from_response ... ok
#10 52.64 
#10 52.64 test result: ok. 16 passed; 0 failed; 0 ignored; 0 measured; 0 filtered out; finished in 0.25s
#10 52.64 
#10 52.64      Running tests/network_deny.rs (rust-controller/target/debug/deps/network_deny-dbcb45e0b8dc0df8)
#10 52.66 
#10 52.66 running 6 tests
#10 52.69 test adapter_permission_cannot_authorize_a_non_loopback_target ... ok
#10 52.69 test every_non_loopback_target_is_denied_without_explicit_observe_permission ... ok
#10 52.69 test credentials_never_authorize_denied_targets_or_send_requests ... ok
#10 52.69 test production_address_is_rejected_before_http_client_construction ... ok
#10 52.69 test production_observe_requires_explicit_read_permission ... ok
#10 52.69 test normalized_literal_loopback_targets_remain_local_test_targets ... ok
#10 52.69 
#10 52.69 test result: ok. 6 passed; 0 failed; 0 ignored; 0 measured; 0 filtered out; finished in 0.04s
#10 52.70 
#10 52.70      Running tests/preflight.rs (rust-controller/target/debug/deps/preflight-2d2d4da2c1b3e165)
#10 52.71 
#10 52.71 running 15 tests
#10 52.75 test additional_nics_cannot_hide_malformed_identity_behind_unsupported_layout ... ok
#10 52.76 test every_snapshot_enforces_thirty_second_freshness_and_rejects_future_facts ... ok
#10 52.77 test inventory_rejects_duplicate_vmids_and_malformed_identity ... ok
#10 52.77 test lock_and_agent_state_are_preserved_and_normalized ... ok
#10 52.77 test native_config_rejects_missing_or_malformed_required_facts ... ok
#10 52.78 test node_storage_and_bridge_wire_validation_fails_closed ... ok
#10 52.78 test power_status_rejects_wrong_identity_and_unknown_states ... ok
#10 52.83 test sanitized_decoding_rejects_forged_or_malformed_fact_fields ... ok
#10 52.84 test sanitized_maps_reject_duplicate_identity_keys ... ok
#10 52.85 test sanitized_snapshots_round_trip_through_validated_deserialization ... ok
#10 53.04 test absence_does_not_accept_stale_or_future_inventory ... ok
#10 53.04 test all_preflight_routes_return_bound_typed_facts ... ok
#10 53.04 test unsupported_configuration_is_typed_and_never_copies_raw_text ... ok
#10 53.10 test target_absence_requires_inventory_exclusion_and_config_not_found ... ok
#10 53.29 test status_decode_and_timeout_failures_are_fixed_and_never_leak_body ... ok
#10 53.29 
#10 53.29 test result: ok. 15 passed; 0 failed; 0 ignored; 0 measured; 0 filtered out; finished in 0.58s
#10 53.29 
#10 53.30      Running tests/provisioning_config.rs (rust-controller/target/debug/deps/provisioning_config-75c0e0088cad60e3)
#10 53.32 
#10 53.32 running 20 tests
#10 53.35 test comma_syntax_duplicates_fail_before_unsupported_projection ... ok
#10 53.35 test capacity_is_exact_positive_checked_binary_bytes ... ok
#10 53.35 test explicit_core_fields_types_and_binding_cannot_be_defaulted ... ok
#10 53.38 test fake_provenance_object_shape_is_required_without_changing_legacy_type ... ok
#10 53.38 test fake_marker_requires_fake_source_valid_provenance_and_target_binding ... ok
#10 53.39 test media_inventory_binds_storage_unique_bounded_volids_and_explicit_coverage ... ok
#10 53.39 test media_discriminators_require_strings_standalone_and_in_snapshots ... ok
#10 53.40 test nested_before_state_still_rejects_object_source_discriminators ... ok
#10 53.40 test nested_persisted_fields_reject_duplicates_and_unknowns_without_payloads ... ok
#10 53.40 test old_native_parser_keeps_rejecting_rich_layout ... ok
#10 53.41 test persisted_facts_require_objects_even_when_an_array_has_valid_ordered_fields ... ok
#10 53.41 test persisted_sanitized_invariants_cannot_be_forged ... ok
#10 53.41 test rich_source_discriminator_requires_strings_from_str ... ok
#10 53.41 test persisted_config_exact_shape_rejects_missing_duplicate_and_unknown_fields ... ok
#10 53.41 test qga_is_a_bound_observation_and_auxiliary_persisted_shapes_validate ... ok
#10 53.41 test rich_source_discriminator_requires_strings_from_value ... ok
#10 53.42 test rich_template_and_destination_preserve_every_sanitized_field ... ok
#10 53.42 test standalone_classification_decoders_never_echo_untrusted_values ... ok
#10 53.42 test unsupported_values_are_fixed_payload_free_and_block_template_admission ... ok
#10 53.43 test template_semantic_hash_has_independent_golden_and_exact_field_binding ... ok
#10 53.43 
#10 53.43 test result: ok. 20 passed; 0 failed; 0 ignored; 0 measured; 0 filtered out; finished in 0.11s
#10 53.43 
#10 53.43      Running tests/provisioning_evaluation.rs (rust-controller/target/debug/deps/provisioning_evaluation-1556446355ca7d5e)
#10 53.44 
#10 53.44 running 25 tests
#10 53.81 test clone_outcome_source_change_and_request_provenance_are_conflicts ... ok
#10 53.82 test all_possible_send_states_never_return_ready ... ok
#10 53.86 test cancellation_ineligible_state_deadline_and_freshness_boundaries ... ok
#10 53.87 test complete_legacy_identity_projection_can_cover_shared_namespace ... ok
#10 53.92 test failed_clone_with_exact_unchanged_vacancy_is_failed ... ok
#10 53.94 test historical_owner_and_predecessor_cannot_cross_run_workflow_or_request ... ok
#10 54.00 test inventory_coverage_errors_collisions_and_legacy_projection_are_conservative ... ok
#10 54.02 test media_requires_both_exact_full_storage_catalogs ... ok
#10 54.07 test no_change_is_limited_to_capacity_and_stop_before_dispatch ... ok
#10 54.08 test outcome_cannot_use_stale_source_snapshot_in_inventory_comparison ... ok
#10 54.12 test receipt_collection_clock_and_absence_power_contradiction_are_checked ... ok
#10 54.14 test receipt_substitution_is_rejected_in_context_and_evidence ... ok
#10 54.19 test same_target_vmid_on_another_node_blocks_even_with_local_404 ... ok
#10 54.24 test seven_action_physical_chain_preserves_original_clone_proof ... ok
#10 54.24 test retained_capacity_including_nonintegral_bytes_continues_without_resize ... ok
#10 54.31 test snapshot_wrapper_and_collection_clocks_are_independent ... ok
#10 54.34 test supported_layout_lock_template_and_digest_changes_are_independent ... ok
#10 54.37 test evidence_persistence_is_required_nullable_and_route_validated ... ok
#10 54.38 test synchronous_lost_receipt_requires_exact_original_reconciliation ... ok
#10 54.41 test task_dispatch_without_receipt_stays_unknown_even_with_desired_world ... ok
#10 54.43 test task_snapshot_cannot_predate_receipt_acceptance ... ok
#10 54.45 test task_failure_and_running_do_not_mask_replaced_disks ... ok
#10 54.46 test task_success_does_not_replace_missing_physical_postconditions ... ok
#10 54.50 test wrong_identity_projection_duplicate_keys_and_incomplete_catalogs_are_rejected ... ok
#10 54.63 test unrelated_before_and_after_categories_cannot_be_hidden_by_task_success ... ok
#10 54.63 
#10 54.63 test result: ok. 25 passed; 0 failed; 0 ignored; 0 measured; 0 filtered out; finished in 1.18s
#10 54.63 
#10 54.63      Running tests/provisioning_expectations.rs (rust-controller/target/debug/deps/provisioning_expectations-3a6c125ca17e5719)
#10 54.64 
#10 54.64 running 7 tests
#10 54.65 test admits_explicit_capacity_and_normalizes_template_sha ... ok
#10 54.65 test enforces_approved_hash_serial_and_iso_token_rules ... ok
#10 54.67 test nested_vm_plan_must_keep_its_named_fields_in_new_contract ... ok
#10 54.67 test persisted_expectation_and_operation_shape_requires_an_object ... ok
#10 54.67 test rejects_invalid_growth_but_retains_exact_template_bytes ... ok
#10 54.68 test persisted_expectations_and_plans_cannot_bypass_admission ... ok
#10 54.68 test canonical_shape_roundtrips_and_all_inputs_bind_the_fingerprint ... ok
#10 54.68 
#10 54.68 test result: ok. 7 passed; 0 failed; 0 ignored; 0 measured; 0 filtered out; finished in 0.04s
#10 54.68 
#10 54.68      Running tests/provisioning_fake.rs (rust-controller/target/debug/deps/provisioning_fake-4449fb5f45b55eca)
#10 54.70 
#10 54.70 running 23 tests
#10 54.94 test clone_preserves_source_serials_resources_and_media_without_final_preconfiguration ... ok
#10 54.94 test accepted_task_can_physically_finish_after_strict_controller_deadline ... ok
#10 54.96 test delayed_clone_rejects_new_target_and_legacy_replacement_without_touching_occupants ... ok
#10 54.99 test clone_changes_the_shared_world_without_preconfiguring_final_identity ... ok
#10 55.20 test delayed_work_cannot_target_copied_replacement_or_independent_power_change ... ok
#10 55.20 test fixture_source_and_script_source_cannot_claim_live_pve ... ok
#10 55.24 test current_power_route_media_and_catalog_changes_are_rejected_at_admission ... ok
#10 55.24 test exact_before_state_rejects_tampering_even_when_digest_and_marker_are_copied ... ok
#10 55.26 test full_world_sequence_grows_80_to_120_and_preserves_power_only_fields ... ok
#10 55.29 test full_world_sequence_retains_exact_non_whole_gib_capacity ... ok
#10 55.29 test full_world_sequence_retains_160_for_requested_120 ... ok
#10 55.30 test legacy_fault_and_pause_controls_do_not_leak_into_provisioning ... ok
#10 55.32 test history_preserves_exact_ordered_forms_and_only_allowed_effects ... ok
#10 55.33 test mixed_family_inventory_downcasts_coverage_and_reserved_identity_collisions ... ok
#10 55.33 test missing_distinct_catalog_and_growth_delta_reject_without_world_change ... ok
#10 55.34 test independent_qga_survives_config_power_and_does_not_invalidate_delayed_growth ... ok
#10 55.35 test pending_resources_overlap_across_families_and_completions_keep_separate_queues ... ok
#10 55.35 test provisioning_pause_rechecks_world_and_records_only_resumed_admission ... ok
#10 55.36 test scripted_errors_and_pauses_are_independent_observations ... ok
#10 55.36 test scripts_preserve_routes_timestamps_and_unsupported_facts_without_world_effects ... ok
#10 55.37 test selector_priority_fifo_duplicate_and_failed_admission_do_not_consume_faults ... ok
#10 55.44 test pe_and_disk_faults_are_independent_despite_identical_start_forms ... ok
#10 56.35 test outcome_matrix_records_attempts_acceptance_and_actual_effects ... ok
#10 56.35 
#10 56.35 test result: ok. 23 passed; 0 failed; 0 ignored; 0 measured; 0 filtered out; finished in 1.65s
#10 56.35 
#10 56.35      Running tests/provisioning_requests.rs (rust-controller/target/debug/deps/provisioning_requests-b2a2eeec9b293255)
#10 56.37 
#10 56.37 running 12 tests
#10 56.46 test binding_rejects_invalid_full_workflow_hash ... ok
#10 56.47 test bindings_compare_attempt_identity_but_not_collection_fence ... ok
#10 56.75 test complete_request_json_and_digest_golden ... ok
#10 56.76 test constructor_serial_compatibility_is_checked_for_every_family ... ok
#10 56.83 test every_action_admits_twenty_and_rejects_twenty_one_byte_desired_serials ... ok
#10 56.90 test dispatch_and_receipt_reconstruction_enforce_full_request_and_provenance ... ok
#10 56.90 test every_closed_variant_has_a_pinned_complete_digest ... ok
#10 56.98 test every_request_hash_binds_clock_digest_operation_attempt_workflow_and_fence ... ok
#10 57.04 test persisted_owned_reference_tampering_never_recreates_historical_authority ... ok
#10 57.05 test persisted_requests_reject_missing_unknown_duplicate_and_object_discriminators ... ok
#10 57.06 test receipt_workers_nodes_and_vmids_are_closed ... ok
#10 57.13 test requests_pin_exact_forms_routes_and_distinct_start_digests ... ok
#10 57.13 
#10 57.13 test result: ok. 12 passed; 0 failed; 0 ignored; 0 measured; 0 filtered out; finished in 0.76s
#10 57.13 
#10 57.13      Running tests/visibility.rs (rust-controller/target/debug/deps/visibility-0b6f9d13f038fb7e)
#10 57.15 
#10 57.15 running 17 tests
#10 57.16 test empty_inventory_never_claims_verified_coverage ... ok
#10 57.17 test invalid_nodes_are_rejected_and_counted ... ok
#10 57.17 test duplicate_valid_vmid_rejects_response_across_nodes_and_kinds ... ok
#10 57.17 test duplicate_identity_is_detected_even_when_metadata_is_rejected ... ok
#10 57.17 test invalid_optional_template_is_rejected_and_counted ... ok
#10 57.17 test missing_identity_and_non_object_rows_are_rejected_and_counted ... ok
#10 57.17 test invalid_vmids_are_rejected_and_counted ... ok
#10 57.17 test missing_or_non_string_kind_is_rejected_without_defaulting_to_qemu ... ok
#10 57.17 test missing_status_is_unknown ... ok
#10 57.17 test present_non_string_status_is_rejected_and_counted ... ok
#10 57.17 test non_array_response_is_rejected ... ok
#10 57.17 test mixed_inventory_preserves_lxc_and_unknown_metadata ... ok
#10 57.17 test stopped_and_template_one_remain_explicit ... ok
#10 57.18 test unknown_kind_is_preserved_without_retaining_raw_type ... ok
#10 57.18 test sanitization_preserves_wire_order_timestamp_and_rejection_count ... ok
#10 57.18 test unknown_status_is_unknown_without_retaining_raw_status ... ok
#10 57.18 test row_limit_accepts_1024_and_rejects_1025_before_row_validation ... ok
#10 57.18 
#10 57.18 test result: ok. 17 passed; 0 failed; 0 ignored; 0 measured; 0 filtered out; finished in 0.04s
#10 57.19 
#10 57.19      Running tests/visibility_http.rs (rust-controller/target/debug/deps/visibility_http-b87ff9742f336c6b)
#10 57.20 
#10 57.20 running 11 tests
#10 57.55 test body_byte_limit_is_enforced_for_declared_chunked_and_eof_streams ... ok
#10 57.56 test authenticated_inventory_is_exactly_one_get_and_timestamped_after_collection ... ok
#10 57.57 test exactly_one_mib_body_is_accepted ... ok
#10 57.57 test http_failures_are_fixed_categories_without_retry ... ok
#10 57.60 test invalid_envelopes_data_and_row_limit_are_rejected ... ok
#10 57.61 test redirect_target_receives_no_request ... ok
#10 57.61 test rejected_rows_remain_successful_non_authoritative_visibility ... ok
#10 57.62 
#10 57.62 running 1 test
#10 57.73 test authenticated_inventory_is_exactly_one_get_and_timestamped_after_collection ... ok
#10 57.73 
#10 57.73 test result: ok. 1 passed; 0 failed; 0 ignored; 0 measured; 10 filtered out; finished in 0.11s
#10 57.73 
#10 57.74 test proxy_environment_canary_receives_no_request ... ok
#10 59.62 test request_deadline_also_bounds_an_unfinished_streaming_body ... ok
#10 59.62 test dropped_collection_does_not_start_another_request ... ok
#10 59.75 test request_times_out_after_two_seconds_without_retry ... ok
#10 59.75 
#10 59.75 test result: ok. 11 passed; 0 failed; 0 ignored; 0 measured; 0 filtered out; finished in 2.54s
#10 59.75 
#10 59.75    Doc-tests pve_port
#10 60.35 
#10 60.35 running 18 tests
#10 60.62 test crates/pve-port/src/infrastructure_visibility.rs - infrastructure_visibility::NodeVisibility (line 45) - compile fail ... ok
#10 60.68 test crates/pve-port/src/infrastructure_visibility.rs - infrastructure_visibility::PveInfrastructureVisibilityReadPort (line 251) - compile fail ... ok
#10 60.68 test crates/pve-port/src/infrastructure_visibility.rs - infrastructure_visibility::PveInfrastructureVisibilityReadPort (line 244) - compile fail ... ok
#10 60.94 test crates/pve-port/src/infrastructure_visibility.rs - infrastructure_visibility::PveInfrastructureVisibilityReadPort (line 258) - compile fail ... ok
#10 60.98 test crates/pve-port/src/native.rs - native::PveMutationPort (line 450) - compile fail ... ok
#10 60.99 test crates/pve-port/src/native.rs - native::PveMutationPort (line 444) - compile fail ... ok
#10 61.24 test crates/pve-port/src/native.rs - native::PveMutationPort (line 456) - compile fail ... ok
#10 61.30 test crates/pve-port/src/observer.rs - observer::ReqwestPveObserver (line 165) - compile fail ... ok
#10 61.44 test crates/pve-port/src/native.rs - native::PveMutationPort (line 462) - compile fail ... ok
#10 61.57 test crates/pve-port/src/observer.rs - observer::ReqwestPveObserver (line 171) - compile fail ... ok
#10 61.61 test crates/pve-port/src/observer.rs - observer::ReqwestPveObserver (line 177) - compile fail ... ok
#10 61.75 test crates/pve-port/src/observer.rs - observer::ReqwestPveObserver (line 183) - compile fail ... ok
#10 61.85 test crates/pve-port/src/provisioning.rs - provisioning::ProvisioningFakePort (line 23) - compile fail ... ok
#10 61.87 test crates/pve-port/src/provisioning.rs - provisioning::ProvisioningFakePort (line 16) - compile fail ... ok
#10 62.02 test crates/pve-port/src/provisioning/evaluation/context.rs - provisioning::evaluation::context::ProvisioningCloneOwnershipV1 (line 102) - compile fail ... ok
#10 62.13 test crates/pve-port/src/provisioning/evaluation/context.rs - provisioning::evaluation::context::ProvisioningStageBaselineV1 (line 180) - compile fail ... ok
#10 62.13 test crates/pve-port/src/provisioning/evidence.rs - provisioning::evidence::ProvisioningEvidenceV1 (line 233) - compile fail ... ok
#10 62.27 test crates/pve-port/src/provisioning/requests.rs - provisioning::requests::ProvisioningBeforeStateV1 (line 10) - compile fail ... ok
#10 62.27 
#10 62.27 test result: ok. 18 passed; 0 failed; 0 ignored; 0 measured; 0 filtered out; finished in 1.92s
#10 62.27 
#10 62.68    Compiling serde_core v1.0.229
#10 65.22    Compiling serde v1.0.229
#10 65.22    Compiling uuid v1.26.0
#10 65.48    Compiling serde_json v1.0.151
#10 66.34    Compiling smallvec v1.15.2
#10 66.41    Compiling chrono v0.4.45
#10 67.14    Compiling parking_lot_core v0.9.12
#10 67.16    Compiling icu_normalizer v2.3.0
#10 68.04    Compiling parking_lot v0.12.5
#10 68.31    Compiling idna_adapter v1.2.2
#10 68.42    Compiling controller-domain v0.1.0 (/workspace/rust-controller/crates/controller-domain)
#10 68.86    Compiling tokio v1.53.1
#10 69.11    Compiling idna v1.1.0
#10 69.75    Compiling event-journal v0.1.0 (/workspace/rust-controller/crates/event-journal)
#10 70.46    Compiling url v2.5.8
#10 71.15    Compiling futures-intrusive v0.5.0
#10 72.08    Compiling serde_urlencoded v0.7.1
#10 72.38    Compiling either v1.18.0
#10 73.05    Compiling hyper v1.11.0
#10 73.34    Compiling tokio-rustls v0.26.4
#10 74.20    Compiling tower v0.5.3
#10 75.03    Compiling hyper-util v0.1.20
#10 75.25    Compiling tokio-stream v0.1.18
#10 75.52    Compiling tower-http v0.6.11
#10 76.45    Compiling sqlx-core v0.8.6
#10 76.68    Compiling artifact-index v0.1.0 (/workspace/rust-controller/crates/artifact-index)
#10 77.53    Compiling hyper-rustls v0.27.9
#10 78.32    Compiling reqwest v0.12.28
#10 79.19    Compiling sqlx-postgres v0.8.6
#10 80.18    Compiling pve-port v0.1.0 (/workspace/rust-controller/crates/pve-port)
#10 83.00    Compiling sqlx v0.8.6
#10 85.44    Compiling osdeploy-adapter v0.1.0 (/workspace/rust-controller/crates/osdeploy-adapter)
#10 87.04    Compiling postgres-store v0.1.0 (/workspace/rust-controller/crates/postgres-store)
#10 91.49    Compiling scheduler v0.1.0 (/workspace/rust-controller/crates/scheduler)
#10 91.69    Compiling operation-controller v0.1.0 (/workspace/rust-controller/crates/operation-controller)
#10 95.36     Finished `test` profile [unoptimized + debuginfo] target(s) in 32.98s
#10 95.37      Running tests/decision.rs (rust-controller/target/debug/deps/decision-dd0e7b4b0515ca39)
#10 95.39 
#10 95.39 running 24 tests
#10 95.50 test all_execution_states_guard_preflight_and_unknown_requires_narrow_mode ... ok
#10 95.51 test coherent_receipt_and_task_substitution_cannot_replace_persisted_upid ... ok
#10 95.51 test additional_matrix_rows ... ok
#10 95.51 test configure_response_loss_can_reconcile_only_from_owned_exact_postconditions ... ok
#10 95.52 test deadline_or_transport_loss_require_reconciliation_to_settle ... ok
#10 95.54 test decision_matrix ... ok
#10 95.56 test changed_attempt_or_digest_never_authorizes ... ok
#10 95.56 test duplicate_boot_volume_cannot_establish_unique_clone_ownership ... ok
#10 95.57 test every_desired_field_is_required_for_configure_and_start_satisfaction ... ok
#10 95.57 test freshness_rejects_future_and_accepts_exact_boundary ... ok
#10 95.58 test independent_fresh_reads_can_agree_without_identical_timestamps ... ok
#10 95.58 test outcome_observations_must_postdate_dispatch_including_absence_and_power ... ok
#10 95.60 test ownership_reload_requires_full_historical_success_and_coverage ... ok
#10 95.60 test ownership_roundtrip_preserves_dispatch_before_intervening_observations ... ok
#10 95.60 test provenance_conflict_precedes_running_task_and_cancellation ... ok
#10 95.60 test receipt_requires_persisted_dispatch_and_preflight_cannot_ignore_it ... ok
#10 95.60 test receipt_survives_later_evidence_fences_but_evidence_context_does_not ... ok
#10 95.60 test running_clone_cannot_treat_unowned_occupant_as_pending_owned_work ... ok
#10 95.62 test different_vm_desired_uuid_or_mac_collision_never_authorizes ... ok
#10 95.62 test successful_proof_cannot_use_target_snapshot_from_before_dispatch ... ok
#10 95.62 test unauthorized_required_read_precedes_missing_observation ... ok
#10 95.63 test validated_roundtrip_rejects_cross_binding_and_fake_source_relabeling ... ok
#10 95.67 test stale_inventory_never_authorizes ... ok
#10 95.76 test contradictory_target_identity_never_authorizes ... ok
#10 95.76 
#10 95.76 test result: ok. 24 passed; 0 failed; 0 ignored; 0 measured; 0 filtered out; finished in 0.37s
#10 95.76 
#10 96.18    Compiling operation-controller v0.1.0 (/workspace/rust-controller/crates/operation-controller)
#10 101.3     Finished `test` profile [unoptimized + debuginfo] target(s) in 5.45s
#10 101.4      Running tests/postgres_native.rs (rust-controller/target/debug/deps/postgres_native-7665e2ecbe4e66fd)
#10 101.4 
#10 101.4 running 44 tests
#10 101.4 test support::local_postgres::cleanup_tests::cancellation_before_create_receipt_recovers_owned_container ... ok
#10 101.5 test support::local_postgres::cleanup_tests::cancellation_runs_finite_drop_cleanup_and_reaps_hung_inspector ... ok
#10 107.3 test support::local_postgres::cleanup_tests::explicit_cleanup_and_drop_attempt_owned_removal_only_once ... ok
#10 107.4 test support::local_postgres::cleanup_tests::lost_create_response_recovers_only_verified_owned_id ... ok
#10 107.5 test support::local_postgres::cleanup_tests::storage_refusal_preserves_one_shot_container_only_cleanup ... ok
#10 107.6 test support::local_postgres::cleanup_tests::wrong_ownership_or_ambiguous_absence_never_removes_a_target ... ok
#10 107.8 test support::local_postgres::docker_storage_probe::tests::capacity_requires_actual_fixed_tmpfs_and_reserve ... ok
#10 107.8 test support::local_postgres::docker_storage_probe::tests::event_cutoff_preserves_subsecond_query_boundary ... ok
#10 107.8 test support::local_postgres::docker_storage_probe::tests::memory_requires_numeric_complete_non_oom_counters ... ok
#10 107.8 test support::local_postgres::docker_storage_probe::tests::retained_events_require_a_bracket_without_attributed_mounts ... ok
#10 107.8 test support::local_postgres::linux_postgres::owned_linux_tests::owned_linux_active_create_lock_refuses_even_absent_name ... ignored, requires the owned Linux fixture namespace
#10 107.8 test support::local_postgres::linux_postgres::owned_linux_tests::owned_linux_cancel_before_create_reaps_and_confirms_absence ... ignored, requires the owned Linux fixture namespace
#10 107.8 test support::local_postgres::linux_postgres::owned_linux_tests::owned_linux_cancel_unmarked_create_retains_unconfirmed_database ... ignored, requires the owned Linux fixture namespace
#10 107.8 test support::local_postgres::linux_postgres::owned_linux_tests::owned_linux_create_identity_independent_pools_and_open_pool_cleanup ... ignored, requires the owned Linux fixture namespace
#10 107.8 test support::local_postgres::linux_postgres::owned_linux_tests::owned_linux_foreign_marker_retains_database ... ignored, requires the owned Linux fixture namespace
#10 107.8 test support::local_postgres::linux_postgres::owned_linux_tests::owned_linux_foreign_receipt_and_namespace_refuse_mutation ... ignored, requires the owned Linux fixture namespace
#10 107.8 test support::local_postgres::linux_postgres::owned_linux_tests::owned_linux_lost_stamped_response_recovers_only_full_marker ... ignored, requires the owned Linux fixture namespace
#10 107.8 test support::local_postgres::linux_postgres::owned_linux_tests::owned_linux_matching_marker_wrong_oid_retains_database ... ignored, requires the owned Linux fixture namespace
#10 107.8 test support::local_postgres::linux_postgres::owned_linux_tests::owned_linux_setup_cancellation_drops_child_before_one_shot_guard_cleanup ... ignored, requires the owned Linux fixture namespace
#10 107.8 test support::local_postgres::linux_postgres::tests::cleanup_requires_exact_confirmed_absence_record ... ok
#10 107.8 test support::local_postgres::linux_postgres::tests::create_response_only_confirms_exact_identity_and_positive_oid ... ok
#10 107.8 test support::local_postgres::linux_postgres::tests::database_identity_is_generated_and_bounded ... ok
#10 107.8 test support::local_postgres::linux_postgres::tests::mode_is_explicit_and_platform_scoped ... ok
#10 107.8 test support::local_postgres::linux_postgres::tests::overrides_and_noncanonical_mode_never_select_a_backend ... ok
#10 107.8 test support::local_postgres::linux_postgres::tests::receipt_is_exact_canonical_and_duplicate_free ... ok
#10 107.8 test support::local_postgres::linux_postgres::tests::receipt_rejects_each_schema_type_identity_and_encoding_violation ... ok
#10 107.8 test support::local_postgres::process::tests::cancelled_readiness_and_caller_panic_join_and_reap_fault_supervisor ... ok
#10 107.9 test support::local_postgres::process::tests::child_hang_obeys_timeout_and_is_reaped ... ok
#10 108.0 test support::local_postgres::process::tests::cleanup_child_hang_shares_one_budget_with_reaping ... ok
#10 108.1 test support::local_postgres::process::tests::delayed_fault_startup_does_not_reset_original_deadline ... ok
#10 109.2 test support::local_postgres::process::tests::direct_drop_terminates_and_reaps_child ... ok
#10 109.2 test support::local_postgres::process::tests::expired_reap_deadline_polls_once_without_reset_or_false_success ... ok
#10 109.2 test support::local_postgres::process::tests::fault_output_overflow_after_readiness_reaps_before_owner_drop ... ok
#10 109.7 test support::local_postgres::process::tests::fault_supervision_progresses_during_synchronous_cleanup ... ok
#10 110.4 test support::local_postgres::process::tests::interpreter_startup_exhaustion_reaps_before_readiness_or_owner_drop ... ok
#10 110.9 test support::local_postgres::process::tests::linux_invocation_rejects_timeout_widening_and_invalid_protocol_without_admission ... ok
#10 111.2 test support::local_postgres::process::tests::output_is_size_bounded_and_overflow_reaps_child ... ok
#10 111.2 test support::local_postgres::process::tests::owned_log_capture_combines_streams_and_bounds_overflow_and_cancellation ... ok
#10 111.5 test support::local_postgres::process::tests::retained_ready_fault_is_reaped_before_owner_drop ... ok
#10 112.1 test support::local_postgres::process::tests::stalled_setup_child_obeys_current_thread_timeout ... ok
#10 112.2 test support::local_postgres::storage_tests::actual_launch_selects_fixed_bounded_pgdata_tmpfs ... ok
#10 112.2 test support::local_postgres::storage_tests::both_bounded_tmpfs_representations_are_admitted ... ok
#10 112.2 test support::local_postgres::storage_tests::ownership_valid_persistent_pgdata_is_refused ... ok
#10 112.2 test support::local_postgres::storage_tests::storage_projection_rejects_each_wrong_field_and_failed_output ... ok
#10 112.2 
#10 112.2 test result: ok. 35 passed; 0 failed; 9 ignored; 0 measured; 25 filtered out; finished in 10.84s
#10 112.2 
#10 DONE 112.7s

#11 [ 8/12] RUN cargo test --offline --locked --manifest-path rust-controller/Cargo.toml -p artifact-index
#11 0.499    Compiling syn v3.0.4
#11 0.499    Compiling libc v0.2.189
#11 2.493    Compiling getrandom v0.4.3
#11 2.762    Compiling serde_derive v1.0.229
#11 2.762    Compiling thiserror-impl v2.0.20
#11 3.344    Compiling uuid v1.26.0
#11 4.316    Compiling thiserror v2.0.20
#11 4.936    Compiling serde v1.0.229
#11 5.801    Compiling controller-domain v0.1.0 (/workspace/rust-controller/crates/controller-domain)
#11 5.801    Compiling chrono v0.4.45
#11 7.183    Compiling event-journal v0.1.0 (/workspace/rust-controller/crates/event-journal)
#11 8.000    Compiling artifact-index v0.1.0 (/workspace/rust-controller/crates/artifact-index)
#11 10.43     Finished `test` profile [unoptimized + debuginfo] target(s) in 10.16s
#11 10.44      Running unittests src/lib.rs (rust-controller/target/debug/deps/artifact_index-4a5605eb53d375fe)
#11 10.45 
#11 10.45 running 0 tests
#11 10.45 
#11 10.45 test result: ok. 0 passed; 0 failed; 0 ignored; 0 measured; 0 filtered out; finished in 0.00s
#11 10.45 
#11 10.45      Running tests/bytes.rs (rust-controller/target/debug/deps/bytes-5971392951f27f02)
#11 10.46 
#11 10.46 running 7 tests
#11 10.49 test empty_iso_fails_even_when_its_declared_digest_matches ... ok
#11 10.49 test iso_mismatch_is_rejected_independently ... ok
#11 10.49 test empty_wim_fails_even_when_its_declared_digest_matches ... ok
#11 10.49 test swapped_distinct_inputs_are_rejected ... ok
#11 10.49 test wim_mismatch_is_rejected_independently ... ok
#11 10.49 test matching_same_content_for_another_descriptor_changes_the_report_binding ... ok
#11 10.49 test matching_bytes_report_only_bound_fingerprint_lengths_and_limited_evidence ... ok
#11 10.49 
#11 10.49 test result: ok. 7 passed; 0 failed; 0 ignored; 0 measured; 0 filtered out; finished in 0.03s
#11 10.49 
#11 10.50      Running tests/descriptor.rs (rust-controller/target/debug/deps/descriptor-5000e4c6ca2e9ac8)
#11 10.51 
#11 10.51 running 11 tests
#11 10.52 test build_label_accepts_only_fourteen_ascii_digits_without_calendar_authority ... ok
#11 10.52 test architecture_accepts_only_literal_amd64 ... ok
#11 10.52 test all_error_variants_have_fixed_payload_free_messages ... ok
#11 10.54 test hashes_normalize_all_hex_letters_and_digits_without_changing_fingerprint ... ok
#11 10.54 test descriptor_serialization_pins_the_complete_declared_only_contract ... ok
#11 10.55 test hashes_reject_non_ascii_nonhex_and_wrong_lengths_independently ... ok
#11 10.55 test missing_output_falls_back_to_source_with_distinct_provenance ... ok
#11 10.55 test nil_uuid_is_rejected_but_non_version_seven_opaque_ids_are_accepted ... ok
#11 10.55 test every_variable_descriptor_field_is_bound_into_the_fingerprint ... ok
#11 10.55 test indices_reject_zero_and_preserve_positive_u32_bounds ... ok
#11 10.55 test valid_fixture_preserves_declared_identity_and_prefers_output_index ... ok
#11 10.55 
#11 10.55 test result: ok. 11 passed; 0 failed; 0 ignored; 0 measured; 0 filtered out; finished in 0.04s
#11 10.55 
#11 10.55      Running tests/export_gate.rs (rust-controller/target/debug/deps/export_gate-c1ded785a09bf811)
#11 10.56 
#11 10.56 running 1 test
#11 10.57 test immutable_exports_and_rollback_window_never_authorize_cutover ... ok
#11 10.57 
#11 10.57 test result: ok. 1 passed; 0 failed; 0 ignored; 0 measured; 0 filtered out; finished in 0.01s
#11 10.57 
#11 10.57    Doc-tests artifact_index
#11 10.82 
#11 10.82 running 3 tests
#11 11.06 test crates/artifact-index/src/bytes.rs - bytes::SuppliedByteMatch (line 19) - compile fail ... ok
#11 11.06 test crates/artifact-index/src/descriptor.rs - descriptor::DeclaredArtifact (line 30) - compile fail ... ok
#11 11.07 test crates/artifact-index/src/bytes.rs - bytes::SuppliedByteMatch (line 13) - compile fail ... ok
#11 11.07 
#11 11.07 test result: ok. 3 passed; 0 failed; 0 ignored; 0 measured; 0 filtered out; finished in 0.25s
#11 11.07 
#11 DONE 11.2s

#12 [ 9/12] RUN cargo test --offline --locked --manifest-path rust-controller/Cargo.toml -p pve-port --features fixture-ipc -- --test-threads=1
#12 0.485    Compiling pve-port v0.1.0 (/workspace/rust-controller/crates/pve-port)
#12 35.77     Finished `test` profile [unoptimized + debuginfo] target(s) in 35.54s
#12 35.78      Running unittests src/lib.rs (rust-controller/target/debug/deps/pve_port-de29167a4238efbd)
#12 35.79 
#12 35.79 running 39 tests
#12 35.79 test fixture_support::clone_reads::tests::legacy_inventory_does_not_relabel_opaque_configuration_digests ... ok
#12 35.81 test fixture_support::clone_reads::tests::preserves_observation_times_errors_and_identity ... ok
#12 35.81 test fixture_support::clone_reads::tests::rejects_unknown_fields_zero_time_duplicates_and_caps ... ok
#12 35.81 test fixture_support::durable_fixture_log::power_tests::atomic_start_admission_survives_replay_without_consuming_duplicate_authority ... ok
#12 35.99 test fixture_support::durable_fixture_log::power_tests::power_replay_requires_exact_effect_and_fresh_observation ... ok
#12 36.00 test fixture_support::durable_fixture_log::power_tests::stop_admission_requires_completed_start_and_preserves_clocks_on_replay ... ok
#12 36.01 test fixture_support::fixture_daemon::snapshot::tests::inventory_is_strict_and_bounded ... ok
#12 36.01 test fixture_support::inventory_read::tests::projection_preserves_seed_time_and_refuses_to_invent_power ... ok
#12 36.02 test fixture_support::post_dispatch_publication::power_refresh_tests::current_power_consumer_refuses_without_independent_source ... ok
#12 36.02 test fixture_support::post_dispatch_publication::power_refresh_tests::worker_cannot_publish_running_power ... ok
#12 36.02 test fixture_support::provisioning_port::tests::capability_is_sealed_and_unsupported_reads_are_unavailable ... ok
#12 36.03 test fixture_support::provisioning_port::tests::observations_keep_time_and_error_classes ... ok
#12 36.03 test fixture_support::provisioning_reads::tests::errors_remain_explicit_and_identity_and_unknown_fields_fail_closed ... ok
#12 36.03 test fixture_support::stage_effect::tests::legacy_clone_authorizes_only_exact_new_resize_without_reassignment ... ok
#12 36.13 test observer::boundary_tests::credential_denial_precedes_client_build_for_every_denied_mode ... ok
#12 36.13 test observer::boundary_tests::denied_production_target_never_reaches_client_builder ... ok
#12 36.13 test tests::clone_intent_rejects_a_upid_for_another_node ... ok
#12 36.13 test tests::combined_http_observation_evaluates_fresh_facts_after_collection ... ok
#12 36.20 test tests::contradictory_uuid_or_mac_is_never_identity_satisfied ... ok
#12 36.20 test tests::delayed_loopback_response_maps_to_timeout ... ok
#12 36.71 test tests::http_401_and_403_are_unauthorized_without_response_payloads ... ok
#12 36.72 test tests::http_404_and_409_remain_distinct_read_errors ... ok
#12 36.73 test tests::identifiers_and_base_urls_reject_unsafe_or_ambiguous_values ... ok
#12 36.74 test tests::injected_evaluation_clock_runs_after_http_collection_and_rejects_old_or_future_facts ... ok
#12 36.77 test tests::late_upid_completion_is_a_new_fact_without_replaying_requests ... ok
#12 36.77 test tests::loopback_target_never_uses_proxy_environment ... 
#12 36.80 running 1 test
#12 37.10 test tests::loopback_target_never_uses_proxy_environment ... ok
#12 37.10 
#12 37.10 test result: ok. 1 passed; 0 failed; 0 ignored; 0 measured; 38 filtered out; finished in 0.30s
#12 37.10 
#12 37.11 ok
#12 37.11 test tests::not_found_and_conflict_are_unavailable_observations ... ok
#12 37.11 test tests::observer_never_follows_a_redirect_hop ... ok
#12 37.37 test tests::old_observations_are_stale ... ok
#12 37.37 test tests::qga_ping_uses_the_typed_post_observation_endpoint ... ok
#12 37.38 test tests::redirect_to_production_is_rejected_without_a_production_attempt ... ok
#12 37.39 test tests::retryable_protocol_response_has_at_most_one_wire_attempt ... ok
#12 37.50 test tests::sanitized_upid_fixture_decodes_as_completed_task ... ok
#12 37.51 test tests::sanitized_upid_fixture_decodes_as_failed_task ... ok
#12 37.52 test tests::stopped_failure_is_distinct_from_a_running_task ... ok
#12 37.52 test tests::task_status_rejects_route_node_mismatch_before_a_request ... ok
#12 37.52 test tests::timeout_is_timed_out_not_failed ... ok
#12 37.52 test tests::upid_requires_the_documented_proxmox_field_shape ... ok
#12 37.52 test tests::upid_success_is_not_vm_postcondition ... ok
#12 37.53 
#12 37.53 test result: ok. 39 passed; 0 failed; 0 ignored; 0 measured; 0 filtered out; finished in 1.74s
#12 37.53 
#12 37.53      Running tests/credentials.rs (rust-controller/target/debug/deps/credentials-676816cb1741045a)
#12 37.56 
#12 37.56 running 4 tests
#12 37.56 test default_observer_sends_no_authorization ... ok
#12 37.63 test redirect_cannot_forward_token_or_issue_second_request ... ok
#12 37.63 test token_is_sent_once_only_in_sensitive_authorization_header ... ok
#12 37.64 test token_validation_and_debug_never_echo_input ... ok
#12 37.64 
#12 37.64 test result: ok. 4 passed; 0 failed; 0 ignored; 0 measured; 0 filtered out; finished in 0.08s
#12 37.64 
#12 37.64      Running tests/durable_fixture_log.rs (rust-controller/target/debug/deps/durable_fixture_log-1cd00195465159ea)
#12 37.65 
#12 37.65 running 13 tests
#12 37.65 test acceptance_and_world_transition_recover_together_after_durable_attempt ... ok
#12 37.68 test duplicate_attempt_cannot_accept_and_reordered_valid_frames_fail_recovery ... ok
#12 37.68 test durable_fixture_log::power_tests::atomic_start_admission_survives_replay_without_consuming_duplicate_authority ... ok
#12 37.70 test durable_fixture_log::power_tests::power_replay_requires_exact_effect_and_fresh_observation ... ok
#12 37.71 test durable_fixture_log::power_tests::stop_admission_requires_completed_start_and_preserves_clocks_on_replay ... ok
#12 37.72 test effect_lookup_rejects_invalid_identity_without_appending ... ok
#12 37.72 test every_truncated_record_and_checksum_corruption_fail_closed ... ok
#12 37.74 test invalid_inputs_do_not_append_and_create_never_overwrites ... ok
#12 37.74 test rejects_trailing_garbage_oversized_lines_and_replayed_frames ... ok
#12 37.75 test restart_preserves_every_duplicate_attempt_including_changed_digest ... ok
#12 37.75 test stage_identity_rejects_legacy_mixing_and_invalid_authority ... ok
#12 37.76 test stage_keys_replay_exactly_and_bind_original_authority ... ok
#12 37.78 test stage_replay_rejects_canonical_but_rebound_effects_and_ambiguous_legacy ... ok
#12 37.79 
#12 37.79 test result: ok. 13 passed; 0 failed; 0 ignored; 0 measured; 0 filtered out; finished in 0.14s
#12 37.79 
#12 37.79      Running tests/fixture_checkpoint.rs (rust-controller/target/debug/deps/fixture_checkpoint-221d63a857da86b5)
#12 37.80 
#12 37.80 running 2 tests
#12 37.80 test missing_checkpoint_daemon_is_typed_unavailable ... ok
#12 37.82 test trait_object_checkpoint_preserves_native_pause_and_release ... ok
#12 37.82 
#12 37.82 test result: ok. 2 passed; 0 failed; 0 ignored; 0 measured; 0 filtered out; finished in 0.02s
#12 37.82 
#12 37.83      Running tests/fixture_clone_contract.rs (rust-controller/target/debug/deps/fixture_clone_contract-c1f8ca9d2c63a3bc)
#12 37.84 
#12 37.84 running 8 tests
#12 37.84 test bound_stable_read_adapter_reports_unavailable_late_transport ... ok
#12 37.87 test clone_task_receipt_requires_source_node_worker_and_synthetic_user ... ok
#12 37.87 test daemon_clone_commits_receipt_and_rejects_duplicate_after_restart ... ok
#12 39.94 test late_authorization_candidate_requires_exact_dispatch_and_entered_owner ... ok
#12 39.95 test late_resize_requires_original_clone_and_never_submits_before_checkpoint ... ok
#12 40.05 test receipt_rejects_mismatched_fixture_request_sequence_and_extra_fields ... ok
#12 40.05 test request_and_original_task_receipt_round_trip_without_identity_loss ... ok
#12 40.05 test request_rejects_unknown_fields_versions_nil_fixture_and_invalid_typed_clone ... ok
#12 40.06 
#12 40.06 test result: ok. 8 passed; 0 failed; 0 ignored; 0 measured; 0 filtered out; finished in 2.22s
#12 40.06 
#12 40.06      Running tests/fixture_controller_admission.rs (rust-controller/target/debug/deps/fixture_controller_admission-a701a0c6eac83071)
#12 40.07 
#12 40.07 running 5 tests
#12 40.07 test clone_admission_requires_each_daemon_read_family ... ok
#12 40.16 test clone_vacancy_does_not_require_power_for_an_absent_target ... ok
#12 40.21 test complete_inventory_does_not_upgrade_partial_identity_coverage ... ok
#12 40.26 test node_inventory_cannot_be_promoted_to_global_identity_coverage ... ok
#12 40.31 test source_power_without_explicit_unlocked_observation_blocks_clone ... ok
#12 40.35 
#12 40.35 test result: ok. 5 passed; 0 failed; 0 ignored; 0 measured; 0 filtered out; finished in 0.28s
#12 40.35 
#12 40.36      Running tests/fixture_daemon.rs (rust-controller/target/debug/deps/fixture_daemon-f2013948a187c6df)
#12 40.37 
#12 40.37 running 23 tests
#12 40.37 test accepted_effect_lookup_binds_request_and_survives_restart ... ok
#12 40.48 test bound_late_clone_consumes_exact_authorization_once ... ok
#12 40.72 test bound_late_clone_persistence_failure_creates_no_effect ... ok
#12 40.85 test clone_reads_preserve_seed_errors_identity_and_restart_observations ... ok
#12 41.01 test daemon_lifetime_keeps_a_sixty_second_hard_limit ... ok
#12 41.03 test delayed_payload_is_read_within_the_frame_deadline ... ok
#12 41.07 test durable_fixture_log::power_tests::atomic_start_admission_survives_replay_without_consuming_duplicate_authority ... ok
#12 41.09 test durable_fixture_log::power_tests::power_replay_requires_exact_effect_and_fresh_observation ... ok
#12 41.10 test durable_fixture_log::power_tests::stop_admission_requires_completed_start_and_preserves_clocks_on_replay ... ok
#12 41.11 test effects_commit_replay_and_reject_duplicates_over_ipc ... ok
#12 41.24 test endpoint_substitution_and_corrupt_restart_fail_closed ... ok
#12 41.28 test fixture_daemon_child ... ignored, subprocess entry point only
#12 41.28 test killed_daemon_rebind_requires_supervisor_cleanup_and_preserves_ledger ... ok
#12 41.40 test late_authorization_is_supervisor_owned_atomic_and_invalidated_on_restart ... ok
#12 42.84 test missing_lock_or_invalid_coverage_prevents_daemon_startup ... ok
#12 42.96 test oversized_and_partial_requests_cannot_mutate_or_stall_daemon ... ok
#12 43.24 test provisioning_reads_preserve_populated_facts_errors_and_restart_identity ... ok
#12 43.49 test read_client_observes_daemon_owned_effect_without_writing ... ok
#12 43.56 test separate_process_enforces_control_boundary_and_durable_duplicate_ledger ... ok
#12 43.62 test snapshot_is_daemon_owned_and_survives_restart ... ok
#12 43.77 test stable_v2_collection_is_versioned_and_survives_restart_without_request_digest ... ok
#12 43.95 test supervisor_checkpoint_release_timeout_and_restart_are_owned ... ok
#12 44.12 test target_presence_and_power_survive_restart_without_mutation ... ok
#12 44.38 
#12 44.38 test result: ok. 22 passed; 0 failed; 1 ignored; 0 measured; 0 filtered out; finished in 4.01s
#12 44.38 
#12 44.38      Running tests/fixture_inventory_projection.rs (rust-controller/target/debug/deps/fixture_inventory_projection-f673781011ec2782)
#12 44.39 
#12 44.39 running 3 tests
#12 44.39 test inventory_status_requires_explicit_valid_snapshot_bound_observation ... ok
#12 44.41 test seeded_inventory_status_supplies_its_own_power_observation ... ok
#12 44.41 test unrelated_inventory_identity_preserves_its_own_configuration_coverage ... ok
#12 44.41 
#12 44.41 test result: ok. 3 passed; 0 failed; 0 ignored; 0 measured; 0 filtered out; finished in 0.02s
#12 44.42 
#12 44.42      Running tests/fixture_inventory_v2.rs (rust-controller/target/debug/deps/fixture_inventory_v2-93ffd9b23fa9f590)
#12 44.43 
#12 44.43 running 1 test
#12 44.43 test inventory_v2_preserves_opaque_identity_and_rejects_rebinding_and_partial_facts ... ok
#12 44.57 
#12 44.57 test result: ok. 1 passed; 0 failed; 0 ignored; 0 measured; 0 filtered out; finished in 0.14s
#12 44.57 
#12 44.57      Running tests/fixture_legacy_resize.rs (rust-controller/target/debug/deps/fixture_legacy_resize-51a4f1ba23194c47)
#12 44.59 
#12 44.59 running 1 test
#12 44.59 test legacy_clone_bridge_requires_original_receipt_across_daemon_restarts ... ok
#12 44.97 
#12 44.97 test result: ok. 1 passed; 0 failed; 0 ignored; 0 measured; 0 filtered out; finished in 0.38s
#12 44.97 
#12 44.97      Running tests/fixture_post_dispatch.rs (rust-controller/target/debug/deps/fixture_post_dispatch-8f682520fbcc9ea0)
#12 44.98 
#12 44.98 running 12 tests
#12 44.98 test every_observation_is_bounded_by_independent_acceptance_and_collection_times ... ok
#12 45.08 test exact_receipt_request_and_vm_identity_cannot_be_substituted ... ok
#12 45.09 test full_start_pe_worker_death_preserves_exact_publication_and_ledger ... ok
#12 46.62 test stage_publication_binds_owner_attempt_and_restart_for_clone_and_resize ... ok
#12 46.98 test stage_resize_observations_require_exact_digest_and_resize_receipt ... ok
#12 47.04 test start_full_process::daemon_child ... ok
#12 47.04 test start_full_process::restoration_child ... ok
#12 47.04 test strict_wire_rejects_missing_extra_duplicate_and_oversized_fields ... ok
#12 47.04 test supervisor_publication_requires_accepted_effect_and_invalidates_on_restart ... ok
#12 47.20 test synchronous_configure_publication_requires_resize_and_invalidates_on_restart ... ok
#12 48.39 test synchronous_contract_requires_configure_receipt_and_rejects_task_fields ... ok
#12 48.45 test typed_observations_preserve_task_states_absence_errors_and_partial_coverage ... ok
#12 48.45 
#12 48.45 test result: ok. 12 passed; 0 failed; 0 ignored; 0 measured; 0 filtered out; finished in 3.47s
#12 48.46 
#12 48.46      Running tests/fixture_provisioning_reads.rs (rust-controller/target/debug/deps/fixture_provisioning_reads-919a016bcabfca4c)
#12 48.47 
#12 48.47 running 5 tests
#12 48.47 test lock_and_coverage_are_explicit_strict_and_never_upgraded ... ok
#12 48.50 test populated_config_and_media_reject_wrong_identity_time_and_invalid_content ... ok
#12 48.51 test populated_config_media_and_explicit_errors_round_trip_without_refresh ... ok
#12 48.51 test target_config_identity_time_and_power_envelopes_are_strict ... ok
#12 48.51 test target_presence_and_absence_keep_independent_power_observations ... ok
#12 48.51 
#12 48.51 test result: ok. 5 passed; 0 failed; 0 ignored; 0 measured; 0 filtered out; finished in 0.05s
#12 48.51 
#12 48.52      Running tests/fixture_read_client.rs (rust-controller/target/debug/deps/fixture_read_client-21a5b1c422de7fd4)
#12 48.53 
#12 48.53 running 2 tests
#12 48.53 test stalled_peer_and_input_bounds ... ok
#12 48.57 test status_and_invalid_replies ... ok
#12 48.58 
#12 48.58 test result: ok. 2 passed; 0 failed; 0 ignored; 0 measured; 0 filtered out; finished in 0.05s
#12 48.58 
#12 48.58      Running tests/fixture_stage.rs (rust-controller/target/debug/deps/fixture_stage-9242188a2e304a35)
#12 48.59 
#12 48.59 running 6 tests
#12 48.59 test controller_request_checkpoint_rejects_unbound_and_unsupported_stages ... ok
#12 48.69 test first_five_stage_contracts_bind_exact_request_and_receipt_kind ... ok
#12 48.77 test stage_transport_rejects_without_attempts_or_effects_across_restart ... ok
#12 50.81 test start_pe_requires_exact_configure_predecessor_and_target_start_receipt ... ok
#12 50.90 test start_validation_rejects_adapter_identity_before_socket_io ... ok
#12 50.95 test stop_contract_requires_exact_start_history_and_stop_task_identity ... ok
#12 51.00 
#12 51.00 test result: ok. 6 passed; 0 failed; 0 ignored; 0 measured; 0 filtered out; finished in 2.41s
#12 51.00 
#12 51.01      Running tests/fixture_stage_consumers.rs (rust-controller/target/debug/deps/fixture_stage_consumers-953992f482cef7aa)
#12 51.02 
#12 51.02 running 4 tests
#12 51.02 test durable_clone_resize_configure_requires_exact_accepted_predecessor ... ok
#12 51.58 test fixture_stop_worker_child ... ignored, spawned by the bounded stop refusal proof
#12 51.58 test stage_consumers_bind_all_fields_and_restart_without_mutation ... ok
#12 51.91 test stop_identity_cannot_acquire_disk_only_release_or_effect_across_daemon_restart ... ok
#12 53.99 
#12 53.99 test result: ok. 3 passed; 0 failed; 1 ignored; 0 measured; 0 filtered out; finished in 2.98s
#12 53.99 
#12 54.00      Running tests/fixture_task.rs (rust-controller/target/debug/deps/fixture_task-62ccd373bacdd19d)
#12 54.03 
#12 54.03 running 2 tests
#12 54.03 test task_envelope_rejects_unknown_and_invalid_data ... ok
#12 54.05 test task_observation_survives_restart_and_binds_all_identity_fields ... ok
#12 55.10 
#12 55.10 test result: ok. 2 passed; 0 failed; 0 ignored; 0 measured; 0 filtered out; finished in 1.08s
#12 55.10 
#12 55.11      Running tests/infrastructure_visibility.rs (rust-controller/target/debug/deps/infrastructure_visibility-781a9e260cf2e35e)
#12 55.13 
#12 55.13 running 26 tests
#12 55.13 test duplicate_identity_invalidates_network_report ... ok
#12 55.14 test duplicate_identity_is_detected_before_metadata_rejection ... ok
#12 55.14 test empty_network_remains_unverified ... ok
#12 55.14 test interface_activity_preserves_zero_one_and_missing ... ok
#12 55.14 test invalid_activity_is_counted ... ok
#12 55.14 test invalid_interface_identity_is_counted ... ok
#12 55.14 test invalid_or_crossnode_binding_invalidates_even_otherwise_malformed_rows ... ok
#12 55.14 test invalid_or_mismatched_node_binding_invalidates_node_report ... ok
#12 55.14 test malformed_rows_are_counted_without_losing_valid_rows ... ok
#12 55.14 test matching_network_node_binding_is_retained ... ok
#12 55.14 test matching_node_binding_is_retained ... ok
#12 55.14 test missing_or_nonstring_type_is_counted ... ok
#12 55.14 test missing_uptime_is_unknown ... ok
#12 55.14 test network_row_limit_accepts_1024_and_rejects_1025 ... ok
#12 55.15 test network_serialization_preserves_order_and_only_sanitized_fields ... ok
#12 55.15 test network_timestamp_is_preserved ... ok
#12 55.15 test node_serialization_retains_only_sanitized_visibility ... ok
#12 55.15 test node_timestamp_is_preserved ... ok
#12 55.15 test nonarray_network_data_is_invalid ... ok
#12 55.15 test nonobject_node_data_is_invalid ... ok
#12 55.15 test opaque_interface_identity_accepts_exact_byte_and_character_boundaries ... ok
#12 55.15 test ovs_and_missing_activity_remain_visible ... ok
#12 55.15 test positive_and_maximum_uptime_are_retained ... ok
#12 55.15 test present_invalid_uptime_invalidates_report ... ok
#12 55.15 test unknown_interface_types_remain_visible_without_raw_metadata ... ok
#12 55.15 test zero_uptime_is_visibility_not_online_authority ... ok
#12 55.15 
#12 55.15 test result: ok. 26 passed; 0 failed; 0 ignored; 0 measured; 0 filtered out; finished in 0.02s
#12 55.15 
#12 55.15      Running tests/infrastructure_visibility_http.rs (rust-controller/target/debug/deps/infrastructure_visibility_http-f3f6e68b3366f797)
#12 55.17 
#12 55.17 running 22 tests
#12 55.17 test authenticated_network_preserves_ovs_missing_activity_and_rejected_rows ... ok
#12 55.22 test authenticated_node_zero_uptime_is_one_timestamped_unverified_get ... ok
#12 55.28 test cancelling_collection_closes_body_and_does_not_retry ... ok
#12 59.60 test chunked_oversize_is_rejected ... ok
#12 59.63 test conflict_409_is_fixed_and_not_retried ... ok
#12 59.65 test cross_node_network_row_rejects_report ... ok
#12 59.65 test declared_oversize_is_rejected_before_reading_body ... ok
#12 59.67 test duplicate_interface_after_rejected_metadata_rejects_report ... ok
#12 59.67 test eof_oversize_is_rejected ... ok
#12 59.70 test exactly_one_mib_valid_bodies_are_accepted ... ok
#12 59.74 test forbidden_403_is_fixed_and_not_retried ... ok
#12 59.75 test invalid_network_shape_is_rejected ... ok
#12 59.75 test invalid_node_data_is_rejected ... ok
#12 59.76 test malformed_envelopes_are_rejected ... ok
#12 59.80 test missing_404_is_fixed_and_not_retried ... ok
#12 59.80 test network_1025_rows_is_rejected ... ok
#12 59.81 test proxy_environment_never_receives_node_or_network_requests ... 
#12 59.84 running 1 test
#12 59.96 test authenticated_node_zero_uptime_is_one_timestamped_unverified_get ... ok
#12 59.96 
#12 59.96 test result: ok. 1 passed; 0 failed; 0 ignored; 0 measured; 21 filtered out; finished in 0.12s
#12 59.96 
#12 59.98 
#12 59.98 running 1 test
#12 60.04 test authenticated_network_preserves_ovs_missing_activity_and_rejected_rows ... ok
#12 60.04 
#12 60.04 test result: ok. 1 passed; 0 failed; 0 ignored; 0 measured; 21 filtered out; finished in 0.06s
#12 60.04 
#12 60.05 ok
#12 60.05 test redirects_never_contact_target_or_forward_credentials ... ok
#12 60.06 test request_deadline_overrides_larger_client_timeout ... ok
#12 64.07 test server_500_is_fixed_and_not_retried ... ok
#12 64.09 test unauthorized_401_is_fixed_and_not_retried ... ok
#12 64.10 test whole_body_deadline_includes_time_already_spent_waiting_for_headers ... ok
#12 68.11 
#12 68.11 test result: ok. 22 passed; 0 failed; 0 ignored; 0 measured; 0 filtered out; finished in 12.95s
#12 68.11 
#12 68.11      Running tests/native_contract.rs (rust-controller/target/debug/deps/native_contract-f0b07b5967ac6579)
#12 68.13 
#12 68.13 running 16 tests
#12 68.14 test changed_digest_alone_rejects_configure_without_refresh_or_resend ... ok
#12 68.17 test clone_outcomes_distinguish_rejection_loss_failure_and_delayed_application ... ok
#12 68.17 test configure_and_start_outcomes_preserve_their_distinct_receipt_contracts ... ok
#12 68.18 test delayed_clone_cannot_overwrite_an_occupant_inserted_before_completion ... ok
#12 68.18 test every_mutable_plan_field_and_step_changes_canonical_digest ... ok
#12 68.18 test fixed_requests_apply_identity_preserve_disk_and_provenance ... ok
#12 68.18 test historical_binding_can_be_old_but_current_identity_and_final_fields_must_match ... ok
#12 68.18 test http_observer_never_imports_fake_provenance_from_response ... ok
#12 68.23 test immutable_plan_roundtrip_rejects_unknown_fields_and_invalid_values ... ok
#12 68.23 test missing_or_mismatched_provenance_and_stale_or_wrong_identity_cannot_configure ... ok
#12 68.23 test normal_infrastructure_reads_refresh_time_but_explicit_stale_config_does_not ... ok
#12 68.24 test request_markers_and_operation_ids_are_hashed_and_provenance_is_not_circular ... ok
#12 68.24 test retained_marker_does_not_hide_changed_intermediate_identity_or_disk ... ok
#12 68.24 test successful_clone_task_and_same_name_do_not_authorize_foreign_occupant ... ok
#12 68.25 test typed_fake_reads_report_inventory_storage_power_and_no_guest_readiness ... ok
#12 68.25 test typed_fault_hooks_preserve_read_errors_and_gate_submission ... ok
#12 68.25 
#12 68.25 test result: ok. 16 passed; 0 failed; 0 ignored; 0 measured; 0 filtered out; finished in 0.12s
#12 68.25 
#12 68.25      Running tests/network_deny.rs (rust-controller/target/debug/deps/network_deny-0b4dc9799107d7a6)
#12 68.27 
#12 68.27 running 6 tests
#12 68.27 test adapter_permission_cannot_authorize_a_non_loopback_target ... ok
#12 68.27 test credentials_never_authorize_denied_targets_or_send_requests ... ok
#12 68.28 test every_non_loopback_target_is_denied_without_explicit_observe_permission ... ok
#12 68.28 test normalized_literal_loopback_targets_remain_local_test_targets ... ok
#12 68.28 test production_address_is_rejected_before_http_client_construction ... ok
#12 68.28 test production_observe_requires_explicit_read_permission ... ok
#12 68.28 
#12 68.28 test result: ok. 6 passed; 0 failed; 0 ignored; 0 measured; 0 filtered out; finished in 0.02s
#12 68.28 
#12 68.28      Running tests/preflight.rs (rust-controller/target/debug/deps/preflight-92d393aef615b624)
#12 68.30 
#12 68.30 running 15 tests
#12 68.30 test absence_does_not_accept_stale_or_future_inventory ... ok
#12 68.37 test additional_nics_cannot_hide_malformed_identity_behind_unsupported_layout ... ok
#12 68.37 test all_preflight_routes_return_bound_typed_facts ... ok
#12 68.40 test every_snapshot_enforces_thirty_second_freshness_and_rejects_future_facts ... ok
#12 68.40 test inventory_rejects_duplicate_vmids_and_malformed_identity ... ok
#12 68.40 test lock_and_agent_state_are_preserved_and_normalized ... ok
#12 68.40 test native_config_rejects_missing_or_malformed_required_facts ... ok
#12 68.40 test node_storage_and_bridge_wire_validation_fails_closed ... ok
#12 68.40 test power_status_rejects_wrong_identity_and_unknown_states ... ok
#12 68.40 test sanitized_decoding_rejects_forged_or_malformed_fact_fields ... ok
#12 68.41 test sanitized_maps_reject_duplicate_identity_keys ... ok
#12 68.41 test sanitized_snapshots_round_trip_through_validated_deserialization ... ok
#12 68.42 test status_decode_and_timeout_failures_are_fixed_and_never_leak_body ... ok
#12 68.69 test target_absence_requires_inventory_exclusion_and_config_not_found ... ok
#12 68.77 test unsupported_configuration_is_typed_and_never_copies_raw_text ... ok
#12 68.78 
#12 68.78 test result: ok. 15 passed; 0 failed; 0 ignored; 0 measured; 0 filtered out; finished in 0.48s
#12 68.78 
#12 68.78      Running tests/provisioning_config.rs (rust-controller/target/debug/deps/provisioning_config-47901d986ad301fc)
#12 68.80 
#12 68.80 running 20 tests
#12 68.81 test capacity_is_exact_positive_checked_binary_bytes ... ok
#12 68.82 test comma_syntax_duplicates_fail_before_unsupported_projection ... ok
#12 68.82 test explicit_core_fields_types_and_binding_cannot_be_defaulted ... ok
#12 68.82 test fake_marker_requires_fake_source_valid_provenance_and_target_binding ... ok
#12 68.83 test fake_provenance_object_shape_is_required_without_changing_legacy_type ... ok
#12 68.83 test media_discriminators_require_strings_standalone_and_in_snapshots ... ok
#12 68.83 test media_inventory_binds_storage_unique_bounded_volids_and_explicit_coverage ... ok
#12 68.84 test nested_before_state_still_rejects_object_source_discriminators ... ok
#12 68.84 test nested_persisted_fields_reject_duplicates_and_unknowns_without_payloads ... ok
#12 68.84 test old_native_parser_keeps_rejecting_rich_layout ... ok
#12 68.84 test persisted_config_exact_shape_rejects_missing_duplicate_and_unknown_fields ... ok
#12 68.85 test persisted_facts_require_objects_even_when_an_array_has_valid_ordered_fields ... ok
#12 68.85 test persisted_sanitized_invariants_cannot_be_forged ... ok
#12 68.85 test qga_is_a_bound_observation_and_auxiliary_persisted_shapes_validate ... ok
#12 68.85 test rich_source_discriminator_requires_strings_from_str ... ok
#12 68.85 test rich_source_discriminator_requires_strings_from_value ... ok
#12 68.86 test rich_template_and_destination_preserve_every_sanitized_field ... ok
#12 68.86 test standalone_classification_decoders_never_echo_untrusted_values ... ok
#12 68.86 test template_semantic_hash_has_independent_golden_and_exact_field_binding ... ok
#12 68.86 test unsupported_values_are_fixed_payload_free_and_block_template_admission ... ok
#12 68.87 
#12 68.87 test result: ok. 20 passed; 0 failed; 0 ignored; 0 measured; 0 filtered out; finished in 0.06s
#12 68.87 
#12 68.87      Running tests/provisioning_evaluation.rs (rust-controller/target/debug/deps/provisioning_evaluation-820e9b2e79856ced)
#12 68.88 
#12 68.88 running 25 tests
#12 68.88 test all_possible_send_states_never_return_ready ... ok
#12 68.98 test cancellation_ineligible_state_deadline_and_freshness_boundaries ... ok
#12 69.06 test clone_outcome_source_change_and_request_provenance_are_conflicts ... ok
#12 69.11 test complete_legacy_identity_projection_can_cover_shared_namespace ... ok
#12 69.16 test evidence_persistence_is_required_nullable_and_route_validated ... ok
#12 69.68 test failed_clone_with_exact_unchanged_vacancy_is_failed ... ok
#12 69.73 test historical_owner_and_predecessor_cannot_cross_run_workflow_or_request ... ok
#12 69.79 test inventory_coverage_errors_collisions_and_legacy_projection_are_conservative ... ok
#12 69.83 test media_requires_both_exact_full_storage_catalogs ... ok
#12 69.88 test no_change_is_limited_to_capacity_and_stop_before_dispatch ... ok
#12 69.93 test outcome_cannot_use_stale_source_snapshot_in_inventory_comparison ... ok
#12 69.98 test receipt_collection_clock_and_absence_power_contradiction_are_checked ... ok
#12 70.03 test receipt_substitution_is_rejected_in_context_and_evidence ... ok
#12 70.08 test retained_capacity_including_nonintegral_bytes_continues_without_resize ... ok
#12 70.21 test same_target_vmid_on_another_node_blocks_even_with_local_404 ... ok
#12 70.26 test seven_action_physical_chain_preserves_original_clone_proof ... ok
#12 70.31 test snapshot_wrapper_and_collection_clocks_are_independent ... ok
#12 70.38 test supported_layout_lock_template_and_digest_changes_are_independent ... ok
#12 70.47 test synchronous_lost_receipt_requires_exact_original_reconciliation ... ok
#12 70.53 test task_dispatch_without_receipt_stays_unknown_even_with_desired_world ... ok
#12 70.58 test task_failure_and_running_do_not_mask_replaced_disks ... ok
#12 70.65 test task_snapshot_cannot_predate_receipt_acceptance ... ok
#12 70.70 test task_success_does_not_replace_missing_physical_postconditions ... ok
#12 70.75 test unrelated_before_and_after_categories_cannot_be_hidden_by_task_success ... ok
#12 70.93 test wrong_identity_projection_duplicate_keys_and_incomplete_catalogs_are_rejected ... ok
#12 70.98 
#12 70.98 test result: ok. 25 passed; 0 failed; 0 ignored; 0 measured; 0 filtered out; finished in 2.10s
#12 70.98 
#12 70.98      Running tests/provisioning_expectations.rs (rust-controller/target/debug/deps/provisioning_expectations-acfa78220becdc67)
#12 70.99 
#12 70.99 running 7 tests
#12 70.99 test admits_explicit_capacity_and_normalizes_template_sha ... ok
#12 71.00 test canonical_shape_roundtrips_and_all_inputs_bind_the_fingerprint ... ok
#12 71.01 test enforces_approved_hash_serial_and_iso_token_rules ... ok
#12 71.01 test nested_vm_plan_must_keep_its_named_fields_in_new_contract ... ok
#12 71.01 test persisted_expectation_and_operation_shape_requires_an_object ... ok
#12 71.01 test persisted_expectations_and_plans_cannot_bypass_admission ... ok
#12 71.01 test rejects_invalid_growth_but_retains_exact_template_bytes ... ok
#12 71.01 
#12 71.01 test result: ok. 7 passed; 0 failed; 0 ignored; 0 measured; 0 filtered out; finished in 0.02s
#12 71.01 
#12 71.01      Running tests/provisioning_fake.rs (rust-controller/target/debug/deps/provisioning_fake-8bcb22af9f3997f1)
#12 71.03 
#12 71.03 running 23 tests
#12 71.03 test accepted_task_can_physically_finish_after_strict_controller_deadline ... ok
#12 71.08 test clone_changes_the_shared_world_without_preconfiguring_final_identity ... ok
#12 71.14 test clone_preserves_source_serials_resources_and_media_without_final_preconfiguration ... ok
#12 71.14 test current_power_route_media_and_catalog_changes_are_rejected_at_admission ... ok
#12 71.41 test delayed_clone_rejects_new_target_and_legacy_replacement_without_touching_occupants ... ok
#12 71.41 test delayed_work_cannot_target_copied_replacement_or_independent_power_change ... ok
#12 71.67 test exact_before_state_rejects_tampering_even_when_digest_and_marker_are_copied ... ok
#12 71.93 test fixture_source_and_script_source_cannot_claim_live_pve ... ok
#12 71.94 test full_world_sequence_grows_80_to_120_and_preserves_power_only_fields ... ok
#12 72.00 test full_world_sequence_retains_160_for_requested_120 ... ok
#12 72.05 test full_world_sequence_retains_exact_non_whole_gib_capacity ... ok
#12 72.09 test history_preserves_exact_ordered_forms_and_only_allowed_effects ... ok
#12 72.15 test independent_qga_survives_config_power_and_does_not_invalidate_delayed_growth ... ok
#12 72.20 test legacy_fault_and_pause_controls_do_not_leak_into_provisioning ... ok
#12 72.21 test missing_distinct_catalog_and_growth_delta_reject_without_world_change ... ok
#12 72.24 test mixed_family_inventory_downcasts_coverage_and_reserved_identity_collisions ... ok
#12 72.25 test outcome_matrix_records_attempts_acceptance_and_actual_effects ... ok
#12 73.20 test pe_and_disk_faults_are_independent_despite_identical_start_forms ... ok
#12 73.30 test pending_resources_overlap_across_families_and_completions_keep_separate_queues ... ok
#12 73.31 test provisioning_pause_rechecks_world_and_records_only_resumed_admission ... ok
#12 73.32 test scripted_errors_and_pauses_are_independent_observations ... ok
#12 73.32 test scripts_preserve_routes_timestamps_and_unsupported_facts_without_world_effects ... ok
#12 73.32 test selector_priority_fifo_duplicate_and_failed_admission_do_not_consume_faults ... ok
#12 73.33 
#12 73.33 test result: ok. 23 passed; 0 failed; 0 ignored; 0 measured; 0 filtered out; finished in 2.30s
#12 73.33 
#12 73.33      Running tests/provisioning_requests.rs (rust-controller/target/debug/deps/provisioning_requests-963f5a0d585a7b7a)
#12 73.34 
#12 73.34 running 12 tests
#12 73.34 test binding_rejects_invalid_full_workflow_hash ... ok
#12 73.36 test bindings_compare_attempt_identity_but_not_collection_fence ... ok
#12 73.36 test complete_request_json_and_digest_golden ... ok
#12 73.44 test constructor_serial_compatibility_is_checked_for_every_family ... ok
#12 73.49 test dispatch_and_receipt_reconstruction_enforce_full_request_and_provenance ... ok
#12 73.64 test every_action_admits_twenty_and_rejects_twenty_one_byte_desired_serials ... ok
#12 73.71 test every_closed_variant_has_a_pinned_complete_digest ... ok
#12 73.81 test every_request_hash_binds_clock_digest_operation_attempt_workflow_and_fence ... ok
#12 73.91 test persisted_owned_reference_tampering_never_recreates_historical_authority ... ok
#12 74.01 test persisted_requests_reject_missing_unknown_duplicate_and_object_discriminators ... ok
#12 74.12 test receipt_workers_nodes_and_vmids_are_closed ... ok
#12 74.17 test requests_pin_exact_forms_routes_and_distinct_start_digests ... ok
#12 74.23 
#12 74.23 test result: ok. 12 passed; 0 failed; 0 ignored; 0 measured; 0 filtered out; finished in 0.89s
#12 74.23 
#12 74.23      Running tests/visibility.rs (rust-controller/target/debug/deps/visibility-fcc36fdc5feb58b2)
#12 74.25 
#12 74.25 running 17 tests
#12 74.25 test duplicate_identity_is_detected_even_when_metadata_is_rejected ... ok
#12 74.25 test duplicate_valid_vmid_rejects_response_across_nodes_and_kinds ... ok
#12 74.25 test empty_inventory_never_claims_verified_coverage ... ok
#12 74.25 test invalid_nodes_are_rejected_and_counted ... ok
#12 74.26 test invalid_optional_template_is_rejected_and_counted ... ok
#12 74.26 test invalid_vmids_are_rejected_and_counted ... ok
#12 74.26 test missing_identity_and_non_object_rows_are_rejected_and_counted ... ok
#12 74.26 test missing_or_non_string_kind_is_rejected_without_defaulting_to_qemu ... ok
#12 74.26 test missing_status_is_unknown ... ok
#12 74.26 test mixed_inventory_preserves_lxc_and_unknown_metadata ... ok
#12 74.26 test non_array_response_is_rejected ... ok
#12 74.26 test present_non_string_status_is_rejected_and_counted ... ok
#12 74.26 test row_limit_accepts_1024_and_rejects_1025_before_row_validation ... ok
#12 74.26 test sanitization_preserves_wire_order_timestamp_and_rejection_count ... ok
#12 74.27 test stopped_and_template_one_remain_explicit ... ok
#12 74.27 test unknown_kind_is_preserved_without_retaining_raw_type ... ok
#12 74.27 test unknown_status_is_unknown_without_retaining_raw_status ... ok
#12 74.27 
#12 74.27 test result: ok. 17 passed; 0 failed; 0 ignored; 0 measured; 0 filtered out; finished in 0.02s
#12 74.27 
#12 74.27      Running tests/visibility_http.rs (rust-controller/target/debug/deps/visibility_http-d32ed6faf701d279)
#12 74.28 
#12 74.28 running 11 tests
#12 74.28 test authenticated_inventory_is_exactly_one_get_and_timestamped_after_collection ... ok
#12 74.40 test body_byte_limit_is_enforced_for_declared_chunked_and_eof_streams ... ok
#12 74.41 test dropped_collection_does_not_start_another_request ... ok
#12 76.52 test exactly_one_mib_body_is_accepted ... ok
#12 76.54 test http_failures_are_fixed_categories_without_retry ... ok
#12 76.57 test invalid_envelopes_data_and_row_limit_are_rejected ... ok
#12 76.59 test proxy_environment_canary_receives_no_request ... 
#12 76.63 running 1 test
#12 76.75 test authenticated_inventory_is_exactly_one_get_and_timestamped_after_collection ... ok
#12 76.75 
#12 76.75 test result: ok. 1 passed; 0 failed; 0 ignored; 0 measured; 10 filtered out; finished in 0.12s
#12 76.75 
#12 76.77 ok
#12 76.77 test redirect_target_receives_no_request ... ok
#12 76.77 test rejected_rows_remain_successful_non_authoritative_visibility ... ok
#12 76.77 test request_deadline_also_bounds_an_unfinished_streaming_body ... ok
#12 78.78 test request_times_out_after_two_seconds_without_retry ... ok
#12 80.78 
#12 80.78 test result: ok. 11 passed; 0 failed; 0 ignored; 0 measured; 0 filtered out; finished in 6.50s
#12 80.79 
#12 80.79    Doc-tests pve_port
#12 82.93 
#12 82.93 running 1 test
#12 82.93 test crates/pve-port/src/fixture_support/provisioning_port.rs - fixture_support::provisioning_port::FixtureProvisioningPort (line 16) ... ok
#12 82.95 
#12 82.95 test result: ok. 1 passed; 0 failed; 0 ignored; 0 measured; 0 filtered out; finished in 0.02s
#12 82.95 
#12 82.95 
#12 82.95 running 22 tests
#12 82.95 test crates/pve-port/src/fixture_ipc.rs - fixture_ipc::ControllerFixturePort (line 24) - compile fail ... ok
#12 83.18 test crates/pve-port/src/fixture_support/read_client.rs - fixture_support::read_client::FixtureReadClient (line 23) - compile fail ... ok
#12 83.41 test crates/pve-port/src/fixture_support/read_client.rs - fixture_support::read_client::FixtureReadClient (line 30) - compile fail ... ok
#12 83.63 test crates/pve-port/src/fixture_support/read_client.rs - fixture_support::read_client::FixtureReadClient (line 37) - compile fail ... ok
#12 83.86 test crates/pve-port/src/infrastructure_visibility.rs - infrastructure_visibility::NodeVisibility (line 45) - compile fail ... ok
#12 84.09 test crates/pve-port/src/infrastructure_visibility.rs - infrastructure_visibility::PveInfrastructureVisibilityReadPort (line 244) - compile fail ... ok
#12 84.37 test crates/pve-port/src/infrastructure_visibility.rs - infrastructure_visibility::PveInfrastructureVisibilityReadPort (line 251) - compile fail ... ok
#12 84.65 test crates/pve-port/src/infrastructure_visibility.rs - infrastructure_visibility::PveInfrastructureVisibilityReadPort (line 258) - compile fail ... ok
#12 84.94 test crates/pve-port/src/native.rs - native::PveMutationPort (line 444) - compile fail ... ok
#12 85.21 test crates/pve-port/src/native.rs - native::PveMutationPort (line 450) - compile fail ... ok
#12 85.49 test crates/pve-port/src/native.rs - native::PveMutationPort (line 456) - compile fail ... ok
#12 85.78 test crates/pve-port/src/native.rs - native::PveMutationPort (line 462) - compile fail ... ok
#12 86.21 test crates/pve-port/src/observer.rs - observer::ReqwestPveObserver (line 165) - compile fail ... ok
#12 86.49 test crates/pve-port/src/observer.rs - observer::ReqwestPveObserver (line 171) - compile fail ... ok
#12 86.78 test crates/pve-port/src/observer.rs - observer::ReqwestPveObserver (line 177) - compile fail ... ok
#12 87.06 test crates/pve-port/src/observer.rs - observer::ReqwestPveObserver (line 183) - compile fail ... ok
#12 87.35 test crates/pve-port/src/provisioning.rs - provisioning::ProvisioningFakePort (line 16) - compile fail ... ok
#12 87.62 test crates/pve-port/src/provisioning.rs - provisioning::ProvisioningFakePort (line 23) - compile fail ... ok
#12 87.84 test crates/pve-port/src/provisioning/evaluation/context.rs - provisioning::evaluation::context::ProvisioningCloneOwnershipV1 (line 102) - compile fail ... ok
#12 88.08 test crates/pve-port/src/provisioning/evaluation/context.rs - provisioning::evaluation::context::ProvisioningStageBaselineV1 (line 180) - compile fail ... ok
#12 88.32 test crates/pve-port/src/provisioning/evidence.rs - provisioning::evidence::ProvisioningEvidenceV1 (line 233) - compile fail ... ok
#12 88.55 test crates/pve-port/src/provisioning/requests.rs - provisioning::requests::ProvisioningBeforeStateV1 (line 10) - compile fail ... ok
#12 88.76 
#12 88.76 test result: ok. 22 passed; 0 failed; 0 ignored; 0 measured; 0 filtered out; finished in 5.81s
#12 88.76 
#12 88.77 all doctests ran in 7.08s; merged doctests compilation took 1.23s
#12 DONE 89.0s

#13 [10/12] RUN cargo test --offline --locked --manifest-path rust-controller/Cargo.toml -p osdeploy-adapter
#13 0.541    Compiling artifact-index v0.1.0 (/workspace/rust-controller/crates/artifact-index)
#13 1.223    Compiling osdeploy-adapter v0.1.0 (/workspace/rust-controller/crates/osdeploy-adapter)
#13 12.13     Finished `test` profile [unoptimized + debuginfo] target(s) in 11.87s
#13 12.14      Running unittests src/lib.rs (rust-controller/target/debug/deps/osdeploy_adapter-4103817ab0eb30e3)
#13 12.16 
#13 12.16 running 0 tests
#13 12.16 
#13 12.16 test result: ok. 0 passed; 0 failed; 0 ignored; 0 measured; 0 filtered out; finished in 0.00s
#13 12.16 
#13 12.16      Running tests/disk_boot_boundary.rs (rust-controller/target/debug/deps/disk_boot_boundary-9667a4890d8f06d4)
#13 12.17 
#13 12.17 running 2 tests
#13 12.18 test both_stages_refuse_even_matching_claims_and_repeated_reads ... ok
#13 12.18 test substitutions_and_invalid_evidence_fail_closed ... ok
#13 12.18 
#13 12.18 test result: ok. 2 passed; 0 failed; 0 ignored; 0 measured; 0 filtered out; finished in 0.01s
#13 12.18 
#13 12.18      Running tests/guest_action.rs (rust-controller/target/debug/deps/guest_action-a3a932090db09c09)
#13 12.20 
#13 12.20 running 3 tests
#13 12.20 test non_guest_stage_and_nil_identities_fail_closed ... ok
#13 12.20 test identity_uses_operation_as_stable_step_and_zero_retry ... ok
#13 12.20 test only_the_five_guest_stages_admit_identity ... ok
#13 12.20 
#13 12.20 test result: ok. 3 passed; 0 failed; 0 ignored; 0 measured; 0 filtered out; finished in 0.01s
#13 12.20 
#13 12.21      Running tests/heartbeat_boundary.rs (rust-controller/target/debug/deps/heartbeat_boundary-2fa2970d8c827fa5)
#13 12.22 
#13 12.22 running 1 test
#13 12.22 test fresh_heartbeat_claims_never_authenticate_and_stale_or_replayed_claims_refuse ... ok
#13 12.22 
#13 12.22 test result: ok. 1 passed; 0 failed; 0 ignored; 0 measured; 0 filtered out; finished in 0.01s
#13 12.22 
#13 12.22      Running tests/input_values.rs (rust-controller/target/debug/deps/input_values-8b55447d49ae5bcc)
#13 12.24 
#13 12.24 running 12 tests
#13 12.25 test disk_capacity_rejects_subminimum_requests_and_empty_templates ... ok
#13 12.25 test disk_capacity_checks_binary_gib_overflow_before_comparing_template ... ok
#13 12.25 test equivalent_normalized_names_share_agent_id_without_claiming_uniqueness ... ok
#13 12.25 test every_phase_duration_independently_enforces_inclusive_bounds ... ok
#13 12.25 test disk_capacity_is_grow_only_and_preserves_exact_template_bytes ... ok
#13 12.25 test freshness_is_positive_at_most_300_and_no_larger_than_mutation_budget ... ok
#13 12.25 test legacy_normalization_uses_literal_ascii_golden_examples ... ok
#13 12.25 test native_names_reject_unsupported_normalized_outputs ... ok
#13 12.25 test names_preserve_requested_and_independent_pve_identity_and_derive_agent_id ... ok
#13 12.25 test names_reject_invalid_original_utf8_byte_length_and_controls ... ok
#13 12.25 test policy_retains_short_phase_budgets_independently_of_freshness ... ok
#13 12.25 test production_defaults_pin_all_budgets_and_preserve_force_stop_choice ... ok
#13 12.25 
#13 12.25 test result: ok. 12 passed; 0 failed; 0 ignored; 0 measured; 0 filtered out; finished in 0.02s
#13 12.25 
#13 12.26      Running tests/install_agent_boundary.rs (rust-controller/target/debug/deps/install_agent_boundary-203ea7ecbcc694f9)
#13 12.27 
#13 12.27 running 1 test
#13 12.27 test package_and_predecessor_claims_cannot_authorize_agent_installation ... ok
#13 12.27 
#13 12.27 test result: ok. 1 passed; 0 failed; 0 ignored; 0 measured; 0 filtered out; finished in 0.01s
#13 12.27 
#13 12.28      Running tests/install_qga_boundary.rs (rust-controller/target/debug/deps/install_qga_boundary-734279d052bb8a7e)
#13 12.29 
#13 12.29 running 1 test
#13 12.29 test host_claims_never_authenticate_agent_or_authorize_installation ... ok
#13 12.29 
#13 12.29 test result: ok. 1 passed; 0 failed; 0 ignored; 0 measured; 0 filtered out; finished in 0.01s
#13 12.29 
#13 12.29      Running tests/operational_boundary.rs (rust-controller/target/debug/deps/operational_boundary-16c69b71d8445869)
#13 12.30 
#13 12.30 running 1 test
#13 12.31 test aggregate_claims_never_establish_operational_acceptance ... ok
#13 12.31 
#13 12.31 test result: ok. 1 passed; 0 failed; 0 ignored; 0 measured; 0 filtered out; finished in 0.01s
#13 12.31 
#13 12.31      Running tests/pe_complete_boundary.rs (rust-controller/target/debug/deps/pe_complete_boundary-620ffcbb7182769d)
#13 12.32 
#13 12.32 running 2 tests
#13 12.33 test malformed_and_incomplete_reports_are_refused ... ok
#13 12.33 test complete_looking_report_cannot_replace_authenticated_registration_predecessor ... ok
#13 12.33 
#13 12.33 test result: ok. 2 passed; 0 failed; 0 ignored; 0 measured; 0 filtered out; finished in 0.01s
#13 12.33 
#13 12.33      Running tests/pe_register_authority.rs (rust-controller/target/debug/deps/pe_register_authority-6fbcbea1f5822e63)
#13 12.34 
#13 12.34 running 1 test
#13 12.35 test verifier_authority_checks_exact_fence_and_result_revision_without_authentication_success ... ok
#13 12.35 
#13 12.35 test result: ok. 1 passed; 0 failed; 0 ignored; 0 measured; 0 filtered out; finished in 0.01s
#13 12.35 
#13 12.36      Running tests/pe_register_callback.rs (rust-controller/target/debug/deps/pe_register_callback-be7cbfed06cf15b1)
#13 12.37 
#13 12.37 running 1 test
#13 12.38 test callback_witness_stays_unavailable_and_replay_conflicts_keep_original_deadline ... ok
#13 12.38 
#13 12.38 test result: ok. 1 passed; 0 failed; 0 ignored; 0 measured; 0 filtered out; finished in 0.01s
#13 12.38 
#13 12.38      Running tests/pe_registration_precision.rs (rust-controller/target/debug/deps/pe_registration_precision-e401af785bbb61b5)
#13 12.39 
#13 12.39 running 1 test
#13 12.40 test microsecond_anchor_preserves_original_deadline_and_refuses_lossy_v1_conversion ... ok
#13 12.40 
#13 12.40 test result: ok. 1 passed; 0 failed; 0 ignored; 0 measured; 0 filtered out; finished in 0.01s
#13 12.40 
#13 12.40      Running tests/pe_shutdown_boundary.rs (rust-controller/target/debug/deps/pe_shutdown_boundary-85ef8e1a565c4cb5)
#13 12.42 
#13 12.42 running 2 tests
#13 12.42 test stopped_claim_and_expiry_never_grant_shutdown_or_force_stop ... ok
#13 12.42 test malformed_scope_is_not_constructible ... ok
#13 12.42 
#13 12.42 test result: ok. 2 passed; 0 failed; 0 ignored; 0 measured; 0 filtered out; finished in 0.01s
#13 12.42 
#13 12.42      Running tests/plan.rs (rust-controller/target/debug/deps/plan-4cb0bb0e98f983e5)
#13 12.44 
#13 12.44 running 15 tests
#13 12.47 test artifact_apply_index_fits_signed_guest_consumer_and_retains_source_provenance ... ok
#13 12.47 test both_serials_require_bounded_ascii_tokens_with_alphanumeric_endpoints ... ok
#13 12.47 test both_media_fields_admit_only_narrow_native_iso_references ... ok
#13 12.49 test complete_snapshot_pins_all_inputs_fixed_native_fields_and_nested_claims ... ok
#13 12.50 test equivalent_hash_case_normalizes_before_complete_fingerprinting ... ok
#13 12.50 test canonical_fingerprint_matches_independently_hashed_literal_snapshot_on_reconstruction ... ok
#13 12.50 test fingerprint_binds_every_artifact_input_and_output_index_provenance ... ok
#13 12.51 test fingerprint_binds_every_media_payload_serial_os_and_profile_reference ... ok
#13 12.51 test fingerprint_binds_every_vm_identity_resource_and_free_storage_field ... ok
#13 12.51 test fingerprint_binds_names_capacity_every_phase_and_force_stop_policy ... ok
#13 12.51 test payload_hash_presence_controls_only_declared_or_unverified_claim ... ok
#13 12.51 test payload_and_template_hashes_reject_length_nonhex_unicode_and_controls ... ok
#13 12.51 test profile_references_are_required_non_nil_opaque_ids ... ok
#13 12.51 test vm_admission_requires_four_gib_and_consistent_independent_pve_name ... ok
#13 12.51 test os_labels_and_language_are_bounded_declarations_without_commands_or_paths ... ok
#13 12.51 
#13 12.51 test result: ok. 15 passed; 0 failed; 0 ignored; 0 measured; 0 filtered out; finished in 0.08s
#13 12.51 
#13 12.52      Running tests/provisioning.rs (rust-controller/target/debug/deps/provisioning-e7572a1b5c60ea66)
#13 12.53 
#13 12.53 running 3 tests
#13 12.55 test serial_20_succeeds_and_21_fails_without_narrowing_declarations ... ok
#13 12.55 test derives_every_pve_field_and_retains_effective_capacity ... ok
#13 12.56 test non_pve_inputs_change_workflow_digest_without_changing_pve_subset ... ok
#13 12.56 
#13 12.56 test result: ok. 3 passed; 0 failed; 0 ignored; 0 measured; 0 filtered out; finished in 0.03s
#13 12.56 
#13 12.56      Running tests/restore.rs (rust-controller/target/debug/deps/restore-0729e2d8a051344c)
#13 12.58 
#13 12.58 running 14 tests
#13 12.67 test broad_serial_declaration_restores_but_does_not_grant_dispatch_compatibility ... ok
#13 12.67 test equivalent_json_layout_roundtrips_but_wrong_or_noncanonical_hashes_do_not ... ok
#13 12.68 test constructors_revalidate_identities_resources_and_input_limits ... ok
#13 12.70 test every_object_rejects_unknown_fields_scalars_null_and_positional_arrays ... ok
#13 12.71 test fixed_fields_cannot_be_changed_even_with_a_matching_forged_digest ... ok
#13 12.71 test input_limit_counts_utf8_bytes_and_accepts_exactly_65536 ... ok
#13 12.72 test nonintegral_retained_capacity_and_phase_policy_boundaries_roundtrip ... ok
#13 12.73 test normalized_and_derived_claims_cannot_be_forged ... ok
#13 12.73 test rejects_duplicate_fields_before_value_normalization ... ok
#13 12.73 test rejects_malformed_trailing_and_deep_json_with_payload_free_errors ... ok
#13 12.73 test restores_complete_admitted_plan ... ok
#13 12.74 test valid_source_fallback_and_all_required_null_payloads_roundtrip ... ok
#13 12.77 test every_string_field_rejects_enum_objects_numbers_booleans_and_null ... ok
#13 12.77 test every_top_level_and_nested_field_is_required_unique_and_typed ... ok
#13 12.77 
#13 12.77 test result: ok. 14 passed; 0 failed; 0 ignored; 0 measured; 0 filtered out; finished in 0.20s
#13 12.77 
#13 12.77      Running tests/stages.rs (rust-controller/target/debug/deps/stages-c4eb203200bb9436)
#13 12.79 
#13 12.79 running 4 tests
#13 12.80 test only_ensure_stopped_has_the_guarded_escalation_dependency ... ok
#13 12.80 test stage_kinds_preserve_mutation_callback_observation_and_guest_boundaries ... ok
#13 12.80 test fixed_manifest_preserves_all_sixteen_operation_identities_in_order ... ok
#13 12.80 test serialization_pins_every_stage_kind_and_dependency_encoding ... ok
#13 12.80 
#13 12.80 test result: ok. 4 passed; 0 failed; 0 ignored; 0 measured; 0 filtered out; finished in 0.02s
#13 12.80 
#13 12.80      Running tests/start_pe_arming.rs (rust-controller/target/debug/deps/start_pe_arming-dc975f0c206b9a32)
#13 12.82 
#13 12.82 running 1 test
#13 12.83 test arming_preserves_original_deadline_and_never_invents_authenticated_witness ... ok
#13 12.83 
#13 12.83 test result: ok. 1 passed; 0 failed; 0 ignored; 0 measured; 0 filtered out; finished in 0.01s
#13 12.83 
#13 12.83      Running tests/verify_qga_boundary.rs (rust-controller/target/debug/deps/verify_qga_boundary-6794d61ebc9f1670)
#13 12.84 
#13 12.84 running 1 test
#13 12.85 test reports_cannot_forge_host_authentication_or_replace_receipt_binding ... ok
#13 12.85 
#13 12.85 test result: ok. 1 passed; 0 failed; 0 ignored; 0 measured; 0 filtered out; finished in 0.01s
#13 12.85 
#13 12.85      Running tests/watchdog_boundary.rs (rust-controller/target/debug/deps/watchdog_boundary-3b9a5a9f645ab61c)
#13 12.86 
#13 12.86 running 1 test
#13 12.87 test watchdog_claims_cannot_replace_authenticated_predecessor_or_agent ... ok
#13 12.87 
#13 12.87 test result: ok. 1 passed; 0 failed; 0 ignored; 0 measured; 0 filtered out; finished in 0.01s
#13 12.87 
#13 12.87    Doc-tests osdeploy_adapter
#13 13.19 
#13 13.19 running 6 tests
#13 13.44 test crates/osdeploy-adapter/src/input_values.rs - input_values::PhasePolicy (line 124) - compile fail ... ok
#13 13.44 test crates/osdeploy-adapter/src/input_values.rs - input_values::DiskCapacity (line 9) - compile fail ... ok
#13 13.44 test crates/osdeploy-adapter/src/plan.rs - plan::OsDeployPlanV1 (line 87) - compile fail ... ok
#13 13.69 test crates/osdeploy-adapter/src/plan.rs - plan::OsDeployPlanV1 (line 94) - compile fail ... ok
#13 13.69 test crates/osdeploy-adapter/src/plan.rs - plan::PayloadDeclaration (line 24) - compile fail ... ok
#13 13.69 test crates/osdeploy-adapter/src/plan.rs - plan::PayloadDeclaration (line 17) - compile fail ... ok
#13 13.69 
#13 13.69 test result: ok. 6 passed; 0 failed; 0 ignored; 0 measured; 0 filtered out; finished in 0.51s
#13 13.69 
#13 DONE 14.1s

#14 [11/12] RUN cargo test --offline --locked --manifest-path rust-controller/Cargo.toml -p controller-service --bin controller-service config:: && cargo test --offline --locked --manifest-path rust-controller/Cargo.toml -p controller-service --bin controller-service health:: && cargo test --offline --locked --manifest-path rust-controller/Cargo.toml -p controller-service --bin controller-service pve_credentials:: && cargo test --offline --locked --manifest-path rust-controller/Cargo.toml -p controller-service --bin controller-service pve_observation:: && cargo test --offline --locked --manifest-path rust-controller/Cargo.toml -p controller-service --bin controller-service infrastructure_ && cargo test --offline --locked --manifest-path rust-controller/Cargo.toml -p controller-service --bin controller-service runtime::tests::observation_loop && cargo test --offline --locked --manifest-path rust-controller/Cargo.toml -p controller-service --bin controller-service runtime::tests::runtime_defensively && cargo test --offline --locked --manifest-path rust-controller/Cargo.toml -p controller-service --test service -- --skip observation_service::authenticated_service_is_visible_but_never_execution_ready_or_a_writer --skip observation_service::infrastructure_service::selected_node_service_is_independent_and_never_a_writer
#14 0.608    Compiling pve-port v0.1.0 (/workspace/rust-controller/crates/pve-port)
#14 4.792    Compiling osdeploy-adapter v0.1.0 (/workspace/rust-controller/crates/osdeploy-adapter)
#14 6.224    Compiling postgres-store v0.1.0 (/workspace/rust-controller/crates/postgres-store)
#14 9.965    Compiling scheduler v0.1.0 (/workspace/rust-controller/crates/scheduler)
#14 10.17    Compiling ansible-adapter v0.1.0 (/workspace/rust-controller/crates/ansible-adapter)
#14 12.40    Compiling controller-service v0.1.0 (/workspace/rust-controller/crates/controller-service)
#14 18.19     Finished `test` profile [unoptimized + debuginfo] target(s) in 17.94s
#14 18.21      Running unittests src/main.rs (rust-controller/target/debug/deps/controller_service-2d9996bda34b75cf)
#14 18.23 
#14 18.23 running 11 tests
#14 18.29 test config::tests::explicit_remote_reads_are_limited_to_observe_mode ... ok
#14 18.29 test config::tests::observation_fake_defaults_without_file_and_http_requires_nonempty_file ... ok
#14 18.29 test config::tests::normalized_literal_loopback_endpoints_are_allowed_without_opt_in ... ok
#14 18.29 test config::tests::observe_requires_explicit_production_read_permission ... ok
#14 18.29 test config::tests::rejects_production_controller_in_adapter_mode ... ok
#14 18.29 test config::tests::observation_rechecks_database_boundary_before_file_reference ... ok
#14 18.29 test config::tests::selected_node_factory_preserves_selection_and_absence ... ok
#14 18.29 test config::tests::selected_node_presence_is_rejected_under_fake ... ok
#14 18.29 test config::tests::unapproved_observe_rejects_database_and_pve_aliases_before_construction ... ok
#14 18.29 test config::tests::selected_node_rejects_invalid_values_before_token_reference ... ok
#14 18.30 test config::tests::observation_gates_before_loader_matrix ... ok
#14 18.30 
#14 18.30 test result: ok. 11 passed; 0 failed; 0 ignored; 0 measured; 47 filtered out; finished in 0.07s
#14 18.30 
#14 18.73     Finished `test` profile [unoptimized + debuginfo] target(s) in 0.31s
#14 18.74      Running unittests src/main.rs (rust-controller/target/debug/deps/controller_service-2d9996bda34b75cf)
#14 18.76 
#14 18.76 running 9 tests
#14 18.83 test health::tests::observation_freshness_expires_monotonically_and_failure_cannot_reuse_last_success ... ok
#14 18.85 test health::tests::fresh_http_observation_cannot_mask_execution_failure_or_database_failure ... ok
#14 18.85 test infrastructure_health::tests::component_freshness_has_exact_boundary_and_snapshots_do_not_refresh_it ... ok
#14 18.87 test infrastructure_health::tests::each_failed_component_retains_last_success_without_granting_readiness ... ok
#14 18.87 test infrastructure_health::tests::missing_component_fields_cannot_set_success_or_readiness ... ok
#14 18.87 test infrastructure_health::tests::node_ages_independently_of_later_network_completion ... ok
#14 18.88 test infrastructure_health::tests::serialized_health_contains_only_sanitized_components_and_fixed_coverage ... ok
#14 18.92 test health::tests::readiness_exposes_only_sanitized_operational_facts ... ok
#14 18.92 test health::tests::readiness_requires_current_dependencies_and_real_sweep_progress ... ok
#14 18.92 
#14 18.92 test result: ok. 9 passed; 0 failed; 0 ignored; 0 measured; 49 filtered out; finished in 0.16s
#14 18.92 
#14 19.38     Finished `test` profile [unoptimized + debuginfo] target(s) in 0.34s
#14 19.39      Running unittests src/main.rs (rust-controller/target/debug/deps/controller_service-2d9996bda34b75cf)
#14 19.41 
#14 19.41 running 6 tests
#14 19.45 test pve_credentials::tests::credential_metadata_rejects_effective_owner_mismatch_without_chown ... ok
#14 19.45 test pve_credentials::tests::credential_read_cap_rejects_growth_after_metadata_check ... ok
#14 19.48 test pve_credentials::tests::credential_rejects_missing_symlink_directory_and_exposed_permissions ... ok
#14 19.48 test pve_credentials::tests::credential_fifo_is_nonblocking_and_errors_do_not_leak_to_stderr ... ok
#14 19.49 test pve_credentials::tests::credential_valid_0600_redacts_token_and_accepts_exact_size_limit ... ok
#14 19.49 test pve_credentials::tests::credential_rejects_oversize_and_strict_json_or_token_failures ... ok
#14 19.49 
#14 19.49 test result: ok. 6 passed; 0 failed; 0 ignored; 0 measured; 52 filtered out; finished in 0.08s
#14 19.49 
#14 20.16     Finished `test` profile [unoptimized + debuginfo] target(s) in 0.53s
#14 20.19      Running unittests src/main.rs (rust-controller/target/debug/deps/controller_service-2d9996bda34b75cf)
#14 20.22 
#14 20.22 running 5 tests
#14 20.38 test pve_observation::tests::caller_cancellation_drops_the_only_inflight_read ... ok
#14 20.81 test pve_observation::tests::errors_have_fixed_status_with_no_timestamp_or_counts ... ok
#14 20.86 test pve_observation::tests::summaries_serialize_only_classified_counts_and_unverified_coverage ... ok
#14 22.52 test pve_observation::tests::production_constructor_enforces_two_second_request_timeout ... ok
#14 23.32 test pve_observation::tests::collection_deadline_drops_pending_read_at_three_seconds ... ok
#14 23.32 
#14 23.32 test result: ok. 5 passed; 0 failed; 0 ignored; 0 measured; 53 filtered out; finished in 3.10s
#14 23.32 
#14 23.85     Finished `test` profile [unoptimized + debuginfo] target(s) in 0.39s
#14 23.86      Running unittests src/main.rs (rust-controller/target/debug/deps/controller_service-2d9996bda34b75cf)
#14 23.88 
#14 23.88 running 19 tests
#14 23.90 test infrastructure_health::tests::component_freshness_has_exact_boundary_and_snapshots_do_not_refresh_it ... ok
#14 23.91 test infrastructure_health::tests::each_failed_component_retains_last_success_without_granting_readiness ... ok
#14 23.91 test infrastructure_health::tests::missing_component_fields_cannot_set_success_or_readiness ... ok
#14 23.91 test infrastructure_health::tests::node_ages_independently_of_later_network_completion ... ok
#14 23.92 test infrastructure_health::tests::serialized_health_contains_only_sanitized_components_and_fixed_coverage ... ok
#14 24.06 test infrastructure_observation::tests::cancellation_drops_active_read_and_starts_no_later_read ... ok
#14 24.06 test infrastructure_observation::tests::delayed_repoll_respects_each_call_deadline ... ok
#14 24.06 test infrastructure_observation::tests::each_error_is_fixed_and_independent_of_the_other_component ... ok
#14 24.06 test infrastructure_observation::tests::constructor_requires_explicit_selection ... ok
#14 24.06 test infrastructure_observation::tests::each_pending_call_is_dropped_at_two_seconds ... ok
#14 24.06 test infrastructure_observation::tests::expired_whole_deadline_cancels_without_starting_network ... ok
#14 24.06 test infrastructure_observation::tests::expired_whole_deadline_discards_an_earlier_success ... ok
#14 24.07 test infrastructure_observation::tests::network_degrades_only_for_rejected_rows ... ok
#14 24.07 test infrastructure_observation::tests::two_pending_reads_finish_in_four_seconds_without_retry ... ok
#14 24.08 test infrastructure_observation::tests::zero_and_missing_uptime_are_fresh_with_distinct_knowledge ... ok
#14 24.09 test infrastructure_observation::tests::successful_pair_sanitizes_counts_and_captures_each_completion ... ok
#14 24.10 test runtime::tests::infrastructure_loop_shutdown_before_start_issues_no_request ... ok
#14 24.12 test runtime::tests::infrastructure_loop_is_immediate_ten_second_skip_and_joins_cancelled_read ... ok
#14 24.15 test infrastructure_observation::tests::production_constructor_uses_only_authenticated_selected_node_gets ... ok
#14 24.15 
#14 24.15 test result: ok. 19 passed; 0 failed; 0 ignored; 0 measured; 39 filtered out; finished in 0.27s
#14 24.15 
#14 24.61     Finished `test` profile [unoptimized + debuginfo] target(s) in 0.34s
#14 24.63      Running unittests src/main.rs (rust-controller/target/debug/deps/controller_service-2d9996bda34b75cf)
#14 24.65 
#14 24.65 running 1 test
#14 24.67 test runtime::tests::observation_loop_bounds_cadence_skips_missed_ticks_and_cancels_inflight_read ... ok
#14 24.67 
#14 24.67 test result: ok. 1 passed; 0 failed; 0 ignored; 0 measured; 57 filtered out; finished in 0.02s
#14 24.67 
#14 25.08     Finished `test` profile [unoptimized + debuginfo] target(s) in 0.28s
#14 25.09      Running unittests src/main.rs (rust-controller/target/debug/deps/controller_service-2d9996bda34b75cf)
#14 25.10 
#14 25.10 running 1 test
#14 25.12 test runtime::tests::runtime_defensively_denies_observation_in_adapter_before_credential_io ... ok
#14 25.12 
#14 25.12 test result: ok. 1 passed; 0 failed; 0 ignored; 0 measured; 57 filtered out; finished in 0.02s
#14 25.13 
#14 25.49    Compiling controller-service v0.1.0 (/workspace/rust-controller/crates/controller-service)
#14 31.64     Finished `test` profile [unoptimized + debuginfo] target(s) in 6.42s
#14 31.66      Running tests/service.rs (rust-controller/target/debug/deps/service-4c5502dba56201eb)
#14 31.68 
#14 31.68 running 52 tests
#14 31.78 test http_observe_missing_credentials_fails_before_local_io ... ok
#14 31.79 test native_startup_fails_before_local_io_even_with_read_permission ... ok
#14 33.86 test live_server_survives_database_failure_and_sanitizes_readiness ... ok
#14 34.04 test observation_service::infrastructure_service::selected_node_startup_denials_precede_owned_canaries_and_listener ... ok
#14 34.09 test observation_service::http_observation_remains_fresh_when_database_is_unavailable ... ok
#14 34.16 test observation_service::local_postgres::cleanup_tests::cancellation_before_create_receipt_recovers_owned_container ... ok
#14 34.27 test observation_service::local_postgres::cleanup_tests::explicit_cleanup_and_drop_attempt_owned_removal_only_once ... ok
#14 34.34 test observation_service::local_postgres::cleanup_tests::lost_create_response_recovers_only_verified_owned_id ... ok
#14 34.42 test observation_service::local_postgres::cleanup_tests::storage_refusal_preserves_one_shot_container_only_cleanup ... ok
#14 34.60 test observation_service::local_postgres::cleanup_tests::wrong_ownership_or_ambiguous_absence_never_removes_a_target ... ok
#14 34.60 test observation_service::local_postgres::docker_storage_probe::tests::capacity_requires_actual_fixed_tmpfs_and_reserve ... ok
#14 34.60 test observation_service::local_postgres::docker_storage_probe::tests::event_cutoff_preserves_subsecond_query_boundary ... ok
#14 34.60 test observation_service::local_postgres::docker_storage_probe::tests::memory_requires_numeric_complete_non_oom_counters ... ok
#14 34.60 test observation_service::local_postgres::docker_storage_probe::tests::retained_events_require_a_bracket_without_attributed_mounts ... ok
#14 34.60 test observation_service::local_postgres::linux_postgres::owned_linux_tests::owned_linux_active_create_lock_refuses_even_absent_name ... ignored, requires the owned Linux fixture namespace
#14 34.60 test observation_service::local_postgres::linux_postgres::owned_linux_tests::owned_linux_cancel_before_create_reaps_and_confirms_absence ... ignored, requires the owned Linux fixture namespace
#14 34.60 test observation_service::local_postgres::linux_postgres::owned_linux_tests::owned_linux_cancel_unmarked_create_retains_unconfirmed_database ... ignored, requires the owned Linux fixture namespace
#14 34.60 test observation_service::local_postgres::linux_postgres::owned_linux_tests::owned_linux_create_identity_independent_pools_and_open_pool_cleanup ... ignored, requires the owned Linux fixture namespace
#14 34.60 test observation_service::local_postgres::linux_postgres::owned_linux_tests::owned_linux_foreign_marker_retains_database ... ignored, requires the owned Linux fixture namespace
#14 34.60 test observation_service::local_postgres::linux_postgres::owned_linux_tests::owned_linux_foreign_receipt_and_namespace_refuse_mutation ... ignored, requires the owned Linux fixture namespace
#14 34.60 test observation_service::local_postgres::linux_postgres::owned_linux_tests::owned_linux_lost_stamped_response_recovers_only_full_marker ... ignored, requires the owned Linux fixture namespace
#14 34.60 test observation_service::local_postgres::linux_postgres::owned_linux_tests::owned_linux_matching_marker_wrong_oid_retains_database ... ignored, requires the owned Linux fixture namespace
#14 34.60 test observation_service::local_postgres::linux_postgres::owned_linux_tests::owned_linux_setup_cancellation_drops_child_before_one_shot_guard_cleanup ... ignored, requires the owned Linux fixture namespace
#14 34.61 test observation_service::local_postgres::linux_postgres::tests::cleanup_requires_exact_confirmed_absence_record ... ok
#14 34.61 test observation_service::local_postgres::linux_postgres::tests::create_response_only_confirms_exact_identity_and_positive_oid ... ok
#14 34.61 test observation_service::local_postgres::linux_postgres::tests::database_identity_is_generated_and_bounded ... ok
#14 34.61 test observation_service::local_postgres::linux_postgres::tests::mode_is_explicit_and_platform_scoped ... ok
#14 34.61 test observation_service::local_postgres::linux_postgres::tests::overrides_and_noncanonical_mode_never_select_a_backend ... ok
#14 34.61 test observation_service::local_postgres::linux_postgres::tests::receipt_is_exact_canonical_and_duplicate_free ... ok
#14 34.61 test observation_service::local_postgres::linux_postgres::tests::receipt_rejects_each_schema_type_identity_and_encoding_violation ... ok
#14 34.73 test observation_service::local_postgres::process::tests::cancelled_readiness_and_caller_panic_join_and_reap_fault_supervisor ... ok
#14 34.81 test observation_service::local_postgres::process::tests::child_hang_obeys_timeout_and_is_reaped ... ok
#14 34.87 test observation_service::infrastructure_service::selected_node_service_stays_fresh_without_database ... ok
#14 34.95 test observation_service::local_postgres::process::tests::cleanup_child_hang_shares_one_budget_with_reaping ... ok
#14 34.99 test observation_service::local_postgres::process::tests::direct_drop_terminates_and_reaps_child ... ok
#14 34.99 test observation_service::local_postgres::process::tests::expired_reap_deadline_polls_once_without_reset_or_false_success ... ok
#14 35.48 test observation_service::local_postgres::process::tests::fault_output_overflow_after_readiness_reaps_before_owner_drop ... ok
#14 35.91 test observation_service::local_postgres::process::tests::delayed_fault_startup_does_not_reset_original_deadline ... ok
#14 36.13 test observation_service::local_postgres::process::tests::fault_supervision_progresses_during_synchronous_cleanup ... ok
#14 36.40 test observation_service::local_postgres::process::tests::linux_invocation_rejects_timeout_widening_and_invalid_protocol_without_admission ... ok
#14 36.45 test observation_service::local_postgres::process::tests::interpreter_startup_exhaustion_reaps_before_readiness_or_owner_drop ... ok
#14 36.45 test observation_service::local_postgres::process::tests::output_is_size_bounded_and_overflow_reaps_child ... ok
#14 36.71 test observation_service::local_postgres::process::tests::owned_log_capture_combines_streams_and_bounds_overflow_and_cancellation ... ok
#14 36.79 test observation_service::local_postgres::process::tests::stalled_setup_child_obeys_current_thread_timeout ... ok
#14 36.79 test observation_service::local_postgres::storage_tests::actual_launch_selects_fixed_bounded_pgdata_tmpfs ... ok
#14 36.79 test observation_service::local_postgres::storage_tests::both_bounded_tmpfs_representations_are_admitted ... ok
#14 36.79 test observation_service::local_postgres::storage_tests::ownership_valid_persistent_pgdata_is_refused ... ok
#14 36.80 test observation_service::local_postgres::storage_tests::storage_projection_rejects_each_wrong_field_and_failed_output ... ok
#14 36.90 test real_transport_startup_fails_before_local_io_even_with_read_permission ... ok
#14 37.09 test observation_service::local_postgres::process::tests::retained_ready_fault_is_reaped_before_owner_drop ... ok
#14 38.05 test remote_pve_and_database_startup_targets_are_denied ... ok
#14 39.90 test observation_service::local_postgres::cleanup_tests::cancellation_runs_finite_drop_cleanup_and_reaps_hung_inspector ... ok
#14 39.90 
#14 39.90 test result: ok. 43 passed; 0 failed; 9 ignored; 0 measured; 2 filtered out; finished in 8.22s
#14 39.90 
#14 DONE 40.3s

#15 [12/12] RUN sed -i '1s|^#! */usr/bin/python3$|#!/usr/bin/python3|' /usr/bin/ansible-playbook
#15 DONE 0.3s

#16 exporting to image
#16 exporting layers
#16 exporting layers 194.5s done
#16 exporting manifest sha256:f08980e94b3c31b4d19b3bc111d7d22a4bff564746645360ab9ad656f907ab91
#16 exporting manifest sha256:f08980e94b3c31b4d19b3bc111d7d22a4bff564746645360ab9ad656f907ab91 0.0s done
#16 exporting config sha256:e46fc731dfb493842e7d2ba58d4d995306e0e720c105d8f41795550d8a53829b 0.0s done
#16 exporting attestation manifest sha256:05337915ce822d8787d14eb3b205197fed9bd80e8f2ffb015f0d60a50e8c39d4 0.0s done
#16 exporting manifest list sha256:02b2be47b0f6dc726ff6e32e1beb2c25d59c2438a5572ba72ab56e699363a0ff 0.0s done
#16 naming to docker.io/library/rust-controller-task9:local done
#16 DONE 194.6s
